"chemblId","target__name","reference","bioactivity__type","assay__description","Activity_value","Smiles"
"CHEMBL545471","Glutamate [NMDA] receptor","J. Med. Chem., (1990) 33:9:2421","IC50","In vitro inhibitory activity against [3H]-TCP binding to PCP receptor in guinea pig brain membrane homogenates",10000.0,"CNC(=N)NC"
"CHEMBL145728","Glutamate [NMDA] receptor","Bioorg. Med. Chem. Lett., (1993) 3:1:43","IC50","Tested in vitro for the affinity against NMDA receptor in a cortical wedge assay",100000.0,"N[C@H](Cc1nnn[nH]1)C(=O)O"
"CHEMBL357426","Glutamate [NMDA] receptor","Bioorg. Med. Chem. Lett., (1993) 3:1:43","IC50","Tested in vitro for the affinity against NMDA receptor in a cortical wedge assay",100000.0,"N[C@@H](Cc1nnn[nH]1)C(=O)O"
"CHEMBL102740","Glutamate [NMDA] receptor","Bioorg. Med. Chem. Lett., (1998) 8:24:3459","IC50","Ability to inhibit MK-801 binding to NMDA receptor in the presence of 100 uM of spermidine was determined",79980.0,"N=C(N)NCCCCNC(=N)N"
"CHEMBL141985","Glutamate [NMDA] receptor","Bioorg. Med. Chem. Lett., (1993) 3:1:43","IC50","Tested in vitro for the affinity against NMDA receptor by examining its ability to inhibit [3H]-CGS-19,755 binding",1601.0,"N[C@@H](CCc1nnn[nH]1)C(=O)O"
"CHEMBL146168","Glutamate [NMDA] receptor","Bioorg. Med. Chem. Lett., (1993) 3:1:43","IC50","Tested in vitro for the affinity against NMDA receptor in a cortical wedge assay",31600.0,"N[C@H](CCc1nnn[nH]1)C(=O)O"
"CHEMBL282672","Glutamate [NMDA] receptor","J. Med. Chem., (2003) 46:9:1609","IC50","Compound was tested for inhibition of [3H]DCKA binding to N-methyl-D-aspartate glutamate receptor",9.77237220956E9,"Oc1nc2ccccc2nc1O"
"CHEMBL543123","Glutamate [NMDA] receptor","J. Med. Chem., (1990) 33:9:2421","IC50","In vitro inhibitory activity against [3H]-TCP binding to PCP receptor in guinea pig brain membrane homogenates",10000.0,"NC1=NCCN1c1ccccc1"
"CHEMBL80081","Glutamate [NMDA] receptor","J. Med. Chem., (1990) 33:9:2421","IC50","In vitro inhibitory activity against [3H]-TCP binding to PCP receptor in guinea pig brain membrane homogenates",49000.0,"CCCCNC(=N)NCCCC"
"CHEMBL84612","Glutamate [NMDA] receptor","Bioorg. Med. Chem. Lett., (1993) 3:1:43","IC50","Tested in vitro for the affinity against NMDA receptor in a cortical wedge assay",3700.0,"N[C@H](CCCP(=O)(O)O)C(=O)O"
"CHEMBL13378","Glutamate [NMDA] receptor","J. Med. Chem., (1997) 40:18:2831","IC50","In vitro binding affinity against N-methyl-D-aspartate glutamate receptor using [3H]-CPG 39653 as radioligand",100000.0,"Cc1onc(O)c1CC(N)C(=O)O"
"CHEMBL21641","Glutamate [NMDA] receptor","J. Med. Chem., (2003) 46:9:1609","IC50","Compound was tested for inhibition of [3H]DCKA binding to N-methyl-D-aspartate glutamate receptor",1.77827941004E9,"Oc1nc2ccc(Cl)cc2nc1O"
"CHEMBL29811","Glutamate [NMDA] receptor","Bioorg. Med. Chem. Lett., (1993) 3:1:27","IC50","Tested for the inhibitory activity by the inhibition of excitatory L-[3H]Glutamate binding to NMDA recognition sites",25.7,"C/C(=C\C(N)C(=O)O)CP(=O)(O)O"
"CHEMBL541604","Glutamate [NMDA] receptor","Bioorg. Med. Chem. Lett., (1993) 3:1:43","IC50","Tested in vitro for the affinity against NMDA receptor by examining its ability to inhibit [3H]-CGS-19,755 binding",1055.0,"NC(CCCc1nnn[nH]1)C(=O)O"
"CHEMBL22720","Glutamate [NMDA] receptor","J. Med. Chem., (2003) 46:9:1609","IC50","Compound was tested for inhibition of [3H]DCKA binding to N-methyl-D-aspartate glutamate receptor",3.31131121483E9,"Cc1cc2nc(O)c(O)nc2cc1C"
"CHEMBL282003","Glutamate [NMDA] receptor","J. Med. Chem., (2003) 46:9:1609","IC50","Compound was tested for inhibition of [3H]DCKA binding to N-methyl-D-aspartate glutamate receptor",2.8183829313E8,"Oc1nc2cc(Cl)cc(Cl)c2nc1O"
"CHEMBL284028","Glutamate [NMDA] receptor","J. Med. Chem., (2003) 46:9:1609","IC50","Compound was tested for inhibition of [3H]DCKA binding to N-methyl-D-aspartate glutamate receptor",1.2882495517E8,"Oc1nc2cc(Cl)c(Cl)cc2nc1O"
"CHEMBL288384","Glutamate [NMDA] receptor","J. Med. Chem., (2003) 46:9:1609","IC50","Compound was tested for inhibition of [3H]DCKA binding to N-methyl-D-aspartate glutamate receptor",1.28824955169E9,"Cc1cc2nc(O)c(O)nc2cc1Cl"
"CHEMBL296068","Glutamate [NMDA] receptor","J. Med. Chem., (2003) 46:9:1609","IC50","Compound was tested for inhibition of [3H]DCKA binding to N-methyl-D-aspartate glutamate receptor",2.08929613085E9,"Cc1cc(C)c2nc(O)c(O)nc2c1"
"CHEMBL302783","Glutamate [NMDA] receptor","Bioorg. Med. Chem. Lett., (1993) 3:1:43","IC50","Tested in vitro for the affinity against NMDA receptor in a cortical wedge assay",11100.0,"N[C@H](CCCCCP(=O)(O)O)C(=O)O"
"CHEMBL311074","Glutamate [NMDA] receptor","J. Med. Chem., (1990) 33:9:2421","IC50","In vitro inhibitory activity against [3H](+)-MK-801 binding to PCP receptor in guinea pig brain membrane homogenates",10000.0,"Nc1nc2cccc3cccc([nH]1)c32"
"CHEMBL39664","Glutamate [NMDA] receptor","Bioorg. Med. Chem. Lett., (1993) 3:1:43","IC50","Tested in vitro for the affinity against NMDA receptor in a cortical wedge assay",1600.0,"O=C(O)[C@@H]1C[C@H](CP(=O)(O)O)CCN1"
"CHEMBL42071","Glutamate [NMDA] receptor","J. Med. Chem., (2003) 46:9:1609","IC50","Compound was tested for inhibition of [3H]DCKA binding to N-methyl-D-aspartate glutamate receptor",1.41253754462E9,"O=Nc1c(O)nc2ccccc2c1O"
"CHEMBL43910","Glutamate [NMDA] receptor","J. Med. Chem., (2003) 46:9:1609","IC50","Compound was tested for inhibition of [3H]DCKA binding to N-methyl-D-aspartate glutamate receptor",1.0E11,"Oc1cc2nc(O)c(O)nc2cc1O"
"CHEMBL544390","Glutamate [NMDA] receptor","Bioorg. Med. Chem. Lett., (1993) 3:1:43","IC50","Tested in vitro for the affinity against NMDA receptor by examining its ability to inhibit [3H]-CGS-19,755 binding",10030.0,"NC(CCCCc1nnn[nH]1)C(=O)O"
"CHEMBL131272","Glutamate [NMDA] receptor","J. Med. Chem., (1994) 37:24:4053","IC50","Compound was evaluated for in vitro inhibition of myenteric plexus, guinea pig at NMDA receptor",5000.0,"O=C(O)c1cc(S)c2ccc(Cl)cc2n1"
"CHEMBL145362","Glutamate [NMDA] receptor","Bioorg. Med. Chem. Lett., (1993) 3:1:43","IC50","Tested in vitro for the affinity against NMDA receptor in a cortical wedge assay",8200.0,"O=C(O)C1CN(Cc2nn[nH]n2)CCN1"
"CHEMBL173031","Glutamate [NMDA] receptor","Bioorg. Med. Chem. Lett., (1993) 3:1:43","IC50","Tested in vitro for the affinity against NMDA receptor in a cortical wedge assay",4200.0,"O=C(O)[C@H]1C[C@@H](Cc2nnn[nH]2)CCN1"
"CHEMBL295154","Glutamate [NMDA] receptor","J. Med. Chem., (2003) 46:9:1609","IC50","Compound was tested for inhibition of [3H]DCKA binding to N-methyl-D-aspartate glutamate receptor",5.248074602E7,"O=Nc1c(O)nc2cc(Cl)ccc2c1O"
"CHEMBL295995","Glutamate [NMDA] receptor","J. Med. Chem., (2003) 46:9:1609","IC50","Compound was tested for inhibition of [3H]DCKA binding to N-methyl-D-aspartate glutamate receptor",1.5135612484E8,"Cc1c(Cl)cc2nc(O)c(O)nc2c1N"
"CHEMBL296577","Glutamate [NMDA] receptor","J. Med. Chem., (2003) 46:9:1609","IC50","Compound was tested for inhibition of [3H]DCKA binding to N-methyl-D-aspartate glutamate receptor",3.388441561392E10,"O=[N+]([O-])c1c(O)nc2ccccc2c1O"
"CHEMBL357463","Glutamate [NMDA] receptor","Bioorg. Med. Chem. Lett., (1993) 3:1:43","IC50","Tested in vitro for the affinity against NMDA receptor in a cortical wedge assay",100000.0,"NC(CCCCCc1nnn[nH]1)C(=O)O"
"CHEMBL42057","Glutamate [NMDA] receptor","J. Med. Chem., (2003) 46:9:1609","IC50","Compound was tested for inhibition of [3H]DCKA binding to N-methyl-D-aspartate glutamate receptor",4.3651583224E9,"O=Nc1c(O)nc2cccc(Cl)c2c1O"
"CHEMBL42329","Glutamate [NMDA] receptor","J. Med. Chem., (2003) 46:9:1609","IC50","Compound was tested for inhibition of [3H]DCKA binding to N-methyl-D-aspartate glutamate receptor",6.3095734448E8,"Oc1nc2cc(F)c(Cl)c(F)c2nc1O"
"CHEMBL42482","Glutamate [NMDA] receptor","J. Med. Chem., (2003) 46:9:1609","IC50","Compound was tested for inhibition of [3H]DCKA binding to N-methyl-D-aspartate glutamate receptor",1.41253754462E9,"CCc1cc2nc(O)c(O)nc2cc1Cl"
"CHEMBL43318","Glutamate [NMDA] receptor","J. Med. Chem., (2003) 46:9:1609","IC50","Compound was tested for inhibition of [3H]DCKA binding to N-methyl-D-aspartate glutamate receptor",3.38844156139E9,"O=Nc1c(O)nc2ccc(Cl)cc2c1O"
"CHEMBL43846","Glutamate [NMDA] receptor","J. Med. Chem., (2003) 46:9:1609","IC50","Compound was tested for inhibition of [3H]DCKA binding to N-methyl-D-aspartate glutamate receptor",2.951209227E7,"Oc1nc2cc(Cl)c(Cl)c(Cl)c2nc1O"
"CHEMBL43875","Glutamate [NMDA] receptor","J. Med. Chem., (2003) 46:9:1609","IC50","Compound was tested for inhibition of [3H]DCKA binding to N-methyl-D-aspartate glutamate receptor",1.0E11,"Oc1nc2cc3c(cc2nc1O)OCO3"
"CHEMBL43918","Glutamate [NMDA] receptor","J. Med. Chem., (2003) 46:9:1609","IC50","Compound was tested for inhibition of [3H]DCKA binding to N-methyl-D-aspartate glutamate receptor",1.0E11,"O=Nc1c(O)nc2c(Cl)cccc2c1O"
"CHEMBL442545","Glutamate [NMDA] receptor","J. Med. Chem., (2003) 46:9:1609","IC50","Compound was tested for inhibition of [3H]DCKA binding to N-methyl-D-aspartate glutamate receptor",1.479108388168E10,"Oc1nc2cc3c(cc2nc1O)CCC3"
"CHEMBL553334","Glutamate [NMDA] receptor","J. Med. Chem., (2003) 46:9:1609","IC50","Compound was tested for inhibition of [3H]DCKA binding to N-methyl-D-aspartate glutamate receptor",1.0E9,"COc1cc2nc(O)c(O)nc2cc1Br"
"CHEMBL556021","Glutamate [NMDA] receptor","J. Med. Chem., (1990) 33:9:2421","IC50","In vitro inhibitory activity against [3H](+)-MK-801 binding to PCP receptor in guinea pig brain membrane homogenates",9600.0,"CC(C)(C)/N=C(\N)Nc1ccccc1I"
"CHEMBL115850","Glutamate [NMDA] receptor","Bioorg. Med. Chem. Lett., (1998) 8:24:3459","IC50","Ability to inhibit MK-801 binding to NMDA receptor in the presence of 100 uM of spermidine was determined",7090.0,"N=C(N)NCc1cccc(CNC(=N)N)c1"
"CHEMBL117463","Glutamate [NMDA] receptor","Bioorg. Med. Chem. Lett., (1998) 8:24:3459","IC50","Ability to inhibit MK-801 binding to NMDA receptor in the presence of 100 uM of spermidine was determined",49300.0,"N=C(N)NCc1cccc(CNC(=N)N)n1"
"CHEMBL12706","Glutamate [NMDA] receptor","Bioorg. Med. Chem. Lett., (2002) 12:7:1099","IC50","In vitro inhibitory activity at 1 uM concentration against N-methyl-D-aspartate glutamate receptor, using [3H]CGP-39653 binding assay",250.0,"O=C(O)Cc1cccc2nc(O)c(O)nc12"
"CHEMBL130213","Glutamate [NMDA] receptor","Bioorg. Med. Chem. Lett., (1993) 3:1:77","IC50","Tested for the affinity to the glycine site -NMDA receptor using [3H]Gly as radioligand.",460.0,"O=C(O)c1nc2cc(Cl)c(Cl)cc2nc1O"
"CHEMBL145406","Glutamate [NMDA] receptor","Bioorg. Med. Chem. Lett., (1993) 3:1:43","IC50","Tested in vitro for the affinity against NMDA receptor in a cortical wedge assay",4700.0,"O=C(O)C1CN(CCc2nnn[nH]2)CCN1"
"CHEMBL22304","Glutamate [NMDA] receptor","Bioorg. Med. Chem. Lett., (1993) 3:1:43","IC50","Tested in vitro for the affinity against NMDA receptor in a cortical wedge assay",600.0,"O=C(O)C1CN(CCCP(=O)(O)O)CCN1"
"CHEMBL288904","Glutamate [NMDA] receptor","J. Med. Chem., (2003) 46:9:1609","IC50","Compound was tested for inhibition of [3H]DCKA binding to N-methyl-D-aspartate glutamate receptor",6.025595860744E10,"O=[N+]([O-])c1c(O)nc2cccc(Cl)c2c1O"
"CHEMBL289779","Glutamate [NMDA] receptor","J. Med. Chem., (2003) 46:9:1609","IC50","Compound was tested for inhibition of [3H]DCKA binding to N-methyl-D-aspartate glutamate receptor",7.2443596007E8,"Oc1nc2c(F)c(F)c(F)c(F)c2nc1O"
"CHEMBL295178","Glutamate [NMDA] receptor","J. Med. Chem., (2003) 46:9:1609","IC50","Compound was tested for inhibition of [3H]DCKA binding to N-methyl-D-aspartate glutamate receptor",1.51356124844E9,"O=c1[nH]c2nc(Cl)ccc2c(O)c1[N+](=O)[O-]"
"CHEMBL295179","Glutamate [NMDA] receptor","J. Med. Chem., (2003) 46:9:1609","IC50","Compound was tested for inhibition of [3H]DCKA binding to N-methyl-D-aspartate glutamate receptor",1.0E11,"O=[N+]([O-])c1c(O)nc2ccc(Cl)cc2c1O"
"CHEMBL296558","Glutamate [NMDA] receptor","J. Med. Chem., (2003) 46:9:1609","IC50","Compound was tested for inhibition of [3H]DCKA binding to N-methyl-D-aspartate glutamate receptor",1.0E11,"O=[N+]([O-])c1c(O)nc2c(Cl)cccc2c1O"
"CHEMBL298284","Glutamate [NMDA] receptor","J. Med. Chem., (2003) 46:9:1609","IC50","Compound was tested for inhibition of [3H]DCKA binding to N-methyl-D-aspartate glutamate receptor",9.33254300797E9,"Cc1cc([N+](=O)[O-])c2nc(O)c(O)nc2c1"
"CHEMBL310668","Glutamate [NMDA] receptor","J. Med. Chem., (1990) 33:9:2421","IC50","In vitro inhibitory activity against [3H](+)-MK-801 binding to PCP receptor in guinea pig brain membrane homogenates",10000.0,"NC1=Nc2ccccc2-c2ccccc2N1"
"CHEMBL40623","Glutamate [NMDA] receptor","J. Med. Chem., (2003) 46:9:1609","IC50","Compound was tested for inhibition of [3H]DCKA binding to N-methyl-D-aspartate glutamate receptor",1.202264435E7,"O=Nc1c(O)nc2cc(Cl)c(Cl)cc2c1O"
"CHEMBL40708","Glutamate [NMDA] receptor","J. Med. Chem., (2003) 46:9:1609","IC50","Compound was tested for inhibition of [3H]DCKA binding to N-methyl-D-aspartate glutamate receptor",1.6982436525E8,"O=Nc1c(O)nc2ccc(Cl)c(Cl)c2c1O"
"CHEMBL42146","Glutamate [NMDA] receptor","J. Med. Chem., (2003) 46:9:1609","IC50","Compound was tested for inhibition of [3H]DCKA binding to N-methyl-D-aspartate glutamate receptor",3.715352291E7,"Cc1cc(C)c2c(O)c(N=O)c(O)nc2c1"
"CHEMBL42350","Glutamate [NMDA] receptor","J. Med. Chem., (2003) 46:9:1609","IC50","Compound was tested for inhibition of [3H]DCKA binding to N-methyl-D-aspartate glutamate receptor",1.51356124844E9,"O=[N+]([O-])c1c(O)nc2cc(Cl)ccc2c1O"
"CHEMBL42430","Glutamate [NMDA] receptor","J. Med. Chem., (2003) 46:9:1609","IC50","Compound was tested for inhibition of [3H]DCKA binding to N-methyl-D-aspartate glutamate receptor",1.698243652462E10,"COc1cc2nc(O)c(O)nc2cc1OC"
"CHEMBL42915","Glutamate [NMDA] receptor","J. Med. Chem., (2003) 46:9:1609","IC50","Compound was tested for inhibition of [3H]DCKA binding to N-methyl-D-aspartate glutamate receptor",3.311311215E7,"O=Nc1c(O)nc2cc(Cl)cc(Cl)c2c1O"
"CHEMBL43869","Glutamate [NMDA] receptor","J. Med. Chem., (2003) 46:9:1609","IC50","Compound was tested for inhibition of [3H]DCKA binding to N-methyl-D-aspartate glutamate receptor",1.584893192461E10,"Oc1nc2cc3ccccc3cc2nc1O"
"CHEMBL44260","Glutamate [NMDA] receptor","J. Med. Chem., (2003) 46:9:1609","IC50","Compound was tested for inhibition of [3H]DCKA binding to N-methyl-D-aspartate glutamate receptor",1.81970085861E9,"CCc1cc2nc(O)c(O)nc2cc1CC"
"CHEMBL47277","Glutamate [NMDA] receptor","Bioorg. Med. Chem. Lett., (1993) 3:1:27","IC50","Tested for the inhibitory activity by the inhibition of excitatory L-[3H]Glutamate binding to NMDA recognition sites",321.0,"O=C(O)[C@H]1CN(CCCP(=O)(O)O)CCN1"
"CHEMBL50267","Glutamate [NMDA] receptor","Bioorg. Med. Chem. Lett., (1993) 3:1:77","IC50","Tested for the affinity to the glycine site -NMDA receptor using [3H]Gly as radioligand.",68.0,"O=C(O)c1cc(O)c2c(Cl)cc(Cl)cc2n1"
"CHEMBL544391","Glutamate [NMDA] receptor","Bioorg. Med. Chem. Lett., (1993) 3:1:43","IC50","Tested in vitro for the affinity against NMDA receptor in a cortical wedge assay",100000.0,"NC(CCCCCCc1nnn[nH]1)C(=O)O"
"CHEMBL77675","Glutamate [NMDA] receptor","J. Med. Chem., (1990) 33:9:2421","IC50","In vitro inhibitory activity against [3H]-TCP binding to PCP receptor in guinea pig brain membrane homogenates",3450.0,"N=C(Nc1ccccc1)Nc1ccccc1"
"CHEMBL79616","Glutamate [NMDA] receptor","J. Med. Chem., (1990) 33:9:2421","IC50","In vitro inhibitory activity against [3H]- (+)-3-PPP binding to PCP receptor in guinea pig brain membrane homogenates",100000.0,"N=C(N)N(c1ccccc1)c1ccccc1"
"CHEMBL81867","Glutamate [NMDA] receptor","J. Med. Chem., (1990) 33:9:2421","IC50","In vitro inhibitory activity against [3H]-TCP binding to PCP receptor in guinea pig brain membrane homogenates",10000.0,"N=C(NC1CCCCC1)NC1CCCCC1"
"CHEMBL145074","Glutamate [NMDA] receptor","Bioorg. Med. Chem. Lett., (1993) 3:1:43","IC50","Tested in vitro for the affinity against NMDA receptor in a cortical wedge assay",16300.0,"O=C(O)C1CN(CCCc2nnn[nH]2)CCN1"
"CHEMBL276708","Glutamate [NMDA] receptor","Bioorg. Med. Chem. Lett., (2002) 12:7:1099","IC50","Compound was tested in vitro for its inhibitory activity at 1 uM concentration against N-methyl-D-aspartate glutamate receptor by using [3H]CGP-39653 binding assay",0.5,"O=P(O)(O)Cc1cccc2nc(O)c(O)nc12"
"CHEMBL288855","Glutamate [NMDA] receptor","J. Med. Chem., (2003) 46:9:1609","IC50","Compound was tested for inhibition of [3H]DCKA binding to N-methyl-D-aspartate glutamate receptor",7079457.84,"O=Nc1c(O)nc2cc(Cl)c(Cl)c(Cl)c2c1O"
"CHEMBL289832","Glutamate [NMDA] receptor","J. Med. Chem., (2003) 46:9:1609","IC50","Compound was tested for inhibition of [3H]DCKA binding to N-methyl-D-aspartate glutamate receptor",5888436.55,"O=[N+]([O-])c1c(Cl)c(Cl)cc2nc(O)c(O)nc12"
"CHEMBL290747","Glutamate [NMDA] receptor","J. Med. Chem., (2003) 46:9:1609","IC50","Compound was tested for inhibition of [3H]DCKA binding to N-methyl-D-aspartate glutamate receptor",2.81838293126E9,"N#Cc1cc([N+](=O)[O-])c2nc(O)c(O)nc2c1"
"CHEMBL291148","Glutamate [NMDA] receptor","J. Med. Chem., (2003) 46:9:1609","IC50","Compound was tested for inhibition of [3H]DCKA binding to N-methyl-D-aspartate glutamate receptor",9.54992586E7,"Cc1c(F)cc2nc(O)c(O)nc2c1[N+](=O)[O-]"
"CHEMBL291161","Glutamate [NMDA] receptor","J. Med. Chem., (2003) 46:9:1609","IC50","Compound was tested for inhibition of [3H]DCKA binding to N-methyl-D-aspartate glutamate receptor",2.1877616239E8,"O=[N+]([O-])c1c(O)nc2cc(Cl)cc(Cl)c2c1O"
"CHEMBL291169","Glutamate [NMDA] receptor","J. Med. Chem., (2003) 46:9:1609","IC50","Compound was tested for inhibition of [3H]DCKA binding to N-methyl-D-aspartate glutamate receptor",9.1201083936E8,"O=Nc1c(O)nc2c(F)c(Cl)c(F)cc2c1O"
"CHEMBL297881","Glutamate [NMDA] receptor","J. Med. Chem., (2003) 46:9:1609","IC50","Compound was tested for inhibition of [3H]DCKA binding to N-methyl-D-aspartate glutamate receptor",4677351.41,"Cc1c(Cl)cc2nc(O)c(O)nc2c1[N+](=O)[O-]"
"CHEMBL310897","Glutamate [NMDA] receptor","J. Med. Chem., (1997) 40:18:2831","IC50","In vitro binding affinity against N-methyl-D-aspartate glutamate receptor using [3H]-CPG 39653 as radioligand",100000.0,"NC(Cc1c(O)noc1-c1nccs1)C(=O)O"
"CHEMBL314469","Glutamate [NMDA] receptor","J. Med. Chem., (1990) 33:9:2421","IC50","In vitro inhibitory activity against [3H]-TCP binding to PCP receptor in guinea pig brain membrane homogenates",10000.0,"NC1=Nc2ccccc2CN1c1ccccc1"
"CHEMBL318467","Glutamate [NMDA] receptor","J. Med. Chem., (1997) 40:18:2831","IC50","In vitro binding affinity against N-methyl-D-aspartate glutamate receptor using [3H]-CPG 39653 as radioligand",100000.0,"NC(Cc1c(O)noc1-c1nc[nH]n1)C(=O)O"
"CHEMBL41340","Glutamate [NMDA] receptor","J. Med. Chem., (2003) 46:9:1609","IC50","Compound was tested for inhibition of [3H]DCKA binding to N-methyl-D-aspartate glutamate receptor",3.46736850453E9,"Cc1cc(C)c2c(O)c([N+](=O)[O-])c(O)nc2c1"
"CHEMBL41341","Glutamate [NMDA] receptor","J. Med. Chem., (2003) 46:9:1609","IC50","Compound was tested for inhibition of [3H]DCKA binding to N-methyl-D-aspartate glutamate receptor",3.9810717055E8,"O=[N+]([O-])c1c(O)nc2cc(Cl)c(Cl)cc2c1O"
"CHEMBL41460","Glutamate [NMDA] receptor","J. Med. Chem., (2003) 46:9:1609","IC50","Compound was tested for inhibition of [3H]DCKA binding to N-methyl-D-aspartate glutamate receptor",2.884031503E7,"Cc1cc2nc(O)c(O)nc2c([N+](=O)[O-])c1C"
"CHEMBL41691","Glutamate [NMDA] receptor","J. Med. Chem., (2003) 46:9:1609","IC50","Compound was tested for inhibition of [3H]DCKA binding to N-methyl-D-aspartate glutamate receptor",4.466835922E7,"Cc1cc2nc(O)c(O)nc2c([N+](=O)[O-])c1Cl"
"CHEMBL42367","Glutamate [NMDA] receptor","J. Med. Chem., (2003) 46:9:1609","IC50","Compound was tested for inhibition of [3H]DCKA binding to N-methyl-D-aspartate glutamate receptor",1.698243652462E10,"COc1cc2nc(O)c(O)nc2c(O)c1OC"
"CHEMBL42426","Glutamate [NMDA] receptor","J. Med. Chem., (2003) 46:9:1609","IC50","Compound was tested for inhibition of [3H]DCKA binding to N-methyl-D-aspartate glutamate receptor",8709635.9,"Cc1c(Br)cc2nc(O)c(O)nc2c1[N+](=O)[O-]"
"CHEMBL43848","Glutamate [NMDA] receptor","J. Med. Chem., (2003) 46:9:1609","IC50","Compound was tested for inhibition of [3H]DCKA binding to N-methyl-D-aspartate glutamate receptor",1.096478196143E10,"Nc1c(F)cc2nc(O)c(O)nc2c1[N+](=O)[O-]"
"CHEMBL543121","Glutamate [NMDA] receptor","J. Med. Chem., (1990) 33:9:2421","IC50","In vitro inhibitory activity against [3H]-TCP binding to PCP receptor in guinea pig brain membrane homogenates",10000.0,"CN=C(NC1CCCCC1)NC1CCCCC1"
"CHEMBL79145","Glutamate [NMDA] receptor","J. Med. Chem., (1990) 33:9:2421","IC50","In vitro inhibitory activity against [3H]-TCP binding to PCP receptor in guinea pig brain membrane homogenates",10000.0,"ON=C(NC1CCCCC1)NC1CCCCC1"
"CHEMBL79164","Glutamate [NMDA] receptor","J. Med. Chem., (1990) 33:9:2421","IC50","In vitro inhibitory activity against [3H]-TCP binding to PCP receptor in guinea pig brain membrane homogenates",10000.0,"Cc1ccccc1/N=C(\N)NC1CCCCC1"
"CHEMBL94860","Glutamate [NMDA] receptor","J. Med. Chem., (1997) 40:18:2831","IC50","In vitro binding affinity against N-methyl-D-aspartate glutamate receptor using [3H]-CPG 39653 as radioligand",100000.0,"NC(Cc1c(O)noc1-c1nn[nH]n1)C(=O)O"
"CHEMBL97742","Glutamate [NMDA] receptor","J. Med. Chem., (1997) 40:18:2831","IC50","In vitro binding affinity against N-methyl-D-aspartate glutamate receptor using [3H]-CPG 39653 as radioligand",100000.0,"NC(Cc1c(O)noc1-c1ncc[nH]1)C(=O)O"
"CHEMBL107660","Glutamate [NMDA] receptor","Bioorg. Med. Chem. Lett., (1993) 3:1:27","IC50","Tested for the inhibitory activity by the inhibition of excitatory L-[3H]Glutamate binding to NMDA recognition sites",607.0,"N[C@H](C[C@H]1CCCC[C@H]1CCP(=O)(O)O)C(=O)O"
"CHEMBL107961","Glutamate [NMDA] receptor","Bioorg. Med. Chem. Lett., (1993) 3:1:27","IC50","Tested for the inhibitory activity by the inhibition of excitatory L-[3H]Glutamate binding to NMDA recognition sites",6458.0,"N[C@@H](C[C@@H]1CCCC[C@@H]1CCP(=O)(O)O)C(=O)O"
"CHEMBL108096","Glutamate [NMDA] receptor","Bioorg. Med. Chem. Lett., (1993) 3:1:27","IC50","Tested for the inhibitory activity by the inhibition of excitatory L-[3H]Glutamate binding to NMDA recognition sites",3132.0,"N[C@H](C[C@@H]1CCCC[C@@H]1CCP(=O)(O)O)C(=O)O"
"CHEMBL108823","Glutamate [NMDA] receptor","Bioorg. Med. Chem. Lett., (1993) 3:1:27","IC50","Tested for the inhibitory activity by the inhibition of excitatory L-[3H]Glutamate binding to NMDA recognition sites",2589.0,"N[C@@H](C[C@H]1CCCC[C@H]1CCP(=O)(O)O)C(=O)O"
"CHEMBL117961","Glutamate [NMDA] receptor","Bioorg. Med. Chem. Lett., (1998) 8:24:3459","IC50","Ability to inhibit MK-801 binding to NMDA receptor in the presence of 100 uM of spermidine was determined",5890.0,"COc1cc(CNC(=N)N)cc(CNC(=N)N)c1"
"CHEMBL12804","Glutamate [NMDA] receptor","Bioorg. Med. Chem. Lett., (2002) 12:7:1099","IC50","In vitro inhibitory activity at 1 uM concentration against N-methyl-D-aspartate glutamate receptor, using [3H]CGP-39653 binding assay",1.0,"O=P(O)(O)Cc1cc(F)cc2nc(O)c(O)nc12"
"CHEMBL155265","Glutamate [NMDA] receptor","Bioorg. Med. Chem. Lett., (1993) 3:1:77","IC50","Tested for the affinity to the glycine site -NMDA receptor using [3H]Gly as radioligand.",840.0,"O=[N+]([O-])c1cc2nc(O)c(O)nc2cc1[N+](=O)[O-]"
"CHEMBL269683","Glutamate [NMDA] receptor","Bioorg. Med. Chem. Lett., (2002) 12:7:1099","IC50","In vitro inhibitory activity at 1 uM concentration against N-methyl-D-aspartate glutamate receptor, using [3H]CGP-39653 binding assay",1.7,"O=P(O)(O)Cc1cc(Cl)cc2nc(O)c(O)nc12"
"CHEMBL273662","Glutamate [NMDA] receptor","Bioorg. Med. Chem. Lett., (2002) 12:7:1099","IC50","In vitro inhibitory activity at 1 uM concentration against N-methyl-D-aspartate glutamate receptor, using [3H]CGP-39653 binding assay",1.5,"O=P(O)(O)Cc1cc(Br)cc2nc(O)c(O)nc12"
"CHEMBL274422","Glutamate [NMDA] receptor","Bioorg. Med. Chem. Lett., (2002) 12:7:1099","IC50","In vitro inhibitory activity at 1 uM concentration against N-methyl-D-aspartate glutamate receptor, using [3H]CGP-39653 binding assay",1.5,"O=P(O)(O)C(O)c1cccc2nc(O)c(O)nc12"
"CHEMBL282433","Glutamate [NMDA] receptor","J. Med. Chem., (1990) 33:9:2421","IC50","In vitro inhibitory activity against [3H]-TCP binding to PCP receptor in guinea pig brain membrane homogenates",7800.0,"Cc1ccccc1NC(=N)Nc1ccccc1C"
"CHEMBL288839","Glutamate [NMDA] receptor","J. Med. Chem., (2003) 46:9:1609","IC50","Compound was tested for inhibition of [3H]DCKA binding to N-methyl-D-aspartate glutamate receptor",7.244359601E7,"Cc1c(C#N)cc2nc(O)c(O)nc2c1[N+](=O)[O-]"
"CHEMBL289167","Glutamate [NMDA] receptor","J. Med. Chem., (2003) 46:9:1609","IC50","Compound was tested for inhibition of [3H]DCKA binding to N-methyl-D-aspartate glutamate receptor",4.26579518802E9,"Oc1nc2cc(Cl)cnc2c(O)c1-c1ccsc1"
"CHEMBL289756","Glutamate [NMDA] receptor","J. Med. Chem., (2003) 46:9:1609","IC50","Compound was tested for inhibition of [3H]DCKA binding to N-methyl-D-aspartate glutamate receptor",1.0E11,"Oc1nc2ncccc2c(O)c1-c1ccccc1"
"CHEMBL291149","Glutamate [NMDA] receptor","J. Med. Chem., (2003) 46:9:1609","IC50","Compound was tested for inhibition of [3H]DCKA binding to N-methyl-D-aspartate glutamate receptor",8.128305162E7,"CCc1cc2nc(O)c(O)nc2c([N+](=O)[O-])c1Br"
"CHEMBL291170","Glutamate [NMDA] receptor","J. Med. Chem., (2003) 46:9:1609","IC50","Compound was tested for inhibition of [3H]DCKA binding to N-methyl-D-aspartate glutamate receptor",3.31131121483E9,"O=Nc1c(O)nc2c(F)c(F)c(F)c(F)c2c1O"
"CHEMBL296521","Glutamate [NMDA] receptor","J. Med. Chem., (2003) 46:9:1609","IC50","Compound was tested for inhibition of [3H]DCKA binding to N-methyl-D-aspartate glutamate receptor",3.09029543251E9,"O=[N+]([O-])c1c2c(cc3nc(O)c(O)nc13)CCC2"
"CHEMBL298232","Glutamate [NMDA] receptor","J. Med. Chem., (2003) 46:9:1609","IC50","Compound was tested for inhibition of [3H]DCKA binding to N-methyl-D-aspartate glutamate receptor",3.981071705535E10,"O=[N+]([O-])c1c(O)nc2c(F)c(Cl)c(F)cc2c1O"
"CHEMBL309603","Glutamate [NMDA] receptor","J. Med. Chem., (1990) 33:9:2421","IC50","In vitro inhibitory activity against [3H]-TCP binding to PCP receptor in guinea pig brain membrane homogenates",370.0,"Cc1cccc(NC(=N)Nc2cccc(C)c2)c1"
"CHEMBL310003","Glutamate [NMDA] receptor","J. Med. Chem., (1990) 33:9:2421","IC50","In vitro inhibitory activity against [3H](+)-MK-801 binding to PCP receptor in guinea pig brain membrane homogenates",10000.0,"N=C(Nc1ccccc1I)NC1CC2CCC1C2"
"CHEMBL312600","Glutamate [NMDA] receptor","J. Med. Chem., (1990) 33:9:2421","IC50","In vitro inhibitory activity against [3H]-TCP binding to PCP receptor in guinea pig brain membrane homogenates",210.0,"N=C(Nc1ccccc1I)Nc1ccccc1I"
"CHEMBL317790","Glutamate [NMDA] receptor","J. Med. Chem., (1997) 40:18:2831","IC50","In vitro binding affinity against N-methyl-D-aspartate glutamate receptor using [3H]-CPG 39653 as radioligand",100000.0,"Cn1nnnc1-c1onc(O)c1CC(N)C(=O)O"
"CHEMBL322304","Glutamate [NMDA] receptor","Bioorg. Med. Chem. Lett., (1993) 3:1:27","IC50","Tested for the inhibitory activity by the inhibition of excitatory L-[3H]Glutamate binding to NMDA recognition sites",1600.0,"NC(CC1CCCCC1CCP(=O)(O)O)C(=O)O"
"CHEMBL328310","Glutamate [NMDA] receptor","J. Med. Chem., (1997) 40:18:2831","IC50","In vitro binding affinity against N-methyl-D-aspartate glutamate receptor using [3H]-CPG 39653 as radioligand",100000.0,"Cn1ncnc1-c1onc(O)c1CC(N)C(=O)O"
"CHEMBL334822","Glutamate [NMDA] receptor","J. Med. Chem., (1992) 35:22:4135","IC50","Binding affinity against dextromethorpin binding site associated with N-methyl-D-aspartate glutamate receptor from guinea pig mitochondrial pellet P2 determined using [3H]1 as radioligand.",1700.0,"CN1CCC23CCCCC2C1Cc1ccccc13"
"CHEMBL356989","Glutamate [NMDA] receptor","Bioorg. Med. Chem. Lett., (1993) 3:1:43","IC50","Tested in vitro for the affinity against NMDA receptor by examining its ability to inhibit [3H]-CGS-19,755 binding",10000.0,"O=C(O)C1CN(CCCCc2nnn[nH]2)CCN1"
"CHEMBL40193","Glutamate [NMDA] receptor","J. Med. Chem., (2003) 46:9:1609","IC50","Compound was tested for inhibition of [3H]DCKA binding to N-methyl-D-aspartate glutamate receptor",1.0E11,"Oc1nc2cccnc2c(O)c1-c1ccccc1"
"CHEMBL40649","Glutamate [NMDA] receptor","J. Med. Chem., (2003) 46:9:1609","IC50","Compound was tested for inhibition of [3H]DCKA binding to N-methyl-D-aspartate glutamate receptor",1.90546071796E9,"COc1c(F)cc2nc(O)c(O)nc2c1[N+](=O)[O-]"
"CHEMBL40652","Glutamate [NMDA] receptor","J. Med. Chem., (2003) 46:9:1609","IC50","Compound was tested for inhibition of [3H]DCKA binding to N-methyl-D-aspartate glutamate receptor",2.884031503E7,"CCc1cc2nc(O)c(O)nc2c([N+](=O)[O-])c1Cl"
"CHEMBL40745","Glutamate [NMDA] receptor","J. Med. Chem., (2003) 46:9:1609","IC50","Compound was tested for inhibition of [3H]DCKA binding to N-methyl-D-aspartate glutamate receptor",1.2882495517E8,"CCc1c(Cl)cc2nc(O)c(O)nc2c1[N+](=O)[O-]"
"CHEMBL41791","Glutamate [NMDA] receptor","J. Med. Chem., (2003) 46:9:1609","IC50","Compound was tested for inhibition of [3H]DCKA binding to N-methyl-D-aspartate glutamate receptor",9.77237220956E9,"Oc1nc2cc(Cl)cnc2c(O)c1-c1cccs1"
"CHEMBL42176","Glutamate [NMDA] receptor","J. Med. Chem., (2003) 46:9:1609","IC50","Compound was tested for inhibition of [3H]DCKA binding to N-methyl-D-aspartate glutamate receptor",2.1877616239E8,"O=[N+]([O-])c1c(O)nc2cc(Cl)c(Cl)c(Cl)c2c1O"
"CHEMBL42248","Glutamate [NMDA] receptor","J. Med. Chem., (2003) 46:9:1609","IC50","Compound was tested for inhibition of [3H]DCKA binding to N-methyl-D-aspartate glutamate receptor",6.45654229E7,"COc1c(Br)cc2nc(O)c(O)nc2c1[N+](=O)[O-]"
"CHEMBL42466","Glutamate [NMDA] receptor","J. Med. Chem., (2003) 46:9:1609","IC50","Compound was tested for inhibition of [3H]DCKA binding to N-methyl-D-aspartate glutamate receptor",1.5135612484E8,"COc1c(Cl)cc2nc(O)c(O)nc2c1[N+](=O)[O-]"
"CHEMBL44079","Glutamate [NMDA] receptor","J. Med. Chem., (2003) 46:9:1609","IC50","Compound was tested for inhibition of [3H]DCKA binding to N-methyl-D-aspartate glutamate receptor",1.0E11,"O=[N+]([O-])c1c(O)nc2c(Cl)c(Cl)c(Cl)cc2c1O"
"CHEMBL441460","Glutamate [NMDA] receptor","J. Med. Chem., (1997) 40:18:2831","IC50","In vitro binding affinity against N-methyl-D-aspartate glutamate receptor using [3H]-CPG 39653 as radioligand",100000.0,"Cn1cnc(-c2onc(O)c2CC(N)C(=O)O)n1"
"CHEMBL536782","Glutamate [NMDA] receptor","J. Med. Chem., (1990) 33:9:2421","IC50","In vitro inhibitory activity against [3H]-TCP binding to PCP receptor in guinea pig brain membrane homogenates",2500.0,"Cc1ccccc1/N=C(/N)Nc1cccc(O)c1"
"CHEMBL539782","Glutamate [NMDA] receptor","J. Med. Chem., (1990) 33:9:2421","IC50","In vitro inhibitory activity against [3H]-TCP binding to PCP receptor in guinea pig brain membrane homogenates",6800.0,"N=C(NCc1ccccc1)NCc1ccccc1"
"CHEMBL545011","Glutamate [NMDA] receptor","J. Med. Chem., (1990) 33:9:2421","IC50","In vitro inhibitory activity against [3H](+)-MK-801 binding to PCP receptor in guinea pig brain membrane homogenates",10000.0,"N=C(NC1CC2CCC1C2)NC1CC2CCC1C2"
"CHEMBL78585","Glutamate [NMDA] receptor","J. Med. Chem., (1990) 33:9:2421","IC50","In vitro inhibitory activity against [3H]-TCP binding to PCP receptor in guinea pig brain membrane homogenates",12000.0,"Cc1ccccc1/N=C(/N)Nc1ccccc1N"
"CHEMBL79186","Glutamate [NMDA] receptor","J. Med. Chem., (1990) 33:9:2421","IC50","In vitro inhibitory activity against [3H]-TCP binding to PCP receptor in guinea pig brain membrane homogenates",2050.0,"Cc1ccccc1/N=C(/N)Nc1ccccc1I"
"CHEMBL81070","Glutamate [NMDA] receptor","J. Med. Chem., (1990) 33:9:2421","IC50","In vitro inhibitory activity against [3H]-TCP binding to PCP receptor in guinea pig brain membrane homogenates",34000.0,"N=C(Nc1ccc(Br)cc1)Nc1ccc(Br)cc1"
"CHEMBL81602","Glutamate [NMDA] receptor","J. Med. Chem., (1990) 33:9:2421","IC50","In vitro inhibitory activity against [3H]-TCP binding to PCP receptor in guinea pig brain membrane homogenates",31000.0,"Cc1ccc(NC(=N)Nc2ccc(C)cc2)cc1"
"CHEMBL81678","Glutamate [NMDA] receptor","J. Med. Chem., (1990) 33:9:2421","IC50","In vitro inhibitory activity against [3H]-TCP binding to PCP receptor in guinea pig brain membrane homogenates",1100.0,"N=C(Nc1cccc(I)c1)Nc1cccc(I)c1"
"CHEMBL81773","Glutamate [NMDA] receptor","J. Med. Chem., (1990) 33:9:2421","IC50","In vitro inhibitory activity against [3H](+)-MK-801 binding to PCP receptor in guinea pig brain membrane homogenates",10000.0,"Cc1ccccc1/N=C(\N)NC1CC2CCC1C2"
"CHEMBL82144","Glutamate [NMDA] receptor","J. Med. Chem., (1990) 33:9:2421","IC50","In vitro inhibitory activity against [3H](+)-MK-801 binding to PCP receptor in guinea pig brain membrane homogenates",10000.0,"N=C1N(c2ccccc2)CCN1c1ccccc1"
"CHEMBL94859","Glutamate [NMDA] receptor","J. Med. Chem., (1997) 40:18:2831","IC50","In vitro binding affinity against N-methyl-D-aspartate glutamate receptor using [3H]-CPG 39653 as radioligand",100000.0,"Cn1nnc(-c2onc(O)c2CC(N)C(=O)O)n1"
"CHEMBL98723","Glutamate [NMDA] receptor","J. Med. Chem., (1997) 40:18:2831","IC50","In vitro binding affinity against N-methyl-D-aspartate glutamate receptor using [3H]-CPG 39653 as radioligand",100000.0,"Cn1ccnc1-c1onc(O)c1CC(N)C(=O)O"
"CHEMBL12728","Glutamate [NMDA] receptor","Bioorg. Med. Chem. Lett., (2002) 12:7:1099","IC50","In vitro inhibitory activity at 1 uM concentration against N-methyl-D-aspartate glutamate receptor, using [3H]CGP-39653 binding assay",1100.0,"CNC(c1cccc2nc(O)c(O)nc12)P(=O)(O)O"
"CHEMBL130193","Glutamate [NMDA] receptor","J. Med. Chem., (1992) 35:22:4135","IC50","Binding affinity against dextromethorpin binding site associated with N-methyl-D-aspartate glutamate receptor from guinea pig mitochondrial pellet P2 determined using [3H]1 as radioligand.",6400.0,"CN1CCC23CCCCC2C1Cc1ccc(N)cc13"
"CHEMBL295084","Glutamate [NMDA] receptor","J. Med. Chem., (2003) 46:9:1609","IC50","Compound was tested for inhibition of [3H]DCKA binding to N-methyl-D-aspartate glutamate receptor",3.31131121483E9,"Oc1nc2cc(Cl)cnc2c(O)c1-c1ccccc1"
"CHEMBL312806","Glutamate [NMDA] receptor","J. Med. Chem., (1990) 33:9:2421","IC50","In vitro inhibitory activity against [3H]-TCP binding to PCP receptor in guinea pig brain membrane homogenates",10000.0,"C1CCC(NC(=NC2CC2)NC2CCCCC2)CC1"
"CHEMBL336430","Glutamate [NMDA] receptor","J. Med. Chem., (1992) 35:22:4135","IC50","Binding affinity against dextromethorpin binding site associated with N-methyl-D-aspartate glutamate receptor from guinea pig mitochondrial pellet P2 determined using [3H]1 as radioligand.",370.0,"CN1CCC23CCCCC2C1Cc1ccc(Cl)cc13"
"CHEMBL40555","Glutamate [NMDA] receptor","J. Med. Chem., (2003) 46:9:1609","IC50","Compound was tested for inhibition of [3H]DCKA binding to N-methyl-D-aspartate glutamate receptor",1.0E11,"Oc1nc2ncc(Cl)cc2c(O)c1-c1ccccc1"
"CHEMBL41295","Glutamate [NMDA] receptor","J. Med. Chem., (2003) 46:9:1609","IC50","Compound was tested for inhibition of [3H]DCKA binding to N-methyl-D-aspartate glutamate receptor",1.5848931925E8,"CCc1cc2nc(O)c(O)nc2c([N+](=O)[O-])c1CC"
"CHEMBL41399","Glutamate [NMDA] receptor","J. Med. Chem., (2003) 46:9:1609","IC50","Compound was tested for inhibition of [3H]DCKA binding to N-methyl-D-aspartate glutamate receptor",6.4565422903E8,"CCSc1c(Cl)cc2nc(O)c(O)nc2c1[N+](=O)[O-]"
"CHEMBL41538","Glutamate [NMDA] receptor","J. Med. Chem., (2003) 46:9:1609","IC50","Compound was tested for inhibition of [3H]DCKA binding to N-methyl-D-aspartate glutamate receptor",1.0E11,"O=[N+]([O-])c1c(O)nc2c(F)c(F)c(F)c(F)c2c1O"
"CHEMBL44018","Glutamate [NMDA] receptor","J. Med. Chem., (2003) 46:9:1609","IC50","Compound was tested for inhibition of [3H]DCKA binding to N-methyl-D-aspartate glutamate receptor",3.6307805477E9,"CCOc1c(F)cc2nc(O)c(O)nc2c1[N+](=O)[O-]"
"CHEMBL543596","Glutamate [NMDA] receptor","J. Med. Chem., (1990) 33:9:2421","IC50","In vitro inhibitory activity against [3H]-TCP binding to PCP receptor in guinea pig brain membrane homogenates",4350.0,"Cc1ccccc1/N=C(/N)Nc1ccc(N)cc1C"
"CHEMBL592","Glutamate [NMDA] receptor","J. Med. Chem., (1992) 35:22:4135","IC50","Binding affinity against dextromethorpin binding site associated with N-methyl-D-aspartate glutamate receptor from guinea pig mitochondriall pellet P2 determined using [3H]1 as radioligand.",2500.0,"CN1CC[C@]23CCCC[C@H]2[C@H]1Cc1ccc(O)cc13"
"CHEMBL78356","Glutamate [NMDA] receptor","J. Med. Chem., (1990) 33:9:2421","IC50","In vitro inhibitory activity against [3H](+)-MK-801 binding to PCP receptor in guinea pig brain membrane homogenates",10000.0,"Cc1cc(N)ccc1/N=C(/N)Nc1cccc(O)c1"
"CHEMBL78637","Glutamate [NMDA] receptor","J. Med. Chem., (1990) 33:9:2421","IC50","In vitro inhibitory activity against [3H]-TCP binding to PCP receptor in guinea pig brain membrane homogenates",1900.0,"Cc1ccccc1/N=C(/N)Nc1c(C)cccc1C"
"CHEMBL115747","Glutamate [NMDA] receptor","Bioorg. Med. Chem. Lett., (1998) 8:24:3459","IC50","Ability to inhibit MK-801 binding to NMDA receptor in the presence of 100 uM of spermidine was determined",75800.0,"CCN(Cc1cccc(CN(CC)C(=N)N)c1)C(=N)N"
"CHEMBL130247","Glutamate [NMDA] receptor","J. Med. Chem., (1992) 35:22:4135","IC50","Inhibition of [3H]1 binding to dextromethorpin binding site of guinea pig microsomal pellet P3 N-methyl-D-aspartate glutamate receptor",1300.0,"CNc1ccc2c(c1)C13CCCCC1C(C2)N(C)CC3"
"CHEMBL14935","Glutamate [NMDA] receptor","J. Med. Chem., (1993) 36:14:2046","IC50","Inhibitory activity against NMDA receptor using [3H]-CGS- 19755 as radioligand",12100.0,"O=C(O)[C@@H]1C[C@H]2C[C@@H](CCc3nnn[nH]3)CC[C@H]2CN1"
"CHEMBL167548","Glutamate [NMDA] receptor","Bioorg. Med. Chem. Lett., (1993) 3:1:77","IC50","Tested for the affinity to the glycine site -NMDA receptor using [3H]Gly as radioligand.",360.0,"CS(=O)(=O)NC(=O)c1nc2cc(Cl)c(Cl)cc2nc1O"
"CHEMBL22207","Glutamate [NMDA] receptor","J. Med. Chem., (1992) 35:22:4135","IC50","Binding affinity against dextromethorpin binding site associated with N-methyl-D-aspartate glutamate receptor from guinea pig mitochondrial pellet P2 determined using [3H]1 as radioligand.",240.0,"COc1ccc2c(c1)C13CCCCC1C(C2)N(C)CC3"
"CHEMBL295427","Glutamate [NMDA] receptor","J. Med. Chem., (2003) 46:9:1609","IC50","Compound was tested for inhibition of [3H]DCKA binding to N-methyl-D-aspartate glutamate receptor",5.248074602498E10,"COc1cc2nc(O)c(O)nc2c(OC(C)=O)c1OC"
"CHEMBL310170","Glutamate [NMDA] receptor","J. Med. Chem., (1990) 33:9:2421","IC50","In vitro inhibitory activity against [3H]-TCP binding to PCP receptor in guinea pig brain membrane homogenates",358.0,"CCc1ccccc1NC(=N)Nc1ccccc1CC"
"CHEMBL310729","Glutamate [NMDA] receptor","J. Med. Chem., (1990) 33:9:2421","IC50","In vitro inhibitory activity against [3H](+)-MK-801 binding to PCP receptor in guinea pig brain membrane homogenates",1600.0,"COc1ccccc1NC(=N)Nc1ccccc1OC"
"CHEMBL312318","Glutamate [NMDA] receptor","J. Med. Chem., (1990) 33:9:2421","IC50","In vitro inhibitory activity against [3H]-TCP binding to PCP receptor in guinea pig brain membrane homogenates",32000.0,"Cc1cccc(C)c1NC(=N)Nc1c(C)cccc1C"
"CHEMBL325856","Glutamate [NMDA] receptor","Bioorg. Med. Chem. Lett., (1998) 8:24:3459","IC50","Ability to inhibit MK-801 binding to NMDA receptor in the presence of 100 uM of spermidine was determined",10470.0,"CC(C)Oc1cc(CNC(=N)N)cc(CNC(=N)N)c1"
"CHEMBL41180","Glutamate [NMDA] receptor","J. Med. Chem., (2003) 46:9:1609","IC50","Compound was tested for inhibition of [3H]DCKA binding to N-methyl-D-aspartate glutamate receptor",3.0199517204E9,"Oc1nc2cc(Cl)cnc2c(O)c1-c1cccc(Cl)c1"
"CHEMBL417710","Glutamate [NMDA] receptor","J. Med. Chem., (2003) 46:9:1609","IC50","Compound was tested for inhibition of [3H]DCKA binding to N-methyl-D-aspartate glutamate receptor",1.288249551693E10,"Oc1nc2cc(Cl)cnc2c(O)c1-c1ccc(Cl)cc1"
"CHEMBL42694","Glutamate [NMDA] receptor","J. Med. Chem., (2003) 46:9:1609","IC50","Compound was tested for inhibition of [3H]DCKA binding to N-methyl-D-aspartate glutamate receptor",1.77827941004E9,"Cc1cccc(-c2c(O)nc3cc(Cl)cnc3c2O)c1"
"CHEMBL43800","Glutamate [NMDA] receptor","J. Med. Chem., (2003) 46:9:1609","IC50","Compound was tested for inhibition of [3H]DCKA binding to N-methyl-D-aspartate glutamate receptor",2.398832919019E10,"Oc1nc2cc(Cl)cnc2c(O)c1-c1ccccc1Cl"
"CHEMBL543597","Glutamate [NMDA] receptor","J. Med. Chem., (1990) 33:9:2421","IC50","In vitro inhibitory activity against [3H]-TCP binding to PCP receptor in guinea pig brain membrane homogenates",10000.0,"N=C(NC1CCCCC1)NC12CC3CC(CC(C3)C1)C2"
"CHEMBL62809","Glutamate [NMDA] receptor","J. Med. Chem., (1993) 36:14:2046","IC50","Inhibitory activity against NMDA receptor using [3H]-CGS- 19755 as radioligand at a dose upto 100 uM",12100.0,"O=C(O)[C@@H]1C[C@H]2C[C@@H](CCC3=NN=NC3)CC[C@H]2CN1"
"CHEMBL78083","Glutamate [NMDA] receptor","J. Med. Chem., (1990) 33:9:2421","IC50","In vitro inhibitory activity against [3H](+)-MK-801 binding to PCP receptor in guinea pig brain membrane homogenates",10300.0,"CCc1ccc(NC(=N)Nc2ccc(CC)cc2)cc1"
"CHEMBL78777","Glutamate [NMDA] receptor","J. Med. Chem., (1990) 33:9:2421","IC50","In vitro inhibitory activity against [3H]-TCP binding to PCP receptor in guinea pig brain membrane homogenates",82.0,"CCc1cccc(NC(=N)Nc2cccc(CC)c2)c1"
"CHEMBL79165","Glutamate [NMDA] receptor","J. Med. Chem., (1990) 33:9:2421","IC50","In vitro inhibitory activity against [3H]-TCP binding to PCP receptor in guinea pig brain membrane homogenates",100000.0,"Cc1cc(N)ccc1NC(=N)Nc1ccc(N)cc1C"
"CHEMBL79436","Glutamate [NMDA] receptor","J. Med. Chem., (1990) 33:9:2421","IC50","In vitro inhibitory activity against [3H]-TCP binding to PCP receptor in guinea pig brain membrane homogenates",10000.0,"Cc1cc(Br)ccc1NC(=N)Nc1ccc(Br)cc1C"
"CHEMBL81735","Glutamate [NMDA] receptor","J. Med. Chem., (1990) 33:9:2421","IC50","In vitro inhibitory activity against [3H]-TCP binding to PCP receptor in guinea pig brain membrane homogenates",2100.0,"Cc1ccccc1/N=C(/N)Nc1ccccc1[N+](=O)[O-]"
"CHEMBL12242","Glutamate [NMDA] receptor","Bioorg. Med. Chem. Lett., (2002) 12:7:1099","IC50","In vitro inhibitory activity at 1 uM concentration against N-methyl-D-aspartate glutamate receptor, using [3H]CGP-39653 binding assay",1.2,"O=[N+]([O-])c1cc(C(O)P(=O)(O)O)c2nc(O)c(O)nc2c1"
"CHEMBL133401","Glutamate [NMDA] receptor","J. Med. Chem., (1992) 35:22:4135","IC50","Binding affinity against dextromethorpin binding site associated with N-methyl-D-aspartate glutamate receptor from guinea pig mitochondrial pellet P2 determined using [3H]1 as radioligand.",440.0,"CN1CCC23CCCCC2C1Cc1ccc(N=C=S)cc13"
"CHEMBL297310","Glutamate [NMDA] receptor","J. Med. Chem., (2003) 46:9:1609","IC50","Compound was tested for inhibition of [3H]DCKA binding to N-methyl-D-aspartate glutamate receptor",2.88403150313E9,"COc1cccc(-c2c(O)nc3cc(Cl)cnc3c2O)c1"
"CHEMBL312588","Glutamate [NMDA] receptor","J. Med. Chem., (1990) 33:9:2421","IC50","In vitro inhibitory activity against [3H]-TCP binding to PCP receptor in guinea pig brain membrane homogenates",37000.0,"Cc1cc([N+](=O)[O-])ccc1/N=C(/N)Nc1cccc(O)c1"
"CHEMBL337277","Glutamate [NMDA] receptor","J. Med. Chem., (1992) 35:22:4135","IC50","Binding affinity against dextromethorpin binding site associated with N-methyl-D-aspartate glutamate receptor from guinea pig mitochondrial pellet P2 determined using [3H]1 as radioligand.",680.0,"CN(C)c1ccc2c(c1)C13CCCCC1C(C2)N(C)CC3"
"CHEMBL354295","Glutamate [NMDA] receptor","Bioorg. Med. Chem. Lett., (2000) 10:1:75","IC50","Compound has been evaluated for its binding affinity towards N-methyl-D-aspartate glutamate receptor by displacing the radioligand [3H]MK-801",10000.0,"C[C@@H](NCc1cc(I)cc2nc(O)c(O)nc12)P(=O)(O)O"
"CHEMBL43122","Glutamate [NMDA] receptor","J. Med. Chem., (2003) 46:9:1609","IC50","Compound was tested for inhibition of [3H]DCKA binding to N-methyl-D-aspartate glutamate receptor",4.26579518802E9,"CCCCOc1c(F)cc2nc(O)c(O)nc2c1[N+](=O)[O-]"
"CHEMBL435790","Glutamate [NMDA] receptor","J. Med. Chem., (1992) 35:22:4135","IC50","Binding affinity against dextromethorpin binding site associated with N-methyl-D-aspartate glutamate receptor from guinea pig mitochondrial pellet P2 determined using [3H]1 as radioligand.",90.0,"CCOc1ccc2c(c1)C13CCCCC1C(C2)N(C)CC3"
"CHEMBL543722","Glutamate [NMDA] receptor","Bioorg. Med. Chem. Lett., (2002) 12:7:1099","IC50","In vitro inhibitory activity at 1 uM concentration against N-methyl-D-aspartate glutamate receptor, using [3H]CGP-39653 binding assay",40.0,"NC(c1cc([N+](=O)[O-])cc2nc(O)c(O)nc12)P(=O)(O)O"
"CHEMBL553347","Glutamate [NMDA] receptor","J. Med. Chem., (1990) 33:9:2421","IC50","In vitro inhibitory activity against [3H](+)-MK-801 binding to PCP receptor in guinea pig brain membrane homogenates",10000.0,"N=C(Nc1ccccc1I)NC1C2CC3CC(C2)CC1C3"
"CHEMBL553817","Glutamate [NMDA] receptor","J. Med. Chem., (1990) 33:9:2421","IC50","In vitro inhibitory activity against [3H](+)-MK-801 binding to PCP receptor in guinea pig brain membrane homogenates",10000.0,"CC1(C)C2CCC1(C)C(/N=C(\N)Nc1ccccc1I)C2"
"CHEMBL553896","Glutamate [NMDA] receptor","J. Med. Chem., (1990) 33:9:2421","IC50","In vitro inhibitory activity against [3H](+)-MK-801 binding to PCP receptor in guinea pig brain membrane homogenates",10000.0,"N=C(Nc1ccccc1I)NC12CC3CC(CC(C3)C1)C2"
"CHEMBL71","Glutamate [NMDA] receptor","J. Med. Chem., (1992) 35:22:4135","IC50","Binding affinity against dextromethorpin binding site associated with N-methyl-D-aspartate glutamate receptor from guinea pig mitochondrial pellet P2 determined using [3H]1 as radioligand.",1100.0,"CN(C)CCCN1c2ccccc2Sc2ccc(Cl)cc21"
"CHEMBL79665","Glutamate [NMDA] receptor","J. Med. Chem., (1990) 33:9:2421","IC50","In vitro inhibitory activity against [3H](+)-MK-801 binding to PCP receptor in guinea pig brain membrane homogenates",5000.0,"Cc1ccccc1/N=C(\N)NC1CC2CCC1(C)C2(C)C"
"CHEMBL81461","Glutamate [NMDA] receptor","J. Med. Chem., (1990) 33:9:2421","IC50","In vitro inhibitory activity against [3H](+)-MK-801 binding to PCP receptor in guinea pig brain membrane homogenates",10000.0,"Cc1ccccc1/N=C(\N)NC1C2CC3CC(C2)CC1C3"
"CHEMBL81824","Glutamate [NMDA] receptor","J. Med. Chem., (1990) 33:9:2421","IC50","In vitro inhibitory activity against [3H]-TCP binding to PCP receptor in guinea pig brain membrane homogenates",5700.0,"Cc1ccccc1/N=C(/N)Nc1ccc([N+](=O)[O-])cc1C"
"CHEMBL81835","Glutamate [NMDA] receptor","J. Med. Chem., (1990) 33:9:2421","IC50","In vitro inhibitory activity against [3H]-TCP binding to PCP receptor in guinea pig brain membrane homogenates",32000.0,"Cc1ccccc1/N=C(\N)NC12CC3CC(CC(C3)C1)C2"
"CHEMBL86313","Glutamate [NMDA] receptor","Bioorg. Med. Chem. Lett., (2000) 10:1:75","IC50","Compound has been evaluated for its binding affinity towards N-methyl-D-aspartate glutamate receptor by displacing the radioligand [3H]MK-801",10000.0,"C[C@@H](NCc1cc(Br)cc2nc(O)c(O)nc12)P(=O)(O)O"
"CHEMBL116333","Glutamate [NMDA] receptor","Bioorg. Med. Chem. Lett., (1998) 8:24:3459","IC50","Ability to inhibit MK-801 binding to NMDA receptor in the presence of 100 uM of spermidine was determined",95210.0,"CCCN(Cc1cccc(CN(CCC)C(=N)N)n1)C(=N)N"
"CHEMBL117808","Glutamate [NMDA] receptor","Bioorg. Med. Chem. Lett., (1998) 8:24:3459","IC50","Ability to inhibit MK-801 binding to NMDA receptor in the presence of 100 uM of spermidine was determined",29810.0,"C=CCN(Cc1cccc(CN(CC=C)C(=N)N)c1)C(=N)N"
"CHEMBL118520","Glutamate [NMDA] receptor","Bioorg. Med. Chem. Lett., (1998) 8:24:3459","IC50","Ability to inhibit MK-801 binding to NMDA receptor in the presence of 100 uM of spermidine was determined",15710.0,"N=C(N)NCc1cc(CNC(=N)N)cc(-c2ccccc2)c1"
"CHEMBL118521","Glutamate [NMDA] receptor","Bioorg. Med. Chem. Lett., (1998) 8:24:3459","IC50","Ability to inhibit MK-801 binding to NMDA receptor in the presence of 100 uM of spermidine was determined",12170.0,"CCCN(Cc1cccc(CN(CCC)C(=N)N)c1)C(=N)N"
"CHEMBL133532","Glutamate [NMDA] receptor","J. Med. Chem., (1992) 35:22:4135","IC50","Binding affinity against dextromethorpin binding site associated with N-methyl-D-aspartate glutamate receptor from guinea pig mitochondrial pellet P2 determined using [3H]1 as radioligand.",150.0,"CC(C)Oc1ccc2c(c1)C13CCCCC1C(C2)N(C)CC3"
"CHEMBL273889","Glutamate [NMDA] receptor","Bioorg. Med. Chem. Lett., (2002) 12:7:1099","IC50","In vitro inhibitory activity at 1 uM concentration against N-methyl-D-aspartate glutamate receptor, using [3H]CGP-39653 binding assay",860.0,"CC(=O)N(C)C(c1cccc2nc(O)c(O)nc12)P(=O)(O)O"
"CHEMBL275966","Glutamate [NMDA] receptor","Bioorg. Med. Chem. Lett., (2002) 12:7:1099","IC50","In vitro inhibitory activity at 1 uM concentration against N-methyl-D-aspartate glutamate receptor, using [3H]CGP-39653 binding assay",17.0,"COC(c1cc([N+](=O)[O-])cc2nc(O)c(O)nc12)P(=O)(O)O"
"CHEMBL280243","Glutamate [NMDA] receptor","J. Med. Chem., (1990) 33:9:2421","IC50","In vitro inhibitory activity against [3H](+)-MK-801 binding to PCP receptor in guinea pig brain membrane homogenates",275.0,"CC(C)c1ccccc1NC(=N)Nc1ccccc1C(C)C"
"CHEMBL42805","Glutamate [NMDA] receptor","J. Med. Chem., (2003) 46:9:1609","IC50","Compound was tested for inhibition of [3H]DCKA binding to N-methyl-D-aspartate glutamate receptor",7.41310241301E9,"O=[N+]([O-])c1cccc(-c2c(O)nc3cc(Cl)cnc3c2O)c1"
"CHEMBL79437","Glutamate [NMDA] receptor","J. Med. Chem., (1990) 33:9:2421","IC50","In vitro inhibitory activity against [3H](+)-MK-801 binding to PCP receptor in guinea pig brain membrane homogenates",2110.0,"CCCc1cccc(NC(=N)Nc2cccc(CCC)c2)c1"
"CHEMBL81626","Glutamate [NMDA] receptor","J. Med. Chem., (1990) 33:9:2421","IC50","In vitro inhibitory activity against [3H](+)-MK-801 binding to PCP receptor in guinea pig brain membrane homogenates",26800.0,"CC(C)c1ccc(NC(=N)Nc2ccc(C(C)C)cc2)cc1"
"CHEMBL82078","Glutamate [NMDA] receptor","J. Med. Chem., (1990) 33:9:2421","IC50","In vitro inhibitory activity against [3H](+)-MK-801 binding to PCP receptor in guinea pig brain membrane homogenates",498.0,"CC(C)c1cccc(NC(=N)Nc2cccc(C(C)C)c2)c1"
"CHEMBL117030","Glutamate [NMDA] receptor","Bioorg. Med. Chem. Lett., (1998) 8:24:3459","IC50","Ability to inhibit MK-801 binding to NMDA receptor in the presence of 100 uM of spermidine was determined",9880.0,"N=C(N)NCc1cc(CNC(=N)N)cc(OC2CCCCC2)c1"
"CHEMBL133531","Glutamate [NMDA] receptor","J. Med. Chem., (1992) 35:22:4135","IC50","Binding affinity against dextromethorpin binding site associated with N-methyl-D-aspartate glutamate receptor from guinea pig mitochondrial pellet P2 determined using [3H]1 as radioligand.",160.0,"CCCCOc1ccc2c(c1)C13CCCCC1C(C2)N(C)CC3"
"CHEMBL2113241","Glutamate [NMDA] receptor","J. Med. Chem., (2006) 49:14:4374","IC50","Binding affinity to NMDA receptor glycine site",10000.0,"Cc1coc2ccc(N3C[C@@]4(CN5CCC4CC5)OC3=O)cc12"
"CHEMBL222519","Glutamate [NMDA] receptor","Bioorg. Med. Chem. Lett., (1993) 3:1:77","IC50","Tested for the affinity to the glycine site -NMDA receptor using [3H]Gly as radioligand.",100000.0,"NS(=O)(=O)c1cccc2c1c([N+](=O)[O-])cc1nc(O)c(O)nc12"
"CHEMBL436361","Glutamate [NMDA] receptor","Bioorg. Med. Chem. Lett., (1998) 8:24:3459","IC50","Ability to inhibit MK-801 binding to NMDA receptor in the presence of 100 uM of spermidine was determined",110500.0,"CCCN(Cc1cc(O)cc(CN(CCC)C(=N)N)c1)C(=N)N"
"CHEMBL540291","Glutamate [NMDA] receptor","J. Med. Chem., (1990) 33:9:2421","IC50","In vitro inhibitory activity against [3H](+)-MK-801 binding to PCP receptor in guinea pig brain membrane homogenates",2000.0,"Cc1ccccc1/N=C(\N)NC12CC3CC(C)(CC(C)(C3)C1)C2"
"CHEMBL545007","Glutamate [NMDA] receptor","J. Med. Chem., (1990) 33:9:2421","IC50","In vitro inhibitory activity against [3H](+)-MK-801 binding to PCP receptor in guinea pig brain membrane homogenates",10000.0,"N=C(NC1C[C@H]1c1ccccc1)NC12CC3CC(CC(C3)C1)C2"
"CHEMBL553074","Glutamate [NMDA] receptor","J. Med. Chem., (1990) 33:9:2421","IC50","In vitro inhibitory activity against [3H](+)-MK-801 binding to PCP receptor in guinea pig brain membrane homogenates",4000.0,"CC12CC3CC(C)(C1)CC(/N=C(\N)Nc1ccccc1I)(C3)C2"
"CHEMBL78488","Glutamate [NMDA] receptor","J. Med. Chem., (1990) 33:9:2421","IC50","In vitro inhibitory activity against [3H](+)-MK-801 binding to PCP receptor in guinea pig brain membrane homogenates",10000.0,"N/C(=N\C12CC3CC(CC(C3)C1)C2)Nc1ccccc1[N+](=O)[O-]"
"CHEMBL113919","Glutamate [NMDA] receptor","Bioorg. Med. Chem. Lett., (2003) 13:21:3859","IC50","Inhibition of [3H]Ro-256981 binding to N-methyl-D-aspartate glutamate receptor",196.0,"O=C(/C=C/c1ccc(O)cc1)N1CCC(Cc2ccccc2)CC1"
"CHEMBL116027","Glutamate [NMDA] receptor","Bioorg. Med. Chem. Lett., (1998) 8:24:3459","IC50","Ability to inhibit MK-801 binding to NMDA receptor in the presence of 100 uM of spermidine was determined",55260.0,"CCCN(Cc1cc(CN(CCC)C(=N)N)cc(OC)c1)C(=N)N"
"CHEMBL117468","Glutamate [NMDA] receptor","Bioorg. Med. Chem. Lett., (1998) 8:24:3459","IC50","Ability to inhibit MK-801 binding to NMDA receptor in the presence of 100 uM of spermidine was determined",112030.0,"CC(C)CN(Cc1cccc(CN(CC(C)C)C(=N)N)c1)C(=N)N"
"CHEMBL12513","Glutamate [NMDA] receptor","Bioorg. Med. Chem. Lett., (2002) 12:7:1099","IC50","In vitro inhibitory activity at 1 uM concentration against N-methyl-D-aspartate glutamate receptor, using [3H]CGP-39653 binding assay",0.8,"O=P(O)(O)Cc1cc(-c2ccc(Cl)cc2)cc2nc(O)c(O)nc12"
"CHEMBL12546","Glutamate [NMDA] receptor","Bioorg. Med. Chem. Lett., (2002) 12:7:1099","IC50","In vitro inhibitory activity at 1 uM concentration against N-methyl-D-aspartate glutamate receptor, using [3H]CGP-39653 binding assay",130.0,"O=P(O)(O)C(Nc1ccccc1)c1cccc2nc(O)c(O)nc12"
"CHEMBL17350","Glutamate [NMDA] receptor","Bioorg. Med. Chem. Lett., (2004) 14:15:3953","IC50","Inhibition of [3H]-Ro-25-6981 binding to NMDA receptor",7.0,"C[C@@H]([C@@H](O)c1ccc(O)cc1)N1CCC(O)(c2ccccc2)CC1"
"CHEMBL193980","Glutamate [NMDA] receptor","Bioorg. Med. Chem. Lett., (2005) 15:9:2231","IC50","Mean inhibitory concentration against [3H]MK-801 binding to porcine N-methyl-D-aspartate (NMDA) glutamate receptor; n=3",34000.0,"COc1cc2c(cc1OC)[C@H](C[C@@H](O)c1ccc(Cl)cc1)NCC2"
"CHEMBL193993","Glutamate [NMDA] receptor","Bioorg. Med. Chem. Lett., (2005) 15:9:2231","IC50","Mean inhibitory concentration against [3H]MK-801 binding to porcine N-methyl-D-aspartate (NMDA) glutamate receptor; n=3",40000.0,"COc1cc2c(cc1OC)[C@@H](C[C@H](O)c1ccc(Cl)cc1)NCC2"
"CHEMBL196187","Glutamate [NMDA] receptor","Bioorg. Med. Chem. Lett., (2005) 15:9:2231","IC50","Mean inhibitory concentration against [3H]MK-801 binding to porcine N-methyl-D-aspartate (NMDA) glutamate receptor; n=3",7400.0,"COc1cc2c(cc1OC)[C@H](C[C@H](O)c1ccc(Cl)cc1)NCC2"
"CHEMBL196402","Glutamate [NMDA] receptor","Bioorg. Med. Chem. Lett., (2005) 15:9:2231","IC50","Mean inhibitory concentration against [3H]MK-801 binding to porcine N-methyl-D-aspartate (NMDA) glutamate receptor; n=3",37000.0,"COc1cc2c(cc1OC)[C@@H](C[C@@H](O)c1ccc(Cl)cc1)NCC2"
"CHEMBL275906","Glutamate [NMDA] receptor","Bioorg. Med. Chem. Lett., (2002) 12:7:1099","IC50","In vitro inhibitory activity at 1 uM concentration against N-methyl-D-aspartate glutamate receptor, using [3H]CGP-39653 binding assay",8.1,"CC(=O)OC(c1cc([N+](=O)[O-])cc2nc(O)c(O)nc12)P(=O)(O)O"
"CHEMBL333241","Glutamate [NMDA] receptor","Bioorg. Med. Chem. Lett., (1998) 8:24:3459","IC50","Ability to inhibit MK-801 binding to NMDA receptor in the presence of 100 uM of spermidine was determined",9270.0,"CCCCN(Cc1cccc(CN(CCCC)C(=N)N)c1)C(=N)N"
"CHEMBL541828","Glutamate [NMDA] receptor","J. Med. Chem., (1990) 33:9:2421","IC50","In vitro inhibitory activity against [3H]-TCP binding to PCP receptor in guinea pig brain membrane homogenates",4300.0,"Cc1cc([N+](=O)[O-])ccc1NC(=N)Nc1ccc([N+](=O)[O-])cc1C"
"CHEMBL543120","Glutamate [NMDA] receptor","J. Med. Chem., (1990) 33:9:2421","IC50","In vitro inhibitory activity against [3H](+)-MK-801 binding to PCP receptor in guinea pig brain membrane homogenates",10000.0,"CCCCCCCCN=C(NC1CCCCC1)NC1CCCCC1"
"CHEMBL543252","Glutamate [NMDA] receptor","Bioorg. Med. Chem. Lett., (2002) 12:7:1099","IC50","In vitro inhibitory activity at 1 uM concentration against N-methyl-D-aspartate glutamate receptor, using [3H]CGP-39653 binding assay",65.0,"CCCNC(c1cc([N+](=O)[O-])cc2nc(O)c(O)nc12)P(=O)(O)O"
"CHEMBL543839","Glutamate [NMDA] receptor","J. Med. Chem., (1990) 33:9:2421","IC50","In vitro inhibitory activity against [3H]-TCP binding to PCP receptor in guinea pig brain membrane homogenates",10000.0,"N=C(NC1C2CC3CC(C2)CC1C3)NC1C2CC3CC(C2)CC1C3"
"CHEMBL553535","Glutamate [NMDA] receptor","J. Med. Chem., (1990) 33:9:2421","IC50","In vitro inhibitory activity against [3H]-TCP binding to PCP receptor in guinea pig brain membrane homogenates",10000.0,"N=C(NC12CC3CC(CC(C3)C1)C2)NC12CC3CC(CC(C3)C1)C2"
"CHEMBL78306","Glutamate [NMDA] receptor","J. Med. Chem., (1990) 33:9:2421","IC50","In vitro inhibitory activity against [3H](+)-MK-801 binding to PCP receptor in guinea pig brain membrane homogenates",1570.0,"N=C(Nc1cccc2c1CCCC2)Nc1cccc2c1CCCC2"
"CHEMBL78411","Glutamate [NMDA] receptor","J. Med. Chem., (1990) 33:9:2421","IC50","In vitro inhibitory activity against [3H](+)-MK-801 binding to PCP receptor in guinea pig brain membrane homogenates",38300.0,"CC(C)(C)c1ccccc1NC(=N)Nc1ccccc1C(C)(C)C"
"CHEMBL79509","Glutamate [NMDA] receptor","J. Med. Chem., (1990) 33:9:2421","IC50","In vitro inhibitory activity against [3H](+)-MK-801 binding to PCP receptor in guinea pig brain membrane homogenates",134.0,"N=C(Nc1cccc2ccccc12)Nc1cccc2ccccc12"
"CHEMBL81539","Glutamate [NMDA] receptor","J. Med. Chem., (1990) 33:9:2421","IC50","In vitro inhibitory activity against [3H]-TCP binding to PCP receptor in guinea pig brain membrane homogenates",4150.0,"N=C(Nc1ccccc1C(F)(F)F)Nc1ccccc1C(F)(F)F"
"CHEMBL117622","Glutamate [NMDA] receptor","Bioorg. Med. Chem. Lett., (1998) 8:24:3459","IC50","Ability to inhibit MK-801 binding to NMDA receptor in the presence of 100 uM of spermidine was determined",20560.0,"N=C(N)NCc1cc(CNC(=N)N)cc(NC(=O)c2ccccc2)c1"
"CHEMBL123908","Glutamate [NMDA] receptor","Bioorg. Med. Chem. Lett., (2003) 13:21:3859","IC50","Inhibition of [3H]Ro-256981 binding to N-methyl-D-aspartate glutamate receptor",380.0,"O=C(c1cc2cccc(O)c2[nH]1)N1CCC(Cc2ccccc2)CC1"
"CHEMBL124873","Glutamate [NMDA] receptor","Bioorg. Med. Chem. Lett., (2003) 13:21:3859","IC50","Inhibition of [3H]Ro-256981 binding to N-methyl-D-aspartate glutamate receptor",18.0,"O=C(c1cc2c(O)cccc2[nH]1)N1CCC(Cc2ccccc2)CC1"
"CHEMBL126035","Glutamate [NMDA] receptor","Bioorg. Med. Chem. Lett., (1993) 3:1:77","IC50","Tested for the affinity to the glycine site -NMDA receptor using [3H]Gly as radioligand.",120.0,"O=C(NS(=O)(=O)c1ccccc1)c1nc2cc(Cl)c(Cl)cc2nc1O"
"CHEMBL126228","Glutamate [NMDA] receptor","Bioorg. Med. Chem. Lett., (2004) 14:15:3953","IC50","Inhibition of [3H]-Ro-25-6981 binding to NMDA receptor",31.0,"O=C(c1cc2cc(O)ccc2[nH]1)N1CCC(Cc2ccccc2)CC1"
"CHEMBL193323","Glutamate [NMDA] receptor","Bioorg. Med. Chem. Lett., (2005) 15:9:2231","IC50","Mean inhibitory concentration against [3H]MK-801 binding to porcine N-methyl-D-aspartate (NMDA) glutamate receptor; n=3",29000.0,"COc1ccc([C@@H](O)C[C@@H]2NCCc3cc(OC)c(OC)cc32)cc1"
"CHEMBL194107","Glutamate [NMDA] receptor","Bioorg. Med. Chem. Lett., (2005) 15:9:2231","IC50","Mean inhibitory concentration against [3H]MK-801 binding to porcine N-methyl-D-aspartate (NMDA) glutamate receptor; n=3",31000.0,"COc1cc2c(cc1OC)[C@@H](C[C@H](O)c1ccc(Cl)cc1)N(C)CC2"
"CHEMBL194598","Glutamate [NMDA] receptor","Bioorg. Med. Chem. Lett., (2005) 15:9:2231","IC50","Mean inhibitory concentration against [3H]MK-801 binding to porcine N-methyl-D-aspartate (NMDA) glutamate receptor; n=3",56000.0,"COc1cc2c(cc1OC)[C@@H](C[C@@H](O)c1ccc(Cl)cc1)N(C)CC2"
"CHEMBL195973","Glutamate [NMDA] receptor","Bioorg. Med. Chem. Lett., (2005) 15:9:2231","IC50","Mean inhibitory concentration against [3H]MK-801 binding to porcine N-methyl-D-aspartate (NMDA) glutamate receptor; n=3",45000.0,"COc1cc2c(cc1OC)[C@H](C[C@@H](O)c1ccc(Cl)cc1)N(C)CC2"
"CHEMBL196080","Glutamate [NMDA] receptor","Bioorg. Med. Chem. Lett., (2005) 15:9:2231","IC50","Mean inhibitory concentration against [3H]MK-801 binding to porcine N-methyl-D-aspartate (NMDA) glutamate receptor; n=3",110000.0,"COc1ccc([C@H](O)C[C@@H]2NCCc3cc(OC)c(OC)cc32)cc1"
"CHEMBL197106","Glutamate [NMDA] receptor","Bioorg. Med. Chem. Lett., (2005) 15:9:2231","IC50","Mean inhibitory concentration against [3H]MK-801 binding to porcine N-methyl-D-aspartate (NMDA) glutamate receptor; n=3",140000.0,"COc1ccc([C@@H](O)C[C@H]2NCCc3cc(OC)c(OC)cc32)cc1"
"CHEMBL197467","Glutamate [NMDA] receptor","Bioorg. Med. Chem. Lett., (2005) 15:9:2231","IC50","Mean inhibitory concentration against [3H]MK-801 binding to porcine N-methyl-D-aspartate (NMDA) glutamate receptor; n=3",960.0,"COc1cc2c(cc1OC)[C@H](C[C@H](O)c1ccc(Cl)cc1)N(C)CC2"
"CHEMBL268714","Glutamate [NMDA] receptor","Bioorg. Med. Chem. Lett., (2002) 12:7:1099","IC50","In vitro inhibitory activity at 1 uM concentration against N-methyl-D-aspartate glutamate receptor, using [3H]CGP-39653 binding assay",370.0,"COC(=O)NC(c1cc([N+](=O)[O-])cc2nc(O)c(O)nc12)P(=O)(O)O"
"CHEMBL290321","Glutamate [NMDA] receptor","J. Med. Chem., (2003) 46:9:1609","IC50","Compound was tested for inhibition of [3H]DCKA binding to N-methyl-D-aspartate glutamate receptor",3.090295432514E10,"Oc1nc2ncccc2c(O)c1-c1cccc(Oc2ccccc2)c1"
"CHEMBL305195","Glutamate [NMDA] receptor","Bioorg. Med. Chem. Lett., (2004) 14:15:3953","IC50","Inhibition of [3H]-Ro-25-6981 binding to NMDA receptor",6.0,"C[C@@H](CN1CCC(Cc2ccccc2)CC1)[C@@H](O)c1ccc(O)cc1"
"CHEMBL317229","Glutamate [NMDA] receptor","Bioorg. Med. Chem. Lett., (2004) 14:15:3953","IC50","Inhibition of [3H]-Ro-25-6981 binding to NMDA receptor",4.0,"Cc1ccc(CC2(O)CCN(CCOc3ccc(O)cc3)CC2)cc1"
"CHEMBL333936","Glutamate [NMDA] receptor","Bioorg. Med. Chem. Lett., (2003) 13:21:3859","IC50","Inhibition of [3H]Ro-256981 binding to N-methyl-D-aspartate glutamate receptor",12.0,"O=C(c1cc2ccc(O)cc2[nH]1)N1CCC(Cc2ccccc2)CC1"
"CHEMBL360373","Glutamate [NMDA] receptor","Bioorg. Med. Chem. Lett., (2004) 14:15:3953","IC50","Inhibition of [3H]-Ro-25-6981 binding to NMDA receptor",16.0,"O=C(Nc1ccc(O)cc1)C(=O)N1CCC(Cc2ccccc2)CC1"
"CHEMBL371669","Glutamate [NMDA] receptor","Bioorg. Med. Chem. Lett., (2005) 15:9:2231","IC50","Mean inhibitory concentration against [3H]MK-801 binding to porcine N-methyl-D-aspartate (NMDA) glutamate receptor; n=3",120000.0,"COc1ccc([C@H](O)C[C@H]2NCCc3cc(OC)c(OC)cc32)cc1"
"CHEMBL40755","Glutamate [NMDA] receptor","J. Med. Chem., (2003) 46:9:1609","IC50","Compound was tested for inhibition of [3H]DCKA binding to N-methyl-D-aspartate glutamate receptor",1.995262314969E10,"Oc1nc2ccncc2c(O)c1-c1cccc(Oc2ccccc2)c1"
"CHEMBL41501","Glutamate [NMDA] receptor","J. Med. Chem., (2003) 46:9:1609","IC50","Compound was tested for inhibition of [3H]DCKA binding to N-methyl-D-aspartate glutamate receptor",5.3703179637E9,"Oc1nc2cnccc2c(O)c1-c1cccc(Oc2ccccc2)c1"
"CHEMBL536107","Glutamate [NMDA] receptor","Bioorg. Med. Chem. Lett., (2002) 12:7:1099","IC50","In vitro inhibitory activity at 1 uM concentration against N-methyl-D-aspartate glutamate receptor, using [3H]CGP-39653 binding assay",2.0,"O=P(O)(O)C(NCc1ccccc1)c1cccc2nc(O)c(O)nc12"
"CHEMBL78928","Glutamate [NMDA] receptor","J. Med. Chem., (1990) 33:9:2421","IC50","In vitro inhibitory activity against [3H](+)-MK-801 binding to PCP receptor in guinea pig brain membrane homogenates",10000.0,"N=C(Nc1ccccc1I)Nc1ccccc1/C=C/c1ccccc1"
"CHEMBL82247","Glutamate [NMDA] receptor","J. Med. Chem., (1990) 33:9:2421","IC50","In vitro inhibitory activity against [3H](+)-MK-801 binding to PCP receptor in guinea pig brain membrane homogenates",10000.0,"Cc1ccccc1/N=C(/N)Nc1ccccc1/C=C/c1ccccc1"
"CHEMBL12256","Glutamate [NMDA] receptor","Bioorg. Med. Chem. Lett., (2002) 12:7:1099","IC50","In vitro inhibitory activity at 1 uM concentration against N-methyl-D-aspartate glutamate receptor, using [3H]CGP-39653 binding assay",7.4,"O=P(O)(O)C(NCCc1ccccc1)c1cccc2nc(O)c(O)nc12"
"CHEMBL124516","Glutamate [NMDA] receptor","Bioorg. Med. Chem. Lett., (2003) 13:21:3859","IC50","Inhibition of [3H]Ro-256981 binding to N-methyl-D-aspartate glutamate receptor",106.0,"O=C(c1cc2cc(O)cc(O)c2[nH]1)N1CCC(Cc2ccccc2)CC1"
"CHEMBL126929","Glutamate [NMDA] receptor","Bioorg. Med. Chem. Lett., (2003) 13:21:3859","IC50","Inhibition of [3H]Ro-256981 binding to N-methyl-D-aspartate glutamate receptor",6.0,"O=C(c1cc2c(O)cc(O)cc2[nH]1)N1CCC(Cc2ccccc2)CC1"
"CHEMBL12733","Glutamate [NMDA] receptor","Bioorg. Med. Chem. Lett., (2002) 12:7:1099","IC50","In vitro inhibitory activity at 1 uM concentration against N-methyl-D-aspartate glutamate receptor, using [3H]CGP-39653 binding assay",160.0,"CN(Cc1ccccc1)C(c1cccc2nc(O)c(O)nc12)P(=O)(O)O"
"CHEMBL127510","Glutamate [NMDA] receptor","Bioorg. Med. Chem. Lett., (2003) 13:21:3859","IC50","Inhibition of [3H]Ro-256981 binding to N-methyl-D-aspartate glutamate receptor",19.0,"O=C(c1cc2ccc(O)cc2[nH]1)N1CCC(COc2ccccc2)CC1"
"CHEMBL131093","Glutamate [NMDA] receptor","J. Med. Chem., (1992) 35:22:4135","IC50","Binding affinity against dextromethorpin binding site associated with N-methyl-D-aspartate glutamate receptor from guinea pig mitochondrial pellet P2 determined using [3H]1 as radioligand.",270.0,"CN1CCC23CCCCC2C1Cc1ccc(OCc2ccccc2)cc13"
"CHEMBL196828","Glutamate [NMDA] receptor","Bioorg. Med. Chem. Lett., (2005) 15:9:2231","IC50","Mean inhibitory concentration against [3H]MK-801 binding to porcine N-methyl-D-aspartate (NMDA) glutamate receptor; n=3",120000.0,"COc1ccc([C@@H](O)C[C@@H]2c3cc(OC)c(OC)cc3CCN2C)cc1"
"CHEMBL196983","Glutamate [NMDA] receptor","Bioorg. Med. Chem. Lett., (2005) 15:9:2231","IC50","Mean inhibitory concentration against [3H]MK-801 binding to porcine N-methyl-D-aspartate (NMDA) glutamate receptor; n=3",4600.0,"COc1ccc([C@@H](O)C[C@H]2c3cc(OC)c(OC)cc3CCN2C)cc1"
"CHEMBL268920","Glutamate [NMDA] receptor","Bioorg. Med. Chem. Lett., (2002) 12:7:1099","IC50","In vitro inhibitory activity at 1 uM concentration against N-methyl-D-aspartate glutamate receptor, using [3H]CGP-39653 binding assay",9.7,"C[C@H](NC(c1cccc2nc(O)c(O)nc12)P(=O)(O)O)c1ccccc1"
"CHEMBL273686","Glutamate [NMDA] receptor","Bioorg. Med. Chem. Lett., (2002) 12:7:1099","IC50","In vitro inhibitory activity at 1 uM concentration against N-methyl-D-aspartate glutamate receptor, using [3H]CGP-39653 binding assay",31.0,"C[C@@H](NC(c1cccc2nc(O)c(O)nc12)P(=O)(O)O)c1ccccc1"
"CHEMBL339570","Glutamate [NMDA] receptor","Bioorg. Med. Chem. Lett., (2003) 13:21:3859","IC50","Inhibition of [3H]Ro-256981 binding to N-methyl-D-aspartate glutamate receptor",359.0,"O=C(c1cc2ccc(O)cc2[nH]1)N1CCC(CCc2ccccc2)CC1"
"CHEMBL40976","Glutamate [NMDA] receptor","J. Med. Chem., (2003) 46:9:1609","IC50","Compound was tested for inhibition of [3H]DCKA binding to N-methyl-D-aspartate glutamate receptor",2.290867653E7,"Oc1nc2cc(Cl)cnc2c(O)c1Oc1cccc(-c2ccccc2)c1"
"CHEMBL41291","Glutamate [NMDA] receptor","J. Med. Chem., (2003) 46:9:1609","IC50","Compound was tested for inhibition of [3H]DCKA binding to N-methyl-D-aspartate glutamate receptor",1.0964781961E8,"Oc1nc2cc(Cl)cnc2c(O)c1-c1cccc(Oc2ccccc2)c1"
"CHEMBL415077","Glutamate [NMDA] receptor","J. Med. Chem., (1990) 33:9:2421","IC50","In vitro inhibitory activity against [3H](+)-MK-801 binding to PCP receptor in guinea pig brain membrane homogenates",10000.0,"N=C(Nc1ccccc1-c1ccccc1)NC12CC3CC(CC(C3)C1)C2"
"CHEMBL41939","Glutamate [NMDA] receptor","J. Med. Chem., (2003) 46:9:1609","IC50","Compound was tested for inhibition of [3H]DCKA binding to N-methyl-D-aspartate glutamate receptor",1.905460717963E10,"Oc1nc2ncc(Cl)cc2c(O)c1-c1cccc(Oc2ccccc2)c1"
"CHEMBL419784","Glutamate [NMDA] receptor","Bioorg. Med. Chem. Lett., (2003) 13:21:3859","IC50","Inhibition of [3H]Ro-256981 binding to N-methyl-D-aspartate glutamate receptor",47.0,"O=C(c1cc2ccc(O)cc2[nH]1)N1CCC(OCc2ccccc2)CC1"
"CHEMBL42307","Glutamate [NMDA] receptor","J. Med. Chem., (2003) 46:9:1609","IC50","Compound was tested for inhibition of [3H]DCKA binding to N-methyl-D-aspartate glutamate receptor",3.98107170553E9,"O=[N+]([O-])c1c(OCCCc2ccccc2)c(F)cc2nc(O)c(O)nc12"
"CHEMBL82246","Glutamate [NMDA] receptor","J. Med. Chem., (1990) 33:9:2421","IC50","In vitro inhibitory activity against [3H](+)-MK-801 binding to PCP receptor in guinea pig brain membrane homogenates",10000.0,"N=C(Nc1ccccc1-c1ccccc1)Nc1cccc2ccccc12"
"CHEMBL12301","Glutamate [NMDA] receptor","Bioorg. Med. Chem. Lett., (2002) 12:7:1099","IC50","In vitro inhibitory activity at 1 uM concentration against N-methyl-D-aspartate glutamate receptor, using [3H]CGP-39653 binding assay",120.0,"O=P(O)(O)C(N[C@H]1CCc2ccccc21)c1cccc2nc(O)c(O)nc12"
"CHEMBL273636","Glutamate [NMDA] receptor","Bioorg. Med. Chem. Lett., (2002) 12:7:1099","IC50","In vitro inhibitory activity at 1 uM concentration against N-methyl-D-aspartate glutamate receptor, using [3H]CGP-39653 binding assay",8.0,"C[C@H](NC(c1cccc2nc(O)c(O)nc12)P(=O)(O)O)c1ccc(Br)cc1"
"CHEMBL557993","Glutamate [NMDA] receptor","Bioorg. Med. Chem. Lett., (2002) 12:7:1099","IC50","In vitro inhibitory activity at 1 uM concentration against N-methyl-D-aspartate glutamate receptor, using [3H]CGP-39653 binding assay",4.1,"O=[N+]([O-])c1cc(C(NCc2ccco2)P(=O)(O)O)c2nc(O)c(O)nc2c1"
"CHEMBL182665","Glutamate [NMDA] receptor","Bioorg. Med. Chem. Lett., (2004) 14:15:3953","IC50","Inhibition of [3H]-Ro-25-6981 binding to NMDA receptor",8.0,"O=C(Nc1ccc2nc(O)oc2c1)C(=O)N1CCC(Cc2ccccc2)CC1"
"CHEMBL182698","Glutamate [NMDA] receptor","Bioorg. Med. Chem. Lett., (2004) 14:15:3953","IC50","Inhibition of [3H]-Ro-25-6981 binding to NMDA receptor",8.0,"O=C(CCN1CCC(Cc2ccc(F)cc2)CC1)c1ccc2nc(O)oc2c1"
"CHEMBL183457","Glutamate [NMDA] receptor","Bioorg. Med. Chem. Lett., (2004) 14:15:3953","IC50","Inhibition of [3H]-Ro-25-6981 binding to NMDA receptor",17.0,"O=C(Nc1ccc2nc(O)sc2c1)C(=O)N1CCC(Cc2ccccc2)CC1"
"CHEMBL219631","Glutamate [NMDA] receptor","Bioorg. Med. Chem. Lett., (2004) 14:15:3953","IC50","Inhibition of [3H]-Ro-25-6981 binding to NMDA receptor",4.0,"O=c1[nH]c2ccc([S+]([O-])CCN3CCC(Cc4ccc(F)cc4)CC3)cc2o1"
"CHEMBL363010","Glutamate [NMDA] receptor","Bioorg. Med. Chem. Lett., (2004) 14:15:3953","IC50","Inhibition of [3H]-Ro-25-6981 binding to NMDA receptor",4.0,"O=C(Nc1ccc2[nH]c(O)nc2c1)C(=O)N1CCC(Cc2ccccc2)CC1"
"CHEMBL536106","Glutamate [NMDA] receptor","Bioorg. Med. Chem. Lett., (2002) 12:7:1099","IC50","In vitro inhibitory activity at 1 uM concentration against N-methyl-D-aspartate glutamate receptor, using [3H]CGP-39653 binding assay",80.0,"CP(=O)(O)C(NCc1ccccc1)c1cc([N+](=O)[O-])cc2nc(O)c(O)nc12"
"CHEMBL537478","Glutamate [NMDA] receptor","Bioorg. Med. Chem. Lett., (2002) 12:7:1099","IC50","In vitro inhibitory activity at 1 uM concentration against N-methyl-D-aspartate glutamate receptor, using [3H]CGP-39653 binding assay",1.5,"O=[N+]([O-])c1cc(C(NCc2ccccc2)P(=O)(O)O)c2nc(O)c(O)nc2c1"
"CHEMBL539360","Glutamate [NMDA] receptor","J. Med. Chem., (1990) 33:9:2421","IC50","In vitro inhibitory activity against [3H](+)-MK-801 binding to PCP receptor in guinea pig brain membrane homogenates",3500.0,"N=C(Nc1ccccc1/C=C/c1ccccc1)NC12CC3CC(CC(C3)C1)C2"
"CHEMBL543355","Glutamate [NMDA] receptor","J. Med. Chem., (1990) 33:9:2421","IC50","In vitro inhibitory activity against [3H](+)-MK-801 binding to PCP receptor in guinea pig brain membrane homogenates",10000.0,"N=C(Nc1ccccc1CCc1ccccc1)NC12CC3CC(CC(C3)C1)C2"
"CHEMBL543602","Glutamate [NMDA] receptor","J. Med. Chem., (1990) 33:9:2421","IC50","In vitro inhibitory activity against [3H](+)-MK-801 binding to PCP receptor in guinea pig brain membrane homogenates",10000.0,"N=C(Nc1ccccc1/C=C/c1ccccc1)NC1C2CC3CC(C2)CC1C3"
"CHEMBL552664","Glutamate [NMDA] receptor","Bioorg. Med. Chem. Lett., (2002) 12:7:1099","IC50","In vitro inhibitory activity at 1 uM concentration against N-methyl-D-aspartate glutamate receptor, using [3H]CGP-39653 binding assay",3.0,"O=[N+]([O-])c1cc(C(NCC2CCCCC2)P(=O)(O)O)c2nc(O)c(O)nc2c1"
"CHEMBL81594","Glutamate [NMDA] receptor","J. Med. Chem., (1990) 33:9:2421","IC50","In vitro inhibitory activity against [3H](+)-MK-801 binding to PCP receptor in guinea pig brain membrane homogenates",10000.0,"N=C(Nc1ccccc1-c1ccccc1)Nc1ccccc1-c1ccccc1"
"CHEMBL182066","Glutamate [NMDA] receptor","Bioorg. Med. Chem. Lett., (2004) 14:15:3953","IC50","Inhibition of [3H]-Ro-25-6981 binding to NMDA receptor",6.0,"O=C(Nc1ccc2[nH]c(=O)oc2c1)C(=O)N1CCC(Cc2ccc(F)cc2)CC1"
"CHEMBL182369","Glutamate [NMDA] receptor","Bioorg. Med. Chem. Lett., (2004) 14:15:3953","IC50","Inhibition of [3H]-Ro-25-6981 binding to NMDA receptor",139.0,"O=C1Nc2ccc(NC(=O)C(=O)N3CCC(Cc4ccccc4)CC3)cc2CO1"
"CHEMBL183142","Glutamate [NMDA] receptor","Bioorg. Med. Chem. Lett., (2004) 14:15:3953","IC50","Inhibition of [3H]-Ro-25-6981 binding to NMDA receptor",26.0,"O=C(Nc1ccc2[nH]c(O)nc2c1)C(=O)N1CCC(Oc2ccc(Cl)cc2)CC1"
"CHEMBL183825","Glutamate [NMDA] receptor","Bioorg. Med. Chem. Lett., (2004) 14:15:3953","IC50","Inhibition of [3H]-Ro-25-6981 binding to NMDA receptor",17.0,"Cc1ccc(OC2CCN(C(=O)C(=O)Nc3ccc4nc(O)sc4c3)CC2)cc1"
"CHEMBL185812","Glutamate [NMDA] receptor","Bioorg. Med. Chem. Lett., (2004) 14:15:3953","IC50","Inhibition of [3H]-Ro-25-6981 binding to NMDA receptor",54.0,"Cc1ccc(CC2CCN(C(=O)C(=O)Nc3ccc4c(c3)CC(=O)N4)CC2)cc1"
"CHEMBL360463","Glutamate [NMDA] receptor","Bioorg. Med. Chem. Lett., (2004) 14:15:3953","IC50","Inhibition of [3H]-Ro-25-6981 binding to NMDA receptor",131.0,"Cc1ccc(OC2CCN(C(=O)C(=O)Nc3ccc4[nH]c(S)nc4c3)CC2)cc1"
"CHEMBL363722","Glutamate [NMDA] receptor","Bioorg. Med. Chem. Lett., (2004) 14:15:3953","IC50","Inhibition of [3H]-Ro-25-6981 binding to NMDA receptor",5.0,"O=C(Nc1ccc2[nH]c(O)nc2c1)C(=O)N1CCC(Cc2ccc(F)cc2)CC1"
"CHEMBL367816","Glutamate [NMDA] receptor","Bioorg. Med. Chem. Lett., (2004) 14:15:3953","IC50","Inhibition of [3H]-Ro-25-6981 binding to NMDA receptor",40.0,"O=C(Nc1ccc2nc(O)oc2c1)C(=O)N1CCC(Oc2ccc(Cl)cc2)CC1"
"CHEMBL12414","Glutamate [NMDA] receptor","Bioorg. Med. Chem. Lett., (2002) 12:7:1099","IC50","In vitro inhibitory activity at 1 uM concentration against N-methyl-D-aspartate glutamate receptor, using [3H]CGP-39653 binding assay",27.0,"C[C@H](NC(c1cccc2nc(O)c(O)nc12)P(=O)(O)O)c1cccc2ccccc12"
"CHEMBL182951","Glutamate [NMDA] receptor","Bioorg. Med. Chem. Lett., (2004) 14:15:3953","IC50","Inhibition of [3H]-Ro-25-6981 binding to NMDA receptor",17.0,"Cc1ccc(CC2CCN(C(=O)C(=O)Nc3ccc4c(c3)OCC(=O)N4)CC2)cc1"
"CHEMBL432447","Glutamate [NMDA] receptor","Bioorg. Med. Chem. Lett., (1998) 8:24:3459","IC50","Ability to inhibit MK-801 binding to NMDA receptor in the presence of 100 uM of spermidine was determined",2230.0,"N=C(N)N(Cc1ccccc1)Cc1cccc(CN(Cc2ccccc2)C(=N)N)c1"
"CHEMBL557002","Glutamate [NMDA] receptor","J. Med. Chem., (1990) 33:9:2421","IC50","In vitro inhibitory activity against [3H](+)-MK-801 binding to PCP receptor in guinea pig brain membrane homogenates",10000.0,"CC12CC3CC(C)(C1)CC(/N=C(\N)Nc1ccccc1/C=C/c1ccccc1)(C3)C2"
"CHEMBL276670","Glutamate [NMDA] receptor","Bioorg. Med. Chem. Lett., (2002) 12:7:1099","IC50","In vitro inhibitory activity at 1 uM concentration against N-methyl-D-aspartate glutamate receptor, using [3H]CGP-39653 binding assay",38.0,"O=P(O)(O)C(NC(c1ccccc1)c1ccccc1)c1cccc2nc(O)c(O)nc12"
"CHEMBL553536","Glutamate [NMDA] receptor","J. Med. Chem., (1990) 33:9:2421","IC50","In vitro inhibitory activity against [3H](+)-MK-801 binding to PCP receptor in guinea pig brain membrane homogenates",10000.0,"CC(=O)[C@H]1CCC2C3CC=C4CC(/N=C(\N)Nc5ccccc5C)CC[C@]4(C)C3CC[C@@]21C"
"CHEMBL556617","Glutamate [NMDA] receptor","J. Med. Chem., (1990) 33:9:2421","IC50","In vitro inhibitory activity against [3H](+)-MK-801 binding to PCP receptor in guinea pig brain membrane homogenates",10000.0,"N=C(Nc1ccccc1/C=C/c1c(F)c(F)c(F)c(F)c1F)NC12CC3CC(CC(C3)C1)C2"
"CHEMBL543489","Glutamate [NMDA] receptor","Bioorg. Med. Chem. Lett., (2002) 12:7:1099","IC50","In vitro inhibitory activity at 1 uM concentration against N-methyl-D-aspartate glutamate receptor, using [3H]CGP-39653 binding assay",60.0,"O=[N+]([O-])c1cc(C(NCc2ccccc2)P(=O)(O)Cc2ccccc2)c2nc(O)c(O)nc2c1"
"CHEMBL544537","Glutamate [NMDA] receptor","J. Med. Chem., (1990) 33:9:2421","IC50","In vitro inhibitory activity against [3H](+)-MK-801 binding to PCP receptor in guinea pig brain membrane homogenates",10000.0,"Cc1ccccc1N/C(N)=N/C1CC[C@@]2(C)C(=CCC3C2CC[C@@]2(C)C3CC[C@@H]2C(C)CCCC(C)C)C1"
"CHEMBL1161122","Glutamate [NMDA] receptor","J. Med. Chem., (1999) 42:3:415","IC50","The compound was tested for the inhibitory activity against N-methyl-D-aspartate glutamate receptor from superior temporal region of human brain by measuring spermine-enhanced [3H]- MK-801 binding",23.0,"CC(C)C[C@H](NC(=O)[C@H](CCC(=O)O)NC(=O)[C@H](CCC(=O)O)NC(=O)[C@H](CCC(=O)O)NC(=O)CN)C(=O)N[C@@H](CCC(N)=O)C(=O)N[C@@H](CCC(=O)O)C(=O)N[C@@H](CC(N)=O)C(N)=O"
"CHEMBL1161117","Glutamate [NMDA] receptor","J. Med. Chem., (1999) 42:3:415","IC50","The compound was tested for the inhibitory activity against N-methyl-D-aspartate glutamate receptor from mid-frontal region of human brain by measuring spermine-enhanced [3H]- MK-801 binding",20000.0,"CC[C@H](C)[C@@H]1NC(=O)[C@H](CC(C)C)NC(=O)[C@@H](NC(=O)[C@H](CCC(N)=O)[C@H](CC(N)=O)NC(=O)[C@H](C)NC(=O)[C@H](CCC(N)=O)NC(=O)[C@H](CC(C)C)NC(=O)[C@H](CCC(=O)O)NC(=O)[C@H](CCC(=O)O)NC(=O)[C@H](CCC(=O)O)NC(=O)CN)CCC(=O)NCCCC[C@@H](C(=O)N[C@@H](CCC(=O)O)C(=O)N[C@@H](CCCCN)C(=O)N[C@@H](CO)C(=O)N[C@@H](CC(N)=O)C(N)=O)NC1=O"
"CHEMBL1791459","Glutamate [NMDA] receptor","J. Med. Chem., (1999) 42:3:415","IC50","The compound was tested for the inhibitory activity against N-methyl-D-aspartate glutamate receptor from superior temporal region of human brain by measuring spermine-enhanced [3H]- MK-801 binding",1680.0,"CC[C@H](C)[C@H](NC(=O)[C@H](CC(C)C)NC(=O)[C@H](CCC(=O)O)NC(=O)[C@H](CCC(N)=O)NC(=O)[C@H](CC(N)=O)NC(=O)[C@H](C)NC(=O)[C@H](CCC(N)=O)NC(=O)[C@H](CC(C)C)NC(=O)[C@H](CCC(=O)O)NC(=O)[C@H](CCC(=O)O)NC(=O)[C@H](CCC(=O)O)NC(=O)CN)C(=O)N[C@@H](CCCN=C(N)N)C(=O)N[C@@H](CCC(=O)O)C(=O)N[C@@H](CCCCN)C(=O)N[C@@H](CO)C(=O)N[C@@H](CC(N)=O)C(N)=O"
"CHEMBL1161135","Glutamate [NMDA] receptor","J. Med. Chem., (1999) 42:3:415","IC50","The compound was tested for the inhibitory activity against N-methyl-D-aspartate glutamate receptor from superior temporal region of human brain by measuring spermine-enhanced [3H]- MK-801 binding",21.0,"CC[C@@H](C)[C@H](NC(=O)[C@H](CC(C)C)NC(=O)[C@H](CCC(=O)O)[C@H](CCC(N)=O)NC(=O)[C@H](CC(N)=O)NC(=O)[C@H](CCC(=O)O)NC(=O)[C@H](CCC(N)=O)NC(=O)[C@H](CC(C)C)NC(=O)[C@H](CCC(=O)O)NC(=O)[C@H](CCC(=O)O)NC(=O)[C@H](CCC(=O)O)NC(=O)CN)C(=O)N[C@@H](CCCN=C(N)N)C(=O)N[C@@H](CCC(=O)O)C(=O)N[C@@H](CCCCN)C(=O)N[C@@H](CO)C(=O)N[C@@H](CC(N)=O)C(N)=O"
"CHEMBL1161118","Glutamate [NMDA] receptor","J. Med. Chem., (1999) 42:3:415","IC50","The compound was tested for the inhibitory activity against N-methyl-D-aspartate glutamate receptor from mid-frontal region of human brain by measuring spermine-enhanced [3H]- MK-801 binding",8480.0,"CC[C@@H](C)[C@H](NC(=O)[C@H](CC(C)C)NC(=O)[C@@H]1CCC(=O)NCCCC[C@H](NC(=O)[C@H](CCC(N)=O)NC(=O)[C@H](CC(C)C)NC(=O)[C@H](CCC(=O)O)NC(=O)[C@H](CCC(=O)O)NC(=O)[C@H](CCC(=O)O)NC(=O)CN)C(=O)N[C@@H](CC(N)=O)C(=O)N[C@H](CCC(N)=O)C(=O)N1)C(=O)N[C@@H](CCCN=C(N)N)C(=O)N[C@@H](CCC(=O)O)C(=O)N[C@@H](CCCCN)C(=O)N[C@@H](CO)C(=O)N[C@@H](CC(N)=O)C(N)=O"
"CHEMBL1791460","Glutamate [NMDA] receptor","J. Med. Chem., (1999) 42:3:415","IC50","The compound was tested for the inhibitory activity against N-methyl-D-aspartate glutamate receptor from mid-frontal region of human brain by measuring spermine-enhanced [3H]- MK-801 binding",11000.0,"CC[C@H](C)[C@H](NC(=O)[C@H](CC(C)C)NC(=O)[C@H](CCC(=O)O)NC(=O)[C@H](CCC(N)=O)NC(=O)[C@H](CC(N)=O)NC(=O)[C@H](CCCCN)NC(=O)[C@H](CCC(N)=O)NC(=O)[C@H](CC(C)C)NC(=O)[C@H](CCC(=O)O)NC(=O)[C@H](CCC(=O)O)NC(=O)[C@H](CCC(=O)O)NC(=O)CN)C(=O)N[C@@H](CCCN=C(N)N)C(=O)N[C@@H](CCC(=O)O)C(=O)N[C@@H](CCCCN)C(=O)N[C@@H](CO)C(=O)N[C@@H](CC(N)=O)C(N)=O"
"CHEMBL1791462","Glutamate [NMDA] receptor","J. Med. Chem., (1999) 42:3:415","IC50","The compound was tested for the inhibitory activity against N-methyl-D-aspartate glutamate receptor from superior temporal region of human brain by measuring spermine-enhanced [3H]- MK-801 binding",570.0,"CC[C@H](C)[C@H](NC(=O)[C@H](CC(C)C)NC(=O)[C@H](CCC(=O)O)NC(=O)[C@H](CCC(N)=O)NC(=O)[C@H](CC(N)=O)NC(=O)[C@H](C)NC(=O)[C@H](CCC(N)=O)NC(=O)[C@H](Cc1ccc(O)cc1)NC(=O)[C@H](CCC(=O)O)NC(=O)[C@H](CCC(=O)O)NC(=O)[C@H](CCC(=O)O)NC(=O)CN)C(=O)N[C@@H](CCCN=C(N)N)C(=O)N[C@@H](CCC(=O)O)C(=O)N[C@@H](CCCCN)C(=O)N[C@@H](CO)C(=O)N[C@@H](CC(N)=O)C(N)=O"
"CHEMBL1791463","Glutamate [NMDA] receptor","J. Med. Chem., (1999) 42:3:415","IC50","The compound was tested for the inhibitory activity against N-methyl-D-aspartate glutamate receptor from superior temporal region of human brain by measuring spermine-enhanced [3H]- MK-801 binding",9.0,"CC[C@H](C)[C@H](NC(=O)[C@H](CC(C)C)NC(=O)[C@H](CCC(=O)O)NC(=O)[C@H](CCC(N)=O)NC(=O)[C@H](CC(=O)O)NC(=O)[C@H](CCC(=O)O)NC(=O)[C@H](CCC(N)=O)NC(=O)[C@H](CC(C)C)NC(=O)[C@H](CCC(=O)O)NC(=O)[C@H](CCC(=O)O)NC(=O)[C@H](CCC(=O)O)NC(=O)CN)C(=O)N[C@@H](CCCN=C(N)N)C(=O)N[C@@H](CCC(=O)O)C(=O)N[C@@H](CCCCN)C(=O)N[C@@H](CO)C(=O)N[C@@H](CC(=O)O)C(N)=O"
"CHEMBL1791461","Glutamate [NMDA] receptor","J. Med. Chem., (1999) 42:3:415","IC50","The compound was tested for the inhibitory activity against N-methyl-D-aspartate glutamate receptor from superior temporal region of human brain by measuring spermine-enhanced [3H]- MK-801 binding",56.0,"CC[C@H](C)[C@H](NC(=O)[C@H](CC(C)C)NC(=O)[C@H](CCC(=O)O)NC(=O)[C@H](CCC(N)=O)NC(=O)[C@H](CC(N)=O)NC(=O)[C@H](CCCCN)NC(=O)[C@H](CCC(N)=O)NC(=O)[C@H](Cc1ccc(O)cc1)NC(=O)[C@H](CCC(=O)O)NC(=O)[C@H](CCC(=O)O)NC(=O)[C@H](CCC(=O)O)NC(=O)CN)C(=O)N[C@@H](CCCN=C(N)N)C(=O)N[C@@H](CCC(=O)O)C(=O)N[C@@H](CCCCN)C(=O)N[C@@H](CO)C(=O)N[C@@H](CC(N)=O)C(N)=O"
"CHEMBL1161128","Glutamate [NMDA] receptor","J. Med. Chem., (1999) 42:3:415","IC50","The compound was tested for the inhibitory activity against N-methyl-D-aspartate glutamate receptor from mid-frontal region of human brain by measuring spermine-enhanced [3H]- MK-801 binding",125.0,"CSCC[C@H](NC(=O)[C@H](CCCCN)NC(=O)[C@H](CCC(N)=O)NC(=O)[C@H](Cc1ccc(O)cc1)NC(=O)[C@H](CCC(=O)O)NC(=O)[C@H](CCC(=O)O)NC(=O)[C@H](CCC(=O)O)NC(=O)CN)C(=O)N[C@@H](CC(C)C)C(=O)N[C@@H](CCC(=O)O)C(=O)N(C)[C@@H](CC(N)=O)C(=O)N[C@@H](CC(C)C)C(=O)N[C@@H](CCCN=C(N)N)C(=O)N[C@@H](CCC(=O)O)C(=O)N[C@@H](C)C(=O)N[C@@H](CCC(=O)O)C(=O)N[C@H](C(=O)N[C@@H](CCCCN)C(=O)N[C@@H](CCCCN)C(=O)N[C@@H](CC(N)=O)C(=O)N[C@@H](C)C(N)=O)C(C)C"
