"chemblId","reference","bioactivity__type","assay__description","Activity_value","Smiles"
"CHEMBL2436555","Bioorg. Med. Chem. Lett., (2013) 23:21:5945","Ki","Displacement of [[3H]GR113808 from human recombinant 5-HT4 receptor after 90 mins by scintillation counting analysis",10000.0,"NC1=Nc2ccc(Cl)cc2CN1"
"CHEMBL39","J. Nat. Prod., (2006) 69:10:1421","Ki","Displacement of [N-methyl-3H]GR-113808 from human 5HT4 receptor expressed in HEK293 cells",500.0,"NCCc1c[nH]c2ccc(O)cc12"
"CHEMBL371300","J. Med. Chem., (2006) 49:1:318","Ki","Inhibitory activity against 5HT4 receptor",515.0,"C[C@H](N)Cn1ncc2ccc(O)cc21"
"CHEMBL8165","Eur. J. Med. Chem., (2009) 44:7:2952","Ki","Displacement of [3H]GR-113808 from human 5HT4b receptor expressed in COS7 cell membrane by scintillation counting",26.92,"COc1ccc2[nH]cc(CCN)c2c1"
"CHEMBL1323615","Unspecified","Ki","PUBCHEM_BIOASSAY: Late-stage radioligand binding dose response assay to identify inhibitors of NADPH oxidase 1 (NOX1): PDSP screen Ki. (Class of assay: screening) [Related pubchem assays (depositor defined):AID1792, AID1796, AID1823, AID2532, AID2538, AID2539, AID2541, AID2545, AID2556, AID2664, AID2752, AID2773, AID434992, AID434993, AID434997, AID435002, AID435009, AID435013, AID463255, AID488778, AID504381, AID504410] Panel member name: Serotonin receptor 5ht4",10000.0,"CN1c2ccccc2Sc2cc(N)ccc21"
"CHEMBL133455","J. Med. Chem., (2003) 46:19:4188","Ki","Inhibitory constant against 5-hydroxytryptamine 4 receptor using [3H]GR-113808 radioligand",1700.0,"C[C@H](N)Cc1c[nH]c2ccc3c(c12)CCCO3"
"CHEMBL133868","J. Med. Chem., (2003) 46:19:4188","Ki","Inhibitory constant against 5-hydroxytryptamine 4 receptor using [3H]GR-113808 radioligand",1800.0,"CC(N)Cc1c[nH]c2ccc3c(c12)CCCO3"
"CHEMBL2058694","Bioorg. Med. Chem., (2013) 21:22:7083","Ki","Displacement of [3H]GR113808 from human recombinant 5HT4 receptor",2359.0,"O=C1NC(=S)N/C1=C\c1c[nH]c2cccc(Br)c12"
"CHEMBL2058697","Bioorg. Med. Chem., (2013) 21:22:7083","Ki","Displacement of [3H]GR113808 from human recombinant 5HT4 receptor",2214.0,"O=C1NC(=S)N/C1=C\c1c[nH]c2c(Br)cccc12"
"CHEMBL2058702","Bioorg. Med. Chem., (2013) 21:22:7083","Ki","Displacement of [3H]GR113808 from human recombinant 5HT4 receptor",928.0,"C/N=C1\NC(=O)/C(=C/c2c[nH]c3ccccc23)N1"
"CHEMBL2058698","Bioorg. Med. Chem., (2013) 21:22:7083","Ki","Displacement of [3H]GR113808 from human recombinant 5HT4 receptor",1063.0,"CSC1=NC(=O)/C(=C/c2c[nH]c3cccc(Br)c23)N1"
"CHEMBL2058699","Bioorg. Med. Chem., (2013) 21:22:7083","Ki","Displacement of [3H]GR113808 from human recombinant 5HT4 receptor",3799.0,"CSC1=NC(=O)/C(=C/c2c[nH]c3ccc(Br)cc23)N1"
"CHEMBL2058700","Bioorg. Med. Chem., (2013) 21:22:7083","Ki","Displacement of [3H]GR113808 from human recombinant 5HT4 receptor",5308.0,"CSC1=NC(=O)/C(=C/c2c[nH]c3cc(Br)ccc23)N1"
"CHEMBL2058701","Bioorg. Med. Chem., (2013) 21:22:7083","Ki","Displacement of [3H]GR113808 from human recombinant 5HT4 receptor",2345.0,"CSC1=NC(=O)/C(=C/c2c[nH]c3c(Br)cccc23)N1"
"CHEMBL2058703","Bioorg. Med. Chem., (2013) 21:22:7083","Ki","Displacement of [3H]GR113808 from human recombinant 5HT4 receptor",472.0,"C/N=C1\NC(=O)/C(=C/c2c[nH]c3cccc(Br)c23)N1"
"CHEMBL2058704","Bioorg. Med. Chem., (2013) 21:22:7083","Ki","Displacement of [3H]GR113808 from human recombinant 5HT4 receptor",226.0,"C/N=C1\NC(=O)/C(=C/c2c[nH]c3ccc(Br)cc23)N1"
"CHEMBL2058705","Bioorg. Med. Chem., (2013) 21:22:7083","Ki","Displacement of [3H]GR113808 from human recombinant 5HT4 receptor",1156.0,"C/N=C1\NC(=O)/C(=C/c2c[nH]c3cc(Br)ccc23)N1"
"CHEMBL2058706","Bioorg. Med. Chem., (2013) 21:22:7083","Ki","Displacement of [3H]GR113808 from human recombinant 5HT4 receptor",603.0,"C/N=C1\NC(=O)/C(=C/c2c[nH]c3c(Br)cccc23)N1"
"CHEMBL541969","J. Med. Chem., (2009) 52:17:5330","Ki","Displacement of [H]GR-113808 from human 5HT4C receptor expressed in HEK293 cells by liquid scintillation counting",1584.89,"COc1cc(N)c(Cl)cc1C(=O)NC1CCNCC1"
"CHEMBL550302","Eur. J. Med. Chem., (2009) 44:7:2952","Ki","Displacement of [3H]GR-113808 from human 5HT4b receptor expressed in COS7 cell membrane by scintillation counting",144.54,"COc1ccc2[nH]cc(CNN3CCOCC3)c2c1"
"CHEMBL287045","Bioorg. Med. Chem., (2009) 17:6:2607","Ki","Binding affinity at 5HT4 receptor",6.31,"CCN(CC)CCOC(=O)c1cc(Cl)c(N)cc1OC"
"CHEMBL323356","J. Med. Chem., (1995) 38:6:855","Ki","The binding affinity (pKi) was measured against 5-hydroxytryptamine 4 receptor of piglet hippocampus using [125I]SB 207710 as radioligand",10000.0,"Cc1cc(NC(=O)Nc2ccc3c(ccn3C)c2)sn1"
"CHEMBL539652","J. Med. Chem., (2009) 52:17:5330","Ki","Displacement of [H]GR-113808 from human 5HT4C receptor expressed in HEK293 cells by liquid scintillation counting",316.23,"COc1cc(N)c(Cl)cc1C(=O)NCC1CCNCC1"
"CHEMBL558757","J. Med. Chem., (2009) 52:17:5330","Ki","Displacement of [H]GR-113808 from human 5HT4C receptor expressed in HEK293 cells by liquid scintillation counting",3162.28,"COc1ccc2[nH]cc(C(=O)NC3CCNCC3)c2c1"
"CHEMBL105261","J. Med. Chem., (2003) 46:14:3060","Ki","In vitro binding affinity by radioligand binding assay using cell line expressing human 5-hydroxytryptamine 4 receptor",2400.0,"CCC(=O)Nc1ccc2[nH]cc(C3CCN(C)CC3)c2n1"
"CHEMBL125005","J. Med. Chem., (2000) 43:20:3761","Ki","Binding affinity was determined against cloned 5-hydroxytryptamine 4E receptor isoform expressed in C6 glial cells incubated with 0.2 nM [3H]GR-113808",1000.0,"COc1cc(N)c(Cl)cc1C(=O)OCCN1CCNCC1"
"CHEMBL286136","J. Med. Chem., (2009) 52:8:2214","Ki","Displacement of [3H]GR-113808 from human 5HT4 isoform E receptor expressed in rat C6 cells by liquid scintillation counting",5.0,"COc1cc(N)c(Cl)cc1C(=O)OCCN1CCCCC1"
"CHEMBL539212","J. Med. Chem., (2009) 52:17:5330","Ki","Displacement of [H]GR-113808 from human 5HT4C receptor expressed in HEK293 cells by liquid scintillation counting",1258.93,"COc1cc(N)c(Cl)cc1C(=O)NCCN1CCNCC1"
"CHEMBL556438","J. Med. Chem., (2009) 52:17:5330","Ki","Displacement of [H]GR-113808 from human 5HT4C receptor expressed in HEK293 cells by liquid scintillation counting",158.49,"COc1cc(N)c(Cl)cc1C(=O)N[C@@H]1C[C@@H]2CC[C@H](C1)N2"
"CHEMBL56564","Bioorg. Med. Chem., (2009) 17:6:2607","Ki","Binding affinity at 5HT4 receptor",199.53,"CN1[C@H]2CC[C@@H]1C[C@H](OC(=O)c1c[nH]c3ccccc13)C2"
"CHEMBL570074","J. Med. Chem., (2009) 52:17:5330","Ki","Displacement of [H]GR-113808 from human 5HT4C receptor expressed in HEK293 cells by liquid scintillation counting",1000.0,"CCN1CCC(NC(=O)c2cc(Cl)c(N)cc2OC)CC1"
"CHEMBL570780","J. Med. Chem., (2009) 52:17:5330","Ki","Displacement of [H]GR-113808 from human 5HT4C receptor expressed in HEK293 cells by liquid scintillation counting",3981.07,"COc1ccc2[nH]cc(C(=O)NCC3CCNCC3)c2c1"
"CHEMBL61130","J. Med. Chem., (2009) 52:17:5330","Ki","Displacement of [H]GR-113808 from human 5HT4C receptor expressed in HEK293 cells by liquid scintillation counting",398.11,"CC(C)n1nc(C(=O)NC2CCNCC2)c2ccccc21"
"CHEMBL1242950","J. Med. Chem., (2010) 53:17:6386","Ki","Binding affinity to human 5-HT4e receptor by radioligand displacement assay",1000.0,"CCCCC1CCN(CCCC(=O)c2ccccc2C)CC1"
"CHEMBL1258560","J. Med. Chem., (2010) 53:19:7035","Ki","Displacement of [3H]GR113808 from human recombinant 5HT4 receptor expressed in HEK293 cells",17.0,"CCCN1CCC(COC(=O)c2ccc(N)c(OC)c2)CC1"
"CHEMBL2179680","J. Med. Chem., (2012) 55:22:9446","Ki","Displacement of [3H](1-(2-(methylsulfonamido)ethyl)piperidin-4-yl)methyl 1-methyl-1H-indole-3-carboxylate from human 5HT4R expressed in HEK293 cells",398.11,"Cn1cc2c(OCC3CCNCC3)nc3ccccc3c2c1"
"CHEMBL3217984","MedChemComm, (2012) 3:5:580","Ki","Binding affinity to serotonin 5-HT4 receptor (unknown origin) by PDSP assay",1000.0,"CN1CCC2C(C1)c1cccc3c1N2c1ccccc1CS3"
"CHEMBL338136","J. Med. Chem., (2000) 43:20:3761","Ki","Binding affinity was determined against cloned 5-hydroxytryptamine 4E receptor isoform expressed in C6 glial cells incubated with 0.2 nM [3H]GR-113808",1000.0,"COc1cc(N)c(Cl)cc1C(=O)OCCN1CCN(C)CC1"
"CHEMBL551743","J. Med. Chem., (2009) 52:17:5330","Ki","Displacement of [H]GR-113808 from human 5HT4C receptor expressed in HEK293 cells by liquid scintillation counting",3162.28,"COc1ccc2[nH]cc(C(=O)N[C@@H]3C[C@@H]4CC[C@H](C3)N4)c2c1"
"CHEMBL552796","J. Med. Chem., (2009) 52:17:5330","Ki","Displacement of [H]GR-113808 from human 5HT4C receptor expressed in HEK293 cells by liquid scintillation counting",7.94,"CC(C)n1nc(C(=O)NCC2CCNCC2)c2ccccc21"
"CHEMBL553658","J. Med. Chem., (2009) 52:17:5330","Ki","Displacement of [H]GR-113808 from human 5HT4C receptor expressed in HEK293 cells by liquid scintillation counting",1584.89,"CC(C)n1c(=O)n(C(=O)NC2CCNCC2)c2ccccc21"
"CHEMBL553688","J. Med. Chem., (2009) 52:17:5330","Ki","Displacement of [H]GR-113808 from human 5HT4C receptor expressed in HEK293 cells by liquid scintillation counting",316.23,"COc1ccc2[nH]cc(C(=O)NCCN3CCNCC3)c2c1"
"CHEMBL562477","J. Med. Chem., (2009) 52:17:5330","Ki","Displacement of [H]GR-113808 from human 5HT4C receptor expressed in HEK293 cells by liquid scintillation counting",199.53,"COc1cc(N)c(Cl)cc1C(=O)NC1CCN(CCO)CC1"
"CHEMBL76370","J. Nat. Prod., (2006) 69:10:1421","Ki","Displacement of [N-methyl-3H]GR-113808 from human 5HT4 receptor expressed in HEK293 cells",31.0,"CCCCCNC(=N)N/N=C/c1c[nH]c2ccc(OC)cc12"
"CHEMBL83954","Bioorg. Med. Chem., (2009) 17:6:2607","Ki","Binding affinity at 5HT4 receptor",31.62,"COc1cc(N)c(Cl)cc1C(=O)OCCCN1CCCCC1"
"CHEMBL1258451","J. Med. Chem., (2010) 53:19:7035","Ki","Displacement of [3H]GR113808 from human recombinant 5HT4 receptor expressed in HEK293 cells",50.0,"CCCCN1CCC(COC(=O)c2ccc(N)cc2OC)CC1"
"CHEMBL1258452","J. Med. Chem., (2010) 53:19:7035","Ki","Displacement of [3H]GR113808 from human recombinant 5HT4 receptor expressed in HEK293 cells",2.4,"CCCCN1CCC(COC(=O)c2ccc(N)c(OC)c2)CC1"
"CHEMBL1258559","J. Med. Chem., (2010) 53:19:7035","Ki","Displacement of [3H]GR113808 from human recombinant 5HT4 receptor expressed in HEK293 cells",8664.0,"CCCCN1CCC(CNC(=O)c2ccc(N)c(OC)c2)CC1"
"CHEMBL2440452","Bioorg. Med. Chem., (2013) 21:22:7134","Ki","Displacement of [125I]SB207710 from human recombinant 5-HT4 receptor",63.1,"O=C(NCC1CCNCC1)c1c2n(c3ccccc13)CCCO2"
"CHEMBL294649","Bioorg. Med. Chem. Lett., (1995) 5:16:1853","Ki","Binding affinity against 5-hydroxytryptamine 4 receptor",251.19,"Cn1cc(C(=O)C(=O)N[C@H]2CN3CCC2CC3)c2ccccc21"
"CHEMBL298612","Bioorg. Med. Chem. Lett., (1995) 5:16:1853","Ki","Binding affinity against 5-Hydroxytryptamine 4 receptor",398.11,"Cn1cc(C(=O)C(=O)N[C@@H]2CN3CCC2CC3)c2ccccc21"
"CHEMBL472219","Bioorg. Med. Chem., (2009) 17:6:2607","Ki","Binding affinity at 5HT4 receptor",1.41,"C[C@@]12CCCN1CC[C@H]2CNC(=O)c1cc(Cl)cc2nc[nH]c12"
"CHEMBL550064","J. Med. Chem., (2009) 52:17:5330","Ki","Displacement of [H]GR-113808 from human 5HT4C receptor expressed in HEK293 cells by liquid scintillation counting",63.1,"CC(C)n1nc(C(=O)N[C@@H]2C[C@@H]3CC[C@H](C2)N3)c2ccccc21"
"CHEMBL551614","J. Med. Chem., (2009) 52:17:5330","Ki","Displacement of [H]GR-113808 from human 5HT4C receptor expressed in HEK293 cells by liquid scintillation counting",3162.28,"CC(C)n1c(=O)c(C(=O)NC2CCNCC2)cc2ccccc21"
"CHEMBL560940","J. Med. Chem., (2009) 52:17:5330","Ki","Displacement of [H]GR-113808 from human 5HT4C receptor expressed in HEK293 cells by liquid scintillation counting",39.81,"CC(C)n1c(=O)n(C(=O)NCC2CCNCC2)c2ccccc21"
"CHEMBL116448","J. Med. Chem., (2000) 43:3:342","Ki","Binding affinity towards 5-hydroxytryptamine 4 receptor",6309.57,"CC1CCN(CC[C@H]2CCCN2S(=O)(=O)c2cccc(Br)c2)CC1"
"CHEMBL1258561","J. Med. Chem., (2010) 53:19:7035","Ki","Displacement of [3H]GR113808 from human recombinant 5HT4 receptor expressed in HEK293 cells",12.0,"CCCCCN1CCC(COC(=O)c2ccc(N)c(OC)c2)CC1"
"CHEMBL1258672","J. Med. Chem., (2010) 53:19:7035","Ki","Displacement of [3H]GR113808 from human recombinant 5HT4 receptor expressed in HEK293 cells",17.0,"CCCCN1CCC(COC(=O)c2ccc(N)c(OCF)c2)CC1"
"CHEMBL12624","J. Med. Chem., (2000) 43:3:342","Ki","Binding affinity towards 5-hydroxytryptamine 4 receptor",10000.0,"Cc1cccc(S(=O)(=O)N2CCC[C@@H]2CCN2CCC(C)CC2)c1"
"CHEMBL182590","Bioorg. Med. Chem. Lett., (2005) 15:6:1697","Ki","Inhibitory constant for human cloned 5-HT4 receptor",0.794,"CCCCN1CCC(CNC(=O)c2cccc3c2OCCO3)CC1"
"CHEMBL282199","J. Med. Chem., (2000) 43:3:342","Ki","Binding affinity towards 5-hydroxytryptamine 4 receptor",1258.93,"CC1CCN(CC[C@H]2CCCN2S(=O)(=O)c2cccc(O)c2)CC1"
"CHEMBL3084582","Bioorg. Med. Chem., (2009) 17:6:2607","Ki","Binding affinity at 5HT4 receptor",63.1,"COc1ccc2[nH]c(=O)n(C(=O)N[C@H]3C[C@@H]4CC[C@H](C3)N4C)c2c1"
"CHEMBL550459","J. Med. Chem., (2009) 52:17:5330","Ki","Displacement of [H]GR-113808 from human 5HT4C receptor expressed in HEK293 cells by liquid scintillation counting",125.89,"CC(C)n1c(=O)n(C(=O)NCCN2CCNCC2)c2ccccc21"
"CHEMBL551535","J. Med. Chem., (2009) 52:17:5330","Ki","Displacement of [H]GR-113808 from human 5HT4C receptor expressed in HEK293 cells by liquid scintillation counting",794.33,"CC(C)n1c(=O)c(C(=O)NCC2CCNCC2)cc2ccccc21"
"CHEMBL551820","J. Med. Chem., (2009) 52:17:5330","Ki","Displacement of [H]GR-113808 from human 5HT4C receptor expressed in HEK293 cells by liquid scintillation counting",316.23,"CC(C)n1c(=O)n(C(=O)N[C@@H]2C[C@@H]3CC[C@H](C2)N3)c2ccccc21"
"CHEMBL557053","J. Med. Chem., (2009) 52:17:5330","Ki","Displacement of [H]GR-113808 from human 5HT4C receptor expressed in HEK293 cells by liquid scintillation counting",100.0,"CCCCCN1CCC(NC(=O)c2cc(Cl)c(N)cc2OC)CC1"
"CHEMBL62023","Bioorg. Med. Chem., (2009) 17:3:1222","Ki","Binding affinity to 5HT4 receptor",13.0,"CCn1c(=O)n(C(=O)NC2CC3CCC(C2)N3C)c2ccccc21"
"CHEMBL117287","J. Med. Chem., (2003) 46:3:319","Ki","Tested for selectivity for 5-hydroxytryptamine 4 receptor",1000.0,"COCCCN1CCC(NC(=O)c2cc(Cl)c(N)c3c2OCC3)CC1"
"CHEMBL1257991","J. Med. Chem., (2010) 53:19:7035","Ki","Displacement of [3H]GR113808 from human recombinant 5HT4 receptor expressed in HEK293 cells",1.4,"CCCCN1CCC(COC(=O)c2ccc(N)c3c2OCCO3)CC1"
"CHEMBL1258786","J. Med. Chem., (2010) 53:19:7035","Ki","Displacement of [3H]GR113808 from human recombinant 5HT4 receptor expressed in HEK293 cells",11.0,"CCCCN1CCC(COC(=O)c2ccc(N)c(OCCF)c2)CC1"
"CHEMBL1632154","Bioorg. Med. Chem., (2010) 18:24:8600","Ki","Antagonistic activity at human 5HT4 receptor expressed in HEK293 cells",0.813,"O=C(O)CCCN1CCC(COC(=O)c2c[nH]c3ccccc23)CC1"
"CHEMBL1632156","Bioorg. Med. Chem., (2010) 18:24:8600","Ki","Antagonistic activity at human 5HT4 receptor expressed in HEK293 cells",3630.78,"O=C(O)CCCN1CCC(CNC(=O)c2c[nH]c3ccccc23)CC1"
"CHEMBL2181171","J. Med. Chem., (2012) 55:22:9693","Ki","Displacement of [3H]GR113808 from human recombinant 5HT4R expressed in HEK293T cells",7.5,"CCCN1CCC(COc2nc3ccccc3c3ncccc23)CC1"
"CHEMBL2181172","J. Med. Chem., (2012) 55:22:9693","Ki","Displacement of [3H]GR113808 from human recombinant 5HT4R expressed in HEK293T cells",403.0,"CCCN1CCC(COc2nc3ccccc3c3cnccc23)CC1"
"CHEMBL333784","J. Med. Chem., (2000) 43:3:342","Ki","Binding affinity towards 5-hydroxytryptamine 4 receptor",3162.28,"CC1CCN(CC[C@H]2CCCN2S(=O)(=O)c2ccc(Cl)c(Cl)c2)CC1"
"CHEMBL339980","J. Med. Chem., (2001) 44:24:4031","Ki","Binding affinity towards human 5-hydroxytryptamine 4 receptor using [3H]5-HT as radioligand",380.0,"Cc1[nH]c2cccc(NC(=O)c3ccc(F)cc3)c2c1CCN(C)C"
"CHEMBL552693","J. Med. Chem., (2009) 52:17:5330","Ki","Displacement of [H]GR-113808 from human 5HT4C receptor expressed in HEK293 cells by liquid scintillation counting",63.1,"COc1cc(N)c(Cl)cc1C(=O)NC1CCN(CCCCCO)CC1"
"CHEMBL556235","J. Med. Chem., (2009) 52:17:5330","Ki","Displacement of [H]GR-113808 from human 5HT4C receptor expressed in HEK293 cells by liquid scintillation counting",251.19,"CC(C)n1c(=O)c(C(=O)N[C@@H]2C[C@@H]3CC[C@H](C2)N3)cc2ccccc21"
"CHEMBL560597","J. Med. Chem., (2009) 52:17:5330","Ki","Displacement of [H]GR-113808 from human 5HT4C receptor expressed in HEK293 cells by liquid scintillation counting",25118.86,"COc1cc(N)c(Cl)cc1C(=O)NC1CCN(CCS(=O)(=O)O)CC1"
"CHEMBL99591","J. Med. Chem., (2003) 46:3:319","Ki","Tested for 5-hydroxytryptamine 4 receptor antagonist activity",91.9,"CC(C)n1c(=O)n(C(=O)NCCN2CCN(C)CC2)c2ccccc21"
"CHEMBL103479","J. Med. Chem., (2003) 46:14:3060","Ki","In vitro binding affinity by radioligand binding assay using cell line expressing human 5-hydroxytryptamine 4 receptor",4000.0,"CN1CCC(c2c[nH]c3ccc(NC(=O)c4ccc(F)cc4)nc23)CC1"
"CHEMBL114112","J. Med. Chem., (2010) 53:19:7035","Ki","Displacement of [3H]GR113808 from human recombinant 5HT4 receptor expressed in HEK293 cells",2.2,"CCCCN1CCC(COC(=O)c2cc(I)c(N)c3c2OCCO3)CC1"
"CHEMBL122818","J. Med. Chem., (2000) 43:20:3761","Ki","Binding affinity was determined against cloned 5-hydroxytryptamine 4E receptor isoform expressed in C6 glial cells incubated with 0.2 nM [3H]GR-113808",23.0,"CCOC(=O)N1CCN(CCOC(=O)c2cc(Cl)c(N)cc2OC)CC1"
"CHEMBL1258109","J. Med. Chem., (2010) 53:19:7035","Ki","Displacement of [3H]GR113808 from human recombinant 5HT4 receptor expressed in HEK293 cells",9.1,"CCCCN1CCC(COC(=O)c2ccc(NC)c3c2OCCO3)CC1"
"CHEMBL1258222","J. Med. Chem., (2010) 53:19:7035","Ki","Displacement of [3H]GR113808 from human recombinant 5HT4 receptor expressed in HEK293 cells",6.3,"CCCCN1CCC(COC(=O)c2cc(C)c(N)c3c2OCCO3)CC1"
"CHEMBL1258671","J. Med. Chem., (2010) 53:19:7035","Ki","Displacement of [3H]GR113808 from human recombinant 5HT4 receptor expressed in HEK293 cells",2.1,"CCCCN1CCC(COC(=O)c2cc(F)c(N)c3c2OCCO3)CC1"
"CHEMBL154274","Bioorg. Med. Chem. Lett., (2001) 11:1:55","Ki","Compound was evaluated for the binding affinity against human cloned 5-hydroxytryptamine 4 receptor in HeLa cells using [3H]-LSD as the radioligand",3162.28,"COc1ccc(S(=O)(=O)Nc2cc(Br)ccc2Br)cc1N1CCNCC1"
"CHEMBL2179584","J. Med. Chem., (2012) 55:21:9240","Ki","Displacement of [3H]GR113808 from human 5HT4D receptor expressed in HEK293 cells after 30 mins by liquid scintillation counting",0.27,"CCCCN1CCC(COc2noc3cccc(OC4CCC4)c23)CC1"
"CHEMBL2179587","J. Med. Chem., (2012) 55:21:9240","Ki","Displacement of [3H]GR113808 from human 5HT4D receptor expressed in HEK293 cells after 30 mins by liquid scintillation counting",0.29,"CCCCN1CCC(COc2noc3cccc(OCC(C)C)c23)CC1"
"CHEMBL2179679","J. Med. Chem., (2012) 55:22:9446","Ki","Displacement of [3H](1-(2-(methylsulfonamido)ethyl)piperidin-4-yl)methyl 1-methyl-1H-indole-3-carboxylate from human 5HT4R expressed in HEK293 cells",7.94,"CCCCN1CCC(COc2nc3ccccc3c3cn(C)cc23)CC1"
"CHEMBL2181168","J. Med. Chem., (2012) 55:22:9693","Ki","Displacement of radioligand from human 5HT4R by Cerep protocol based assay",0.26,"CCCN1CCC(COc2nc3c(I)cccc3c3ncccc23)CC1"
"CHEMBL2181169","J. Med. Chem., (2012) 55:22:9693","Ki","Displacement of radioligand from human 5HT4R by Cerep protocol based assay",1.2,"CCCN1CCC(COc2nc3c(I)cccc3c3ccccc23)CC1"
"CHEMBL2181170","J. Med. Chem., (2012) 55:22:9693","Ki","Displacement of radioligand from human 5HT4R by Cerep protocol based assay",0.04,"CCCN1CCC(COc2nc3c(F)cccc3c3ncccc23)CC1"
"CHEMBL2181185","J. Med. Chem., (2012) 55:22:9693","Ki","Displacement of [3H]GR113808 from human recombinant 5HT4R expressed in HEK293T cells",33.0,"CCCN1CCC(COc2nc3cc(F)ccc3c3ccccc23)CC1"
"CHEMBL2181188","J. Med. Chem., (2012) 55:22:9693","Ki","Displacement of [3H]GR113808 from human recombinant 5HT4R expressed in HEK293T cells",5.0,"CCCN1CCC(COc2nc3c(Cl)cccc3c3ccccc23)CC1"
"CHEMBL2181189","J. Med. Chem., (2012) 55:22:9693","Ki","Displacement of [3H]GR113808 from human recombinant 5HT4R expressed in HEK293T cells",3.1,"CCCN1CCC(COc2nc3c(F)cccc3c3ccccc23)CC1"
"CHEMBL255898","J. Nat. Prod., (2006) 69:10:1421","Ki","Displacement of [N-methyl-3H]GR-113808 from human 5HT4 receptor expressed in HEK293 cells",1910.0,"N=C(N)NCCC[C@@H]1NC(=O)/C(=C/c2c[nH]c3cc(Br)ccc23)NC1=O"
"CHEMBL292759","J. Med. Chem., (1999) 42:2:202","Ki","Compound was tested for its binding affinity against 5-hydroxytryptamine 4 receptor",2511.89,"COc1ccc(NS(=O)(=O)c2ccc(Br)cc2)cc1N1CCN(C)CC1"
"CHEMBL3291085","Unspecified","Ki","Binding affinity to 5HT4R (unknown origin)",36.0,"CC(C)n1c(=O)c(C(=O)NCCCN2CCCCC2)c([O-])c2ccsc21"
"CHEMBL511609","J. Nat. Prod., (2006) 69:10:1421","Ki","Displacement of [N-methyl-3H]GR-113808 from human 5HT4 receptor expressed in HEK293 cells",10000.0,"N=C(N)NCCC[C@@H]1NC(=O)[C@H](Cc2c[nH]c3cc(Br)ccc23)NC1=O"
"CHEMBL68131","Bioorg. Med. Chem., (2009) 17:6:2607","Ki","Binding affinity at 5HT4 receptor",0.0158,"CCCCN1CCC(COC(=O)c2cc(Cl)c(N)c3c2OCCO3)CC1"
"CHEMBL1083787","J. Med. Chem., (2010) 53:11:4379","Ki","Binding affinity to 5HT4 receptor",6000.0,"O=C(NCCCCN1CCCCC1)Nc1ccc(-c2ccc(F)cc2)nc1"
"CHEMBL121776","J. Med. Chem., (2000) 43:20:3761","Ki","Binding affinity was determined against cloned 5-hydroxytryptamine 4E receptor isoform expressed in C6 glial cells incubated with 0.2 nM [3H]GR-113808",1.4,"COc1cc(N)c(Cl)cc1C(=O)OCCN1CCN(c2cnccn2)CC1"
"CHEMBL121913","J. Med. Chem., (2000) 43:20:3761","Ki","Binding affinity was determined against cloned 5-hydroxytryptamine 4B receptor isoform expressed in COS-7 cells",8.1,"COc1cc(N)c(Cl)cc1C(=O)OCCN1CCN(c2ncccn2)CC1"
"CHEMBL122914","J. Med. Chem., (2000) 43:20:3761","Ki","Binding affinity was determined against cloned 5-hydroxytryptamine 4E receptor isoform expressed in C6 glial cells incubated with 0.2 nM [3H]GR-113808",3.5,"COc1cc(N)c(Cl)cc1C(=O)OCCN1CCN(c2ccncc2)CC1"
"CHEMBL123377","J. Med. Chem., (2000) 43:20:3761","Ki","Binding affinity was determined against cloned 5-hydroxytryptamine 4B receptor isoform expressed in COS-7 cells",55.0,"COc1cc(N)c(Cl)cc1C(=O)OCCN1CCN(c2ccccc2)CC1"
"CHEMBL1258108","J. Med. Chem., (2010) 53:19:7035","Ki","Displacement of [3H]GR113808 from human recombinant 5HT4 receptor expressed in HEK293 cells",33.0,"CCCCN1CCC(COC(=O)c2cc(C#N)c(N)c3c2OCCO3)CC1"
"CHEMBL1258223","J. Med. Chem., (2010) 53:19:7035","Ki","Displacement of [3H]GR113808 from human recombinant 5HT4 receptor expressed in HEK293 cells",2.0,"CCCCN1CCC(COC(=O)c2cc(Cl)c(NC)c3c2OCCO3)CC1"
"CHEMBL1258338","J. Med. Chem., (2010) 53:19:7035","Ki","Displacement of [3H]GR113808 from human recombinant 5HT4 receptor expressed in HEK293 cells",4.5,"CCCCN1CCC(COC(=O)c2cc(Br)c(NC)c3c2OCCO3)CC1"
"CHEMBL1258339","J. Med. Chem., (2010) 53:19:7035","Ki","Displacement of [3H]GR113808 from human recombinant 5HT4 receptor expressed in HEK293 cells",7.4,"CCCCN1CCC(COC(=O)c2cc(I)c(NC)c3c2OCCO3)CC1"
"CHEMBL125926","J. Med. Chem., (2000) 43:20:3761","Ki","Binding affinity was determined against cloned 5-hydroxytryptamine 4E receptor isoform expressed in C6 glial cells incubated with 0.2 nM [3H]GR-113808",9.2,"COc1cc(N)c(Cl)cc1C(=O)OCCN1CCN(c2cncnc2)CC1"
"CHEMBL157910","Bioorg. Med. Chem. Lett., (2001) 11:1:55","Ki","Compound was evaluated for the binding affinity against human cloned 5-hydroxytryptamine 4 receptor in HeLa cells using [3H]-LSD as the radioligand",10000.0,"COc1ccc(S(=O)(=O)Nc2cc(Cl)cc(Cl)c2Cl)cc1N1CCNCC1"
"CHEMBL1632155","Bioorg. Med. Chem., (2010) 18:24:8600","Ki","Antagonistic activity at human 5HT4 receptor expressed in HEK293 cells",107.15,"CCOC(=O)CCCN1CCC(CNC(=O)c2c[nH]c3ccccc23)CC1"
"CHEMBL1632170","Bioorg. Med. Chem., (2010) 18:24:8600","Ki","Displacement of [3H]GR113808 from human 5HT4 receptor expressed in HEK293 cells by liquid scintillation counting",2.82,"O=C(O)CN1CCC(CNC(=O)c2c3n(c4ccccc24)CCCO3)CC1"
"CHEMBL210288","J. Med. Chem., (2006) 49:13:3757","Ki","Binding affinity to human 5HT4",72.0,"O=C1/C(=N/c2cccc(C(F)(F)F)c2)c2ccccc2N1c1ccccc1"
"CHEMBL2179585","J. Med. Chem., (2012) 55:21:9240","Ki","Displacement of [3H]GR113808 from human 5HT4D receptor expressed in HEK293 cells after 30 mins by liquid scintillation counting",0.74,"CCCCN1CCC(COc2noc3cccc(OC4CCCC4)c23)CC1"
"CHEMBL2179586","J. Med. Chem., (2012) 55:21:9240","Ki","Displacement of [3H]GR113808 from human 5HT4D receptor expressed in HEK293 cells after 30 mins by liquid scintillation counting",0.97,"CCCCN1CCC(COc2noc3cccc(OCC4CCC4)c23)CC1"
"CHEMBL2179588","J. Med. Chem., (2012) 55:21:9240","Ki","Displacement of [3H]GR113808 from human 5HT4D receptor expressed in HEK293 cells after 30 mins by liquid scintillation counting",5.2,"CCCCN1CCC(COc2noc3cccc(OCC(C)(C)C)c23)CC1"
"CHEMBL2181187","J. Med. Chem., (2012) 55:22:9693","Ki","Displacement of [3H]GR113808 from human recombinant 5HT4R expressed in HEK293T cells",17.0,"CCCN1CCC(COc2nc3c(OC)cccc3c3ccccc23)CC1"
"CHEMBL329383","Bioorg. Med. Chem. Lett., (2001) 11:1:55","Ki","Compound was evaluated for the binding affinity against human cloned 5-hydroxytryptamine 4 receptor in HeLa cells using [3H]-LSD as the radioligand",5011.87,"COc1ccc(S(=O)(=O)Nc2cc(Br)cc(F)c2Br)cc1N1CCNCC1"
"CHEMBL331396","J. Med. Chem., (2000) 43:20:3761","Ki","Binding affinity was determined against cloned 5-hydroxytryptamine 4E receptor isoform expressed in C6 glial cells incubated with 0.2 nM [3H]GR-113808",1.4,"COc1cc(N)c(Cl)cc1C(=O)OCCN1CCN(c2cccnn2)CC1"
"CHEMBL332553","J. Med. Chem., (2000) 43:20:3761","Ki","Binding affinity was determined against cloned 5-hydroxytryptamine 4E receptor isoform expressed in C6 glial cells incubated with 0.2 nM [3H]GR-113808",1.5,"COc1cc(N)c(Cl)cc1C(=O)OCCN1CCN(c2ccccn2)CC1"
"CHEMBL33884","Unspecified","Ki","Displacement of [3H]GR113808 from human 5-HT4B receptor expressed in HEK293 cells after 1 hr by liquid scintillation counting analysis",0.0398,"Cn1cc(C(=O)OCC2CCN(CCNS(C)(=O)=O)CC2)c2ccccc21"
"CHEMBL356359","Unspecified","Ki","Displacement of [3H]GR113808 from human 5-HT4B receptor expressed in HEK293 cells after 1 hr by liquid scintillation counting analysis",0.1,"CCCCN1CCC(CNC(=O)c2c3n(c4ccccc24)CCCO3)CC1"
"CHEMBL414628","Bioorg. Med. Chem. Lett., (2001) 11:1:55","Ki","Compound was evaluated for the binding affinity against human cloned 5-hydroxytryptamine 4 receptor in HeLa cells using [3H]-LSD as the radioligand",3981.07,"COc1ccc(S(=O)(=O)N2CCc3ccc(I)cc32)cc1N1CCNCC1"
"CHEMBL551940","J. Med. Chem., (2009) 52:17:5330","Ki","Displacement of [H]GR-113808 from human 5HT4C receptor expressed in HEK293 cells by liquid scintillation counting",79.43,"CCCCCCCCN1CCC(NC(=O)c2cc(Cl)c(N)cc2OC)CC1"
"CHEMBL552218","J. Med. Chem., (2009) 52:17:5330","Ki","Displacement of [H]GR-113808 from human 5HT4C receptor expressed in HEK293 cells by liquid scintillation counting",125.89,"CCN1[C@H]2CC[C@@H]1C[C@H](NC(=O)c1cc3ccccc3n(C(C)C)c1=O)C2"
"CHEMBL563445","J. Med. Chem., (2009) 52:17:5330","Ki","Displacement of [H]GR-113808 from human 5HT4C receptor expressed in HEK293 cells by liquid scintillation counting",251.19,"COc1cc(N)c(Cl)cc1C(=O)NC1CCN(CCN2CCCCC2)CC1"
"CHEMBL97019","J. Med. Chem., (2003) 46:3:319","Ki","Tested for 5-hydroxytryptamine 4 receptor antagonist activity",16.6,"CC(C)N1CCN(CCNC(=O)n2c(=O)n(C3CC3)c3ccccc32)CC1"
"CHEMBL124485","J. Med. Chem., (2000) 43:20:3761","Ki","Binding affinity was determined against cloned 5-hydroxytryptamine 4E receptor isoform expressed in C6 glial cells incubated with 0.2 nM [3H]GR-113808",715.0,"COc1cc(N)c(Cl)cc1C(=O)OCCN1CCN(c2ccc(Cl)cc2)CC1"
"CHEMBL1255606","J. Med. Chem., (2010) 53:19:7035","Ki","Displacement of [3H]GR113808 from human recombinant 5HT4 receptor expressed in HEK293 cells",7.8,"CCCCN1CCC(COC(=O)c2cc([N+](=O)[O-])c(N)c3c2OCCO3)CC1"
"CHEMBL125670","J. Med. Chem., (2000) 43:20:3761","Ki","Binding affinity was determined against cloned 5-hydroxytryptamine 4E receptor isoform expressed in C6 glial cells incubated with 0.2 nM [3H]GR-113808",296.0,"COc1cc(N)c(Cl)cc1C(=O)OCCN1CCN(c2ccccc2Cl)CC1"
"CHEMBL125716","J. Med. Chem., (2000) 43:20:3761","Ki","Binding affinity was determined against cloned 5-hydroxytryptamine 4E receptor isoform expressed in C6 glial cells incubated with 0.2 nM [3H]GR-113808",9.8,"COc1cc(N)c(Cl)cc1C(=O)OCCN1CCN(c2cnc(Cl)nc2)CC1"
"CHEMBL1258450","J. Med. Chem., (2010) 53:19:7035","Ki","Displacement of [3H]GR113808 from human recombinant 5HT4 receptor expressed in HEK293 cells",37.0,"CCCCN1CCC(COC(=O)c2cc(C#N)c(NC)c3c2OCCO3)CC1"
"CHEMBL126098","J. Med. Chem., (2000) 43:20:3761","Ki","Binding affinity was determined against cloned 5-hydroxytryptamine 4E receptor isoform expressed in C6 glial cells incubated with 0.2 nM [3H]GR-113808",1000.0,"COc1cc(N)c(Cl)cc1C(=O)OCCN1CCN(C(=O)OC(C)(C)C)CC1"
"CHEMBL127876","J. Med. Chem., (2000) 43:20:3761","Ki","Binding affinity was determined against cloned 5-hydroxytryptamine 4E receptor isoform expressed in C6 glial cells incubated with 0.2 nM [3H]GR-113808",162.0,"COc1cc(N)c(Cl)cc1C(=O)OCCN1CCN(c2cccc(Cl)c2)CC1"
"CHEMBL1632171","Bioorg. Med. Chem., (2010) 18:24:8600","Ki","Displacement of [3H]GR113808 from human 5HT4 receptor expressed in HEK293 cells by liquid scintillation counting",1.12,"O=C(O)CCN1CCC(CNC(=O)c2c3n(c4ccccc24)CCCO3)CC1"
"CHEMBL2112621","J. Med. Chem., (2000) 43:20:3761","Ki","Binding affinity was determined against cloned 5-hydroxytryptamine 4E receptor isoform expressed in C6 glial cells incubated with 0.2 nM [3H]GR-113808",11.5,"COc1cc(N)c(Cl)cc1C(=O)OCCCN1CCN(c2ccccc2)CC1"
"CHEMBL2179701","J. Med. Chem., (2012) 55:22:9446","Ki","Displacement of [3H](1-(2-(methylsulfonamido)ethyl)piperidin-4-yl)methyl 1-methyl-1H-indole-3-carboxylate from human 5HT4R expressed in HEK293 cells",0.794,"CC(C)n1nc(C(=O)NCC2CCN(CCCN(C)C)CC2)c2ccccc21"
"CHEMBL2179703","J. Med. Chem., (2012) 55:22:9446","Ki","Displacement of [3H](1-(2-(methylsulfonamido)ethyl)piperidin-4-yl)methyl 1-methyl-1H-indole-3-carboxylate from human 5HT4R expressed in HEK293 cells",0.501,"CNC(=O)CCN1CCC(CNC(=O)c2nn(C(C)C)c3ccccc23)CC1"
"CHEMBL2440451","Bioorg. Med. Chem., (2013) 21:22:7134","Ki","Displacement of [125I]SB207710 from human recombinant 5-HT4 receptor",794.33,"CCCCN1CCC(CNC(=O)c2c3n(c4cc(O)ccc24)CCCO3)CC1"
"CHEMBL2440453","Bioorg. Med. Chem., (2013) 21:22:7134","Ki","Displacement of [125I]SB207710 from human recombinant 5-HT4 receptor",0.794,"CC(O)CCN1CCC(CNC(=O)c2c3n(c4ccccc24)CCCO3)CC1"
"CHEMBL330848","J. Med. Chem., (2000) 43:20:3761","Ki","Binding affinity was determined against cloned 5-hydroxytryptamine 4E receptor isoform expressed in C6 glial cells incubated with 0.2 nM [3H]GR-113808",2.0,"COc1cc(N)c(Cl)cc1C(=O)OCCN1CCN(c2ccc(Cl)nn2)CC1"
"CHEMBL3329814","Bioorg. Med. Chem. Lett., (2014) 24:18:4598","Ki","Displacement of [3H]GR113808 from human 5HT4b receptor expressed in HEK293 cell membranes",0.0794,"O=C(OCC1CCN(CC(O)CO)CC1)c1c2n(c3ccccc13)CCCO2"
"CHEMBL333028","J. Med. Chem., (2000) 43:20:3761","Ki","Binding affinity was determined against cloned 5-hydroxytryptamine 4E receptor isoform expressed in C6 glial cells incubated with 0.2 nM [3H]GR-113808",23.1,"COc1cc(N)c(Cl)cc1C(=O)OCCN1CCN(c2ccc(F)cc2)CC1"
"CHEMBL420166","J. Med. Chem., (2000) 43:20:3761","Ki","Binding affinity was determined against cloned 5-hydroxytryptamine 4E receptor isoform expressed in C6 glial cells incubated with 0.2 nM [3H]GR-113808",240.0,"COc1cc(N)c(Cl)cc1C(=O)OCCN1CCN(Cc2ccccc2)CC1"
"CHEMBL421256","J. Med. Chem., (2000) 43:20:3761","Ki","Binding affinity was determined against cloned 5-hydroxytryptamine 4E receptor isoform expressed in C6 glial cells incubated with 0.2 nM [3H]GR-113808",16.8,"COc1cc(N)c(Cl)cc1C(=O)OCCN1CCN(c2ccccc2F)CC1"
"CHEMBL551678","J. Med. Chem., (2009) 52:17:5330","Ki","Displacement of [H]GR-113808 from human 5HT4C receptor expressed in HEK293 cells by liquid scintillation counting",6309.57,"COc1cc(N)c(Cl)cc1C(=O)NC1CCN(CCCCCS(=O)(=O)O)CC1"
"CHEMBL552420","J. Med. Chem., (2009) 52:17:5330","Ki","Displacement of [H]GR-113808 from human 5HT4C receptor expressed in HEK293 cells by liquid scintillation counting",125.89,"CC(C)n1c(=O)c(C(=O)N[C@@H]2C[C@@H]3CC[C@H](C2)N3CCO)cc2ccccc21"
"CHEMBL555447","J. Med. Chem., (2009) 52:17:5330","Ki","Displacement of [H]GR-113808 from human 5HT4C receptor expressed in HEK293 cells by liquid scintillation counting",79.43,"COc1cc(N)c(Cl)cc1C(=O)NC1CCN(CCCCCCCCO)CC1"
"CHEMBL121766","J. Med. Chem., (2000) 43:20:3761","Ki","Binding affinity was determined against cloned 5-hydroxytryptamine 4E receptor isoform expressed in C6 glial cells incubated with 0.2 nM [3H]GR-113808",64.0,"COc1cc(N)c(Cl)cc1C(=O)OCCN1CCN(c2ccccc2OC)CC1"
"CHEMBL1632172","Bioorg. Med. Chem., (2010) 18:24:8600","Ki","Displacement of [3H]GR113808 from human 5HT4 receptor expressed in HEK293 cells by liquid scintillation counting",2.0,"O=C(O)CCCN1CCC(CNC(=O)c2c3n(c4ccccc24)CCCO3)CC1"
"CHEMBL2179696","J. Med. Chem., (2012) 55:22:9446","Ki","Displacement of [3H](1-(2-(methylsulfonamido)ethyl)piperidin-4-yl)methyl 1-methyl-1H-indole-3-carboxylate from human 5HT4R expressed in HEK293 cells",0.631,"CC(C)n1nc(C(=O)NCC2CCN(Cc3ccccc3)CC2)c2ccccc21"
"CHEMBL2179702","J. Med. Chem., (2012) 55:22:9446","Ki","Displacement of [3H](1-(2-(methylsulfonamido)ethyl)piperidin-4-yl)methyl 1-methyl-1H-indole-3-carboxylate from human 5HT4R expressed in HEK293 cells",0.316,"CC(C)n1nc(C(=O)NCC2CCN(CCNS(C)(=O)=O)CC2)c2ccccc21"
"CHEMBL3093186","Bioorg. Med. Chem., (2013) 21:23:7529","Ki","Binding affinity to human 5HT4R",0.11,"Fc1cccc2c1nc(OCC1CCN(CCC(F)(F)F)CC1)c1cccnc12"
"CHEMBL334325","J. Med. Chem., (2000) 43:20:3761","Ki","Binding affinity was determined against cloned 5-hydroxytryptamine 4E receptor isoform expressed in C6 glial cells incubated with 0.2 nM [3H]GR-113808",3.0,"COc1cccc(N2CCN(CCOC(=O)c3cc(Cl)c(N)cc3OC)CC2)c1"
"CHEMBL339936","J. Med. Chem., (2000) 43:20:3761","Ki","Binding affinity was determined against cloned 5-hydroxytryptamine 4E receptor isoform expressed in C6 glial cells incubated with 0.2 nM [3H]GR-113808",17.7,"COc1ccc(N2CCN(CCOC(=O)c3cc(Cl)c(N)cc3OC)CC2)cc1"
"CHEMBL542139","J. Med. Chem., (1999) 42:2:202","Ki","Compound was tested for its binding affinity against 5-hydroxytryptamine 4 receptor",3981.07,"COc1ccc(NS(=O)(=O)c2sc3ccc(Cl)cc3c2C)cc1N1CCNCC1"
"CHEMBL481425","Bioorg. Med. Chem., (2009) 17:3:1222","Ki","Binding affinity to 5HT4 receptor",1000.0,"COc1ccc(C)cc1NC(=O)OC1CC2CCCC(C1)N2Cc1ccccc1"
"CHEMBL1242923","J. Med. Chem., (2010) 53:17:6386","Ki","Binding affinity to human 5-HT4e receptor by radioligand displacement assay",1000.0,"O=C(Cc1ccccc1)NC1CCN(CCCN2C(=O)COc3ccccc32)CC1"
"CHEMBL1632173","Bioorg. Med. Chem., (2010) 18:24:8600","Ki","Displacement of [3H]GR113808 from human 5HT4 receptor expressed in HEK293 cells by liquid scintillation counting",2.04,"O=C(O)CCCCN1CCC(CNC(=O)c2c3n(c4ccccc24)CCCO3)CC1"
"CHEMBL2177130","J. Med. Chem., (2012) 55:22:9446","Ki","Displacement of [3H](1-(2-(methylsulfonamido)ethyl)piperidin-4-yl)methyl 1-methyl-1H-indole-3-carboxylate from human 5HT4R expressed in HEK293 cells",0.0794,"CC(C)n1nc(C(=O)NCC2CCN(CCc3ccccc3)CC2)c2ccccc21"
"CHEMBL2179589","J. Med. Chem., (2012) 55:21:9240","Ki","Displacement of [3H]GR113808 from human 5HT4D receptor expressed in HEK293 cells after 30 mins by liquid scintillation counting",0.36,"CC(C)COc1cccc2onc(OCC3CCN(CC4(O)CCOCC4)CC3)c12"
"CHEMBL2179676","J. Med. Chem., (2012) 55:22:9446","Ki","Displacement of [3H](1-(2-(methylsulfonamido)ethyl)piperidin-4-yl)methyl 1-methyl-1H-indole-3-carboxylate from human 5HT4R expressed in HEK293 cells",2.51,"Cn1cc2c(OCC3CCN(CCN4CCOCC4)CC3)nc3ccccc3c2c1"
"CHEMBL2179678","J. Med. Chem., (2012) 55:22:9446","Ki","Displacement of [3H](1-(2-(methylsulfonamido)ethyl)piperidin-4-yl)methyl 1-methyl-1H-indole-3-carboxylate from human 5HT4R expressed in HEK293 cells",2.0,"Cn1cc2c(OCC3CCN(CCc4ccccc4)CC3)nc3ccccc3c2c1"
"CHEMBL2179697","J. Med. Chem., (2012) 55:22:9446","Ki","Displacement of [3H](1-(2-(methylsulfonamido)ethyl)piperidin-4-yl)methyl 1-methyl-1H-indole-3-carboxylate from human 5HT4R expressed in HEK293 cells",0.1,"CC(C)n1nc(C(=O)NCC2CCN(CCc3ccccn3)CC2)c2ccccc21"
"CHEMBL2179699","J. Med. Chem., (2012) 55:22:9446","Ki","Displacement of [3H](1-(2-(methylsulfonamido)ethyl)piperidin-4-yl)methyl 1-methyl-1H-indole-3-carboxylate from human 5HT4R expressed in HEK293 cells",0.158,"CC(C)n1nc(C(=O)NCC2CCN(CCC3CCCCC3)CC2)c2ccccc21"
"CHEMBL29846","J. Med. Chem., (1999) 42:2:202","Ki","Compound was tested for its binding affinity against 5-hydroxytryptamine 4 receptor",3162.28,"COc1ccc(NS(=O)(=O)c2sc3ccc(Cl)cc3c2C)cc1N1CCN(C)CC1"
"CHEMBL3093187","Bioorg. Med. Chem., (2013) 21:23:7529","Ki","Binding affinity to human 5HT4R",0.2,"Fc1cccc2c1nc(OCC1CCN(CCCC(F)(F)F)CC1)c1cccnc12"
"CHEMBL3215681","J. Med. Chem., (2012) 55:22:9446","Ki","Displacement of [3H](1-(2-(methylsulfonamido)ethyl)piperidin-4-yl)methyl 1-methyl-1H-indole-3-carboxylate from human 5HT4R expressed in HEK293 cells",0.398,"CC(C)n1nc(C(=O)NCC2CCN(CCN3CCOCC3)CC2)c2ccccc21"
"CHEMBL551941","J. Med. Chem., (2009) 52:17:5330","Ki","Displacement of [H]GR-113808 from human 5HT4C receptor expressed in HEK293 cells by liquid scintillation counting",63.1,"CCCCCN1[C@H]2CC[C@@H]1C[C@H](NC(=O)c1cc3ccccc3n(C(C)C)c1=O)C2"
"CHEMBL562902","J. Med. Chem., (2009) 52:17:5330","Ki","Displacement of [H]GR-113808 from human 5HT4C receptor expressed in HEK293 cells by liquid scintillation counting",10.0,"COc1cc(N)c(Cl)cc1C(=O)NC1CCN(CCCCCN2CCCCC2)CC1"
"CHEMBL122973","J. Med. Chem., (2000) 43:20:3761","Ki","Binding affinity was determined against cloned 5-hydroxytryptamine 4E receptor isoform expressed in C6 glial cells incubated with 0.2 nM [3H]GR-113808",1000.0,"COc1cc(N)c(Cl)cc1C(=O)OCCN1CCN(c2cccc3ccccc23)CC1"
"CHEMBL1632157","Bioorg. Med. Chem., (2010) 18:24:8600","Ki","Displacement of [3H]GR113808 from human 5HT4 receptor expressed in HEK293 cells by liquid scintillation counting",0.102,"CCOC(=O)CCCN1CCC(CNC(=O)c2c3n(c4ccccc24)CCCO3)CC1"
"CHEMBL1632161","Bioorg. Med. Chem., (2010) 18:24:8600","Ki","Displacement of [3H]GR113808 from human 5HT4 receptor expressed in HEK293 cells by liquid scintillation counting",0.759,"CC(C)(C)OC(=O)CN1CCC(CNC(=O)c2c3n(c4ccccc24)CCCO3)CC1"
"CHEMBL1632174","Bioorg. Med. Chem., (2010) 18:24:8600","Ki","Displacement of [3H]GR113808 from human 5HT4 receptor expressed in HEK293 cells by liquid scintillation counting",1.55,"O=C(O)CCCCCN1CCC(CNC(=O)c2c3n(c4ccccc24)CCCO3)CC1"
"CHEMBL209821","J. Med. Chem., (2006) 49:11:3116","Ki","Binding affinity to human 5HT4e receptor by radioligand binding assay",5000.0,"CC(=O)Nc1cccc(N2CCN(CCCCNS(=O)(=O)CC3CCCCC3)CC2)c1"
"CHEMBL2152922","J. Med. Chem., (2012) 55:21:9240","Ki","Displacement of [3H]GR113808 from human 5HT4D receptor expressed in HEK293 cells after 30 mins by liquid scintillation counting",0.15,"OC1(CN2CCC(COc3noc4cccc(O[C@@H]5CCOC5)c34)CC2)CCOCC1"
"CHEMBL2179582","J. Med. Chem., (2012) 55:21:9240","Ki","Displacement of [3H]GR113808 from human 5HT4D receptor expressed in HEK293 cells after 30 mins by liquid scintillation counting",2.7,"CC1(C)C(=O)N(C(=O)NCC2CCN(CC3(O)CCOCC3)CC2)c2cc(F)ccc21"
"CHEMBL2179590","J. Med. Chem., (2012) 55:21:9240","Ki","Displacement of [3H]GR113808 from human 5HT4D receptor expressed in HEK293 cells after 30 mins by liquid scintillation counting",3.6,"CC(C)(O)COc1cccc2onc(OCC3CCN(CC4(O)CCOCC4)CC3)c12"
"CHEMBL2179675","J. Med. Chem., (2012) 55:22:9446","Ki","Displacement of [3H](1-(2-(methylsulfonamido)ethyl)piperidin-4-yl)methyl 1-methyl-1H-indole-3-carboxylate from human 5HT4R expressed in HEK293 cells",5.01,"Cn1cc2c(OCC3CCN(CCc4ccc(N)cc4)CC3)nc3ccccc3c2c1"
"CHEMBL2179698","J. Med. Chem., (2012) 55:22:9446","Ki","Displacement of [3H](1-(2-(methylsulfonamido)ethyl)piperidin-4-yl)methyl 1-methyl-1H-indole-3-carboxylate from human 5HT4R expressed in HEK293 cells",31.62,"CC(C)n1nc(C(=O)NCC2CC[N+](C)(CCc3ccccc3)CC2)c2ccccc21"
"CHEMBL2179704","J. Med. Chem., (2012) 55:22:9446","Ki","Displacement of [3H](1-(2-(methylsulfonamido)ethyl)piperidin-4-yl)methyl 1-methyl-1H-indole-3-carboxylate from human 5HT4R expressed in HEK293 cells",0.251,"CC(C)n1nc(C(=O)NCC2CCN(CCc3ccc(O)cc3)CC2)c2ccccc21"
"CHEMBL2402902","Bioorg. Med. Chem. Lett., (2013) 23:14:4210","Ki","Binding affinity to human recombinant 5HT4 receptor",3.98,"CC(=O)N(C)CC(O)CN1CCC(CNC(=O)c2cccc3[nH]c(C(C)C)nc23)CC1"
"CHEMBL3216126","J. Med. Chem., (2012) 55:22:9446","Ki","Displacement of [3H](1-(2-(methylsulfonamido)ethyl)piperidin-4-yl)methyl 1-methyl-1H-indole-3-carboxylate from human 5HT4R expressed in HEK293 cells",0.2,"CC(C)n1nc(C(=O)NCC2CCN(CCc3ccc(N)cc3)CC2)c2ccccc21"
"CHEMBL331264","J. Med. Chem., (2000) 43:20:3761","Ki","Binding affinity was determined against cloned 5-hydroxytryptamine 4E receptor isoform expressed in C6 glial cells incubated with 0.2 nM [3H]GR-113808",199.2,"COc1cc(N)c(Cl)cc1C(=O)OCCN1CCN(c2cccc(C(F)(F)F)c2)CC1"
"CHEMBL425190","J. Med. Chem., (2005) 48:10:3478","Ki","Binding affinity for human 5-hydroxytryptamine 4 receptor ",5011.87,"Cc1ccc2c(OCCN3CCN(Cc4cccc5cccnc45)CC3)cccc2n1"
"CHEMBL549998","J. Med. Chem., (2009) 52:17:5330","Ki","Displacement of [H]GR-113808 from human 5HT4C receptor expressed in HEK293 cells by liquid scintillation counting",15848.93,"COc1cc(N)c(Cl)cc1C(=O)NC1CCN(CCCCCCCCS(=O)(=O)O)CC1"
"CHEMBL550530","J. Med. Chem., (2009) 52:17:5330","Ki","Displacement of [H]GR-113808 from human 5HT4C receptor expressed in HEK293 cells by liquid scintillation counting",125.89,"COc1cc(N)c(Cl)cc1C(=O)NC1CCN(CCN2CCN(S(C)(=O)=O)CC2)CC1"
"CHEMBL552075","J. Med. Chem., (2009) 52:17:5330","Ki","Displacement of [H]GR-113808 from human 5HT4C receptor expressed in HEK293 cells by liquid scintillation counting",1000.0,"CC(C)n1c(=O)c(C(=O)N[C@@H]2C[C@@H]3CC[C@H](C2)N3CCS(=O)(=O)O)cc2ccccc21"
"CHEMBL563261","J. Med. Chem., (2009) 52:17:5330","Ki","Displacement of [H]GR-113808 from human 5HT4C receptor expressed in HEK293 cells by liquid scintillation counting",63.1,"CC(C)n1c(=O)c(C(=O)N[C@@H]2C[C@@H]3CC[C@H](C2)N3CCCCCO)cc2ccccc21"
"CHEMBL1204203","J. Med. Chem., (2001) 44:2:186","Ki","In vitro binding affinity towards 5-HT4 receptor was determined",1000.0,"CCS(=O)(=O)Nc1cccc(N2CCN(CCCCN3C(=O)C4CCCN4C3=O)CC2)c1"
"CHEMBL1632158","Bioorg. Med. Chem., (2010) 18:24:8600","Ki","Displacement of [3H]GR113808 from human 5HT4 receptor expressed in HEK293 cells by liquid scintillation counting",0.107,"COC(=O)CCCCCN1CCC(CNC(=O)c2c3n(c4ccccc24)CCCO3)CC1"
"CHEMBL1729","J. Med. Chem., (2003) 46:11:2017","Ki","Binding affinity towards Serotonin 5-hydroxytryptamine 4 receptor",29.0,"COc1cc(N)c(Cl)cc1C(=O)NC1CCN(CCCOc2ccc(F)cc2)CC1OC"
"CHEMBL180697","Bioorg. Med. Chem. Lett., (2005) 15:6:1697","Ki","Inhibitory constant for human cloned 5-HT4 receptor",0.158,"O=C(NCC1CCN(CCCS(=O)(=O)N2CCNCC2)CC1)c1cccc2c1OCCO2"
"CHEMBL181928","Bioorg. Med. Chem. Lett., (2005) 15:6:1697","Ki","Inhibitory constant for human cloned 5-HT4 receptor",0.2,"O=C(NCC1CCN(CCCS(=O)(=O)N2CCCCC2)CC1)c1cccc2c1OCCO2"
"CHEMBL2059579","Bioorg. Med. Chem. Lett., (2012) 22:14:4849","Ki","Displacement of [3H]GR113808 from human recombinant 5HT4C receptor expressed in HEK293 cells",3.98,"CC(C)N(C)CC(O)CN1[C@H]2CC[C@@H]1C[C@H](NC(=O)c1nn(C(C)C)c3ccccc13)C2"
"CHEMBL2179580","J. Med. Chem., (2012) 55:21:9240","Ki","Displacement of [3H]GR113808 from human 5HT4D receptor expressed in HEK293 cells after 30 mins by liquid scintillation counting",0.5,"O[C@@H]1CC[C@@H](Oc2cccc3onc(OCC4CCN(CC5(O)CCOCC5)CC4)c23)C1"
"CHEMBL2179581","J. Med. Chem., (2012) 55:21:9240","Ki","Displacement of [3H]GR113808 from human 5HT4D receptor expressed in HEK293 cells after 30 mins by liquid scintillation counting",4.5,"OC1(CN2CCC(COc3noc4cccc(OC5CCOCC5)c34)CC2)CCOCC1"
"CHEMBL2179583","J. Med. Chem., (2012) 55:21:9240","Ki","Displacement of [3H]GR113808 from human 5HT4D receptor expressed in HEK293 cells after 30 mins by liquid scintillation counting",1.7,"CC(C)n1c(=O)n(C(=O)NCC2CCN(CC3(O)CCOCC3)CC2)c2cc(F)ccc21"
"CHEMBL2179672","J. Med. Chem., (2012) 55:22:9446","Ki","Displacement of [3H](1-(2-(methylsulfonamido)ethyl)piperidin-4-yl)methyl 1-methyl-1H-indole-3-carboxylate from human 5HT4R expressed in HEK293 cells",10.0,"Cn1cc2c(OCC3CCN(CCc4ccc(CO)cc4)CC3)nc3ccccc3c2c1"
"CHEMBL2179677","J. Med. Chem., (2012) 55:22:9446","Ki","Displacement of [3H](1-(2-(methylsulfonamido)ethyl)piperidin-4-yl)methyl 1-methyl-1H-indole-3-carboxylate from human 5HT4R expressed in HEK293 cells",125.89,"CC(C)n1cc2c(OCC3CCN(CCc4ccccc4)CC3)nc3ccccc3c2c1"
"CHEMBL2401750","Bioorg. Med. Chem. Lett., (2013) 23:14:4210","Ki","Binding affinity to human recombinant 5HT4 receptor",1.0,"CC(=O)N1CCC(CN2CCC(CNC(=O)c3cccc4[nH]c(C(C)C)nc34)CC2)CC1"
"CHEMBL2402889","Bioorg. Med. Chem. Lett., (2013) 23:14:4210","Ki","Binding affinity to human recombinant 5HT4 receptor",251.19,"CS(=O)(=O)N1CCN(CC(O)CN2CCC(NC(=O)c3cccc4[nH]cnc34)CC2)CC1"
"CHEMBL2402900","Bioorg. Med. Chem. Lett., (2013) 23:14:4210","Ki","Binding affinity to human recombinant 5HT4 receptor",1.26,"CC(C)c1nc2c(C(=O)NCC3CCN(CC(O)CN(C)S(C)(=O)=O)CC3)cccc2[nH]1"
"CHEMBL2402901","Bioorg. Med. Chem. Lett., (2013) 23:14:4210","Ki","Binding affinity to human recombinant 5HT4 receptor",3.98,"COC(=O)N(C)CC(O)CN1CCC(CNC(=O)c2cccc3[nH]c(C(C)C)nc23)CC1"
"CHEMBL282971","Bioorg. Med. Chem. Lett., (2002) 12:10:1357","Ki","The compound was tested for the binding affinity towards human cloned 5-hydroxytryptamine 4 receptor in HeLa cells, using [3H]LSD as radioligand",1584.89,"COc1ccc(NS(=O)(=O)c2sc3ccc(Cl)cc3c2C)cc1N1CCN2CCC[C@@H]2C1"
"CHEMBL29433","Bioorg. Med. Chem. Lett., (2002) 12:10:1357","Ki","The compound was tested for the binding affinity towards human cloned 5-hydroxytryptamine 4 receptor in HeLa cells, using [3H]LSD as radioligand",5011.87,"COc1ccc(NS(=O)(=O)c2sc3ccc(Cl)cc3c2C)cc1N1CCN2CCC[C@H]2C1"
"CHEMBL3329807","Bioorg. Med. Chem. Lett., (2014) 24:18:4598","Ki","Displacement of [3H]GR113808 from human 5HT4b receptor expressed in HEK293 cell membranes",0.2,"CS(=O)(=O)Nc1ccc(CN2CCC(CNC(=O)c3cccc4c3OCCO4)CC2)cc1"
"CHEMBL3329811","Bioorg. Med. Chem. Lett., (2014) 24:18:4598","Ki","Displacement of [3H]GR113808 from human 5HT4b receptor expressed in HEK293 cell membranes",1.26,"O=C(OCC1CCN(CC2CCC(C(=O)O)C2)CC1)c1c2n(c3ccccc13)CCCO2"
"CHEMBL362582","Bioorg. Med. Chem. Lett., (2005) 15:6:1697","Ki","Inhibitory constant for human cloned 5-HT4 receptor",0.398,"O=C(NCC1CCN(CCCS(=O)(=O)N2CCOCC2)CC1)c1cccc2c1OCCO2"
"CHEMBL490852","J. Med. Chem., (2009) 52:8:2214","Ki","Displacement of [3H]GR-113808 from human 5HT4 isoform E receptor expressed in rat C6 cells by liquid scintillation counting",5.0,"COc1cc(N)c(Cl)cc1C(=O)OCCN1CCC(NC(=O)Cc2ccccc2Cl)CC1"
"CHEMBL497963","J. Med. Chem., (2008) 51:10:2887","Ki","Displacement of radioligand from human cloned 5HT4 receptor",10000.0,"Cc1ccc2c(OCCN3CCC(Cc4cccc(NS(C)(=O)=O)c4)CC3)cccc2n1"
"CHEMBL563276","J. Med. Chem., (2009) 52:17:5330","Ki","Displacement of [H]GR-113808 from human 5HT4C receptor expressed in HEK293 cells by liquid scintillation counting",7943.28,"COc1cc(N)c(Cl)cc1C(=O)NC1CCN(CCN2C(=O)c3ccccc3C2=O)CC1"
"CHEMBL74656","Bioorg. Med. Chem. Lett., (2013) 23:14:4210","Ki","Binding affinity to serotonin 5-HT4 receptor (unknown origin)",125.89,"COc1cc(N)c(Cl)cc1C(=O)N[C@H]1CCN(CCCOc2ccc(F)cc2)C[C@H]1OC"
"CHEMBL1632162","Bioorg. Med. Chem., (2010) 18:24:8600","Ki","Displacement of [3H]GR113808 from human 5HT4 receptor expressed in HEK293 cells by liquid scintillation counting",0.234,"CC(C)(C)OC(=O)CCCN1CCC(CNC(=O)c2c3n(c4ccccc24)CCCO3)CC1"
"CHEMBL1632164","Bioorg. Med. Chem., (2010) 18:24:8600","Ki","Displacement of [3H]GR113808 from human 5HT4 receptor expressed in HEK293 cells by liquid scintillation counting",1.26,"CCOP(=O)(CCN1CCC(CNC(=O)c2c3n(c4ccccc24)CCCO3)CC1)OCC"
"CHEMBL1632176","Bioorg. Med. Chem., (2010) 18:24:8600","Ki","Displacement of [3H]GR113808 from human 5HT4 receptor expressed in HEK293 cells by liquid scintillation counting",5.01,"O=C(O)c1ccc(CN2CCC(CNC(=O)c3c4n(c5ccccc35)CCCO4)CC2)cc1"
"CHEMBL180632","Bioorg. Med. Chem. Lett., (2005) 15:6:1697","Ki","Inhibitory constant for human cloned 5-HT4 receptor",0.251,"CN1CCN(S(=O)(=O)CCCN2CCC(CNC(=O)c3cccc4c3OCCO4)CC2)CC1"
"CHEMBL2059577","Bioorg. Med. Chem. Lett., (2012) 22:14:4849","Ki","Displacement of [3H]GR113808 from human recombinant 5HT4C receptor expressed in HEK293 cells",2.0,"CC(C)n1nc(C(=O)N[C@@H]2C[C@@H]3CC[C@H](C2)N3CC(O)CN2CCCCC2)c2ccccc21"
"CHEMBL2087324","Bioorg. Med. Chem. Lett., (2012) 22:19:6048","Ki","Displacement of [3H]GR113808 from human recombinant 5HT4c receptor expressed in HEK293 cells",31.62,"CC(=O)NCC(O)CN1[C@H]2CC[C@@H]1C[C@H](NC(=O)c1cc3ccccc3n(C(C)C)c1=O)C2"
"CHEMBL2087326","Bioorg. Med. Chem. Lett., (2012) 22:19:6048","Ki","Displacement of [3H]GR113808 from human recombinant 5HT4c receptor expressed in HEK293 cells",15.85,"CC(C)n1c(=O)c(C(=O)N[C@@H]2C[C@@H]3CC[C@H](C2)N3CC(O)CNC(N)=O)cc2ccccc21"
"CHEMBL2179671","J. Med. Chem., (2012) 55:22:9446","Ki","Displacement of [3H](1-(2-(methylsulfonamido)ethyl)piperidin-4-yl)methyl 1-methyl-1H-indole-3-carboxylate from human 5HT4R expressed in HEK293 cells",19.95,"COCc1ccc(CCN2CCC(COc3nc4ccccc4c4cn(C)cc34)CC2)cc1"
"CHEMBL2179673","J. Med. Chem., (2012) 55:22:9446","Ki","Displacement of [3H](1-(2-(methylsulfonamido)ethyl)piperidin-4-yl)methyl 1-methyl-1H-indole-3-carboxylate from human 5HT4R expressed in HEK293 cells",199.53,"Cn1cc2c(OCC3CCN(CCc4ccccc4C(=O)O)CC3)nc3ccccc3c2c1"
"CHEMBL2179674","J. Med. Chem., (2012) 55:22:9446","Ki","Displacement of [3H](1-(2-(methylsulfonamido)ethyl)piperidin-4-yl)methyl 1-methyl-1H-indole-3-carboxylate from human 5HT4R expressed in HEK293 cells",2.0,"Cn1cc2c(OCC3CCN(CCc4ccc(C(=O)O)cc4)CC3)nc3ccccc3c2c1"
"CHEMBL2179705","J. Med. Chem., (2012) 55:22:9446","Ki","Displacement of [3H](1-(2-(methylsulfonamido)ethyl)piperidin-4-yl)methyl 1-methyl-1H-indole-3-carboxylate from human 5HT4R expressed in HEK293 cells",1.26,"CC(C)n1nc(C(=O)NCC2CCN(CCc3ccc([N+](=O)[O-])cc3)CC2)c2ccccc21"
"CHEMBL2179707","J. Med. Chem., (2012) 55:22:9446","Ki","Displacement of [3H](1-(2-(methylsulfonamido)ethyl)piperidin-4-yl)methyl 1-methyl-1H-indole-3-carboxylate from human 5HT4R expressed in HEK293 cells",0.794,"CC(C)n1nc(C(=O)NCC2CCN(CCc3ccc(C(=O)O)cc3)CC2)c2ccccc21"
"CHEMBL2181166","J. Med. Chem., (2012) 55:22:9693","Ki","Displacement of radioligand from human 5HT4R by Cerep protocol based assay",0.23,"Fc1cccc2c1nc(OCC1CCN(CCCc3ccc(I)cc3)CC1)c1cccnc12"
"CHEMBL2402887","Bioorg. Med. Chem. Lett., (2013) 23:14:4210","Ki","Binding affinity to human recombinant 5HT4 receptor",6.31,"CS(=O)(=O)N1CCN(CC(O)CN2CCC(CNC(=O)c3cccc4[nH]cnc34)CC2)CC1"
"CHEMBL2402899","Bioorg. Med. Chem. Lett., (2013) 23:14:4210","Ki","Binding affinity to human recombinant 5HT4 receptor",5.01,"CC(=O)N1CCN(CCN2CCC(CNC(=O)c3cccc4[nH]c(C(C)C)nc34)CC2)CC1"
"CHEMBL2402903","Bioorg. Med. Chem. Lett., (2013) 23:14:4210","Ki","Binding affinity to human recombinant 5HT4 receptor",0.501,"CC(C)c1nc2c(C(=O)NCC3CCN(CC4CCN(S(C)(=O)=O)CC4)CC3)cccc2[nH]1"
"CHEMBL2402904","Bioorg. Med. Chem. Lett., (2013) 23:14:4210","Ki","Binding affinity to human recombinant 5HT4 receptor",0.398,"COC(=O)N1CCC(CN2CCC(CNC(=O)c3cccc4[nH]c(C(C)C)nc34)CC2)CC1"
"CHEMBL29410","Bioorg. Med. Chem. Lett., (2002) 12:10:1357","Ki","The compound was tested for the binding affinity towards human cloned 5-hydroxytryptamine 4 receptor in HeLa cells, using [3H]LSD as radioligand",7943.28,"COc1ccc(NS(=O)(=O)c2sc3ccc(Cl)cc3c2C)cc1N1CCN2CCCCC2C1"
"CHEMBL3329812","Bioorg. Med. Chem. Lett., (2014) 24:18:4598","Ki","Displacement of [3H]GR113808 from human 5HT4b receptor expressed in HEK293 cell membranes",1.26,"O=C(OCC1CCN(CC2CCCC(C(=O)O)C2)CC1)c1c2n(c3ccccc13)CCCO2"
"CHEMBL558259","J. Med. Chem., (2009) 52:17:5330","Ki","Displacement of [H]GR-113808 from human 5HT4C receptor expressed in HEK293 cells by liquid scintillation counting",79.43,"CC(C)n1c(=O)c(C(=O)N[C@@H]2C[C@@H]3CC[C@H](C2)N3CCN2CCCCC2)cc2ccccc21"
"CHEMBL562400","J. Med. Chem., (2009) 52:17:5330","Ki","Displacement of [H]GR-113808 from human 5HT4C receptor expressed in HEK293 cells by liquid scintillation counting",63.1,"CCCCCCCCN1[C@H]2CC[C@@H]1C[C@H](NC(=O)c1cc3ccccc3n(C(C)C)c1=O)C2"
"CHEMBL562636","J. Med. Chem., (2009) 52:17:5330","Ki","Displacement of [H]GR-113808 from human 5HT4C receptor expressed in HEK293 cells by liquid scintillation counting",3.16,"COc1cc(N)c(Cl)cc1C(=O)NC1CCN(CCCCCCCCN2CCCCC2)CC1"
"CHEMBL95104","Bioorg. Med. Chem. Lett., (2002) 12:22:3341","Ki","Compound was tested for its binding affinity for 5-hydroxytryptamine 4 receptor",1905.46,"O=S(=O)(c1ccc2cc[nH]c2c1)N1CCC[C@@H]1CCN1CCC(Oc2ccc(Cl)cc2)CC1"
"CHEMBL178285","Bioorg. Med. Chem. Lett., (2005) 15:6:1697","Ki","Inhibitory constant for human cloned 5-HT4 receptor",0.126,"CC1(C)CCN(S(=O)(=O)CCCN2CCC(CNC(=O)c3cccc4c3OCCO4)CC2)CC1"
"CHEMBL2059580","Bioorg. Med. Chem. Lett., (2012) 22:14:4849","Ki","Displacement of [3H]GR113808 from human recombinant 5HT4C receptor expressed in HEK293 cells",1.0,"CC(C)N(C)CCCCCCN1[C@H]2CC[C@@H]1C[C@H](NC(=O)c1nn(C(C)C)c3ccccc13)C2"
"CHEMBL2059590","Bioorg. Med. Chem. Lett., (2012) 22:19:6048","Ki","Displacement of [3H]GR113808 from human recombinant 5HT4c receptor expressed in HEK293 cells",10.0,"CC(=O)N1CCN(CCN2[C@H]3CC[C@@H]2C[C@H](NC(=O)c2nn(C(C)C)c4ccccc24)C3)CC1"
"CHEMBL2087325","Bioorg. Med. Chem. Lett., (2012) 22:19:6048","Ki","Displacement of [3H]GR113808 from human recombinant 5HT4c receptor expressed in HEK293 cells",39.81,"CC(=O)N(C)CC(O)CN1[C@H]2CC[C@@H]1C[C@H](NC(=O)c1cc3ccccc3n(C(C)C)c1=O)C2"
"CHEMBL2087327","Bioorg. Med. Chem. Lett., (2012) 22:19:6048","Ki","Displacement of [3H]GR113808 from human recombinant 5HT4c receptor expressed in HEK293 cells",50.12,"CC(C)n1c(=O)c(C(=O)N[C@@H]2C[C@@H]3CC[C@H](C2)N3CC(O)CN(C)C(N)=O)cc2ccccc21"
"CHEMBL2087328","Bioorg. Med. Chem. Lett., (2012) 22:19:6048","Ki","Displacement of [3H]GR113808 from human recombinant 5HT4c receptor expressed in HEK293 cells",25.12,"CNC(=O)NCC(O)CN1[C@H]2CC[C@@H]1C[C@H](NC(=O)c1cc3ccccc3n(C(C)C)c1=O)C2"
"CHEMBL2087332","Bioorg. Med. Chem. Lett., (2012) 22:19:6048","Ki","Displacement of [3H]GR113808 from human recombinant 5HT4c receptor expressed in HEK293 cells",50.12,"COC(=O)NCC(O)CN1[C@H]2CC[C@@H]1C[C@H](NC(=O)c1cc3ccccc3n(C(C)C)c1=O)C2"
"CHEMBL2087334","Bioorg. Med. Chem. Lett., (2012) 22:19:6048","Ki","Displacement of [3H]GR113808 from human recombinant 5HT4c receptor expressed in HEK293 cells",19.95,"CC(C)n1c(=O)c(C(=O)N[C@@H]2C[C@@H]3CC[C@H](C2)N3CC(O)CNS(C)(=O)=O)cc2ccccc21"
"CHEMBL2179670","J. Med. Chem., (2012) 55:22:9446","Ki","Displacement of [3H](1-(2-(methylsulfonamido)ethyl)piperidin-4-yl)methyl 1-methyl-1H-indole-3-carboxylate from human 5HT4R expressed in HEK293 cells",2.0,"CC(=O)Nc1ccc(CCN2CCC(COc3nc4ccccc4c4cn(C)cc34)CC2)cc1"
"CHEMBL2402888","Bioorg. Med. Chem. Lett., (2013) 23:14:4210","Ki","Binding affinity to human recombinant 5HT4 receptor",316.23,"CS(=O)(=O)N1CCN(CC(O)CN2[C@H]3CC[C@@H]2C[C@H](NC(=O)c2cccc4[nH]cnc24)C3)CC1"
"CHEMBL2402897","Bioorg. Med. Chem. Lett., (2013) 23:14:4210","Ki","Binding affinity to human recombinant 5HT4 receptor",0.794,"CC(C)c1nc2c(C(=O)NCC3CCN(CCN4CCN(S(C)(=O)=O)CC4)CC3)cccc2[nH]1"
"CHEMBL2402898","Bioorg. Med. Chem. Lett., (2013) 23:14:4210","Ki","Binding affinity to human recombinant 5HT4 receptor",1.58,"COC(=O)N1CCN(CCN2CCC(CNC(=O)c3cccc4[nH]c(C(C)C)nc34)CC2)CC1"
"CHEMBL3329226","Bioorg. Med. Chem. Lett., (2014) 24:18:4598","Ki","Displacement of [3H]GR113808 from human 5HT4b receptor expressed in HEK293 cell membranes",1.58,"O=C(OCC1CCN(CC2C3CC4C2C4C3C(=O)O)CC1)c1c2n(c3ccccc13)CCCO2"
"CHEMBL424790","Bioorg. Med. Chem. Lett., (2005) 15:6:1697","Ki","Inhibitory constant for human cloned 5-HT4 receptor",0.0501,"CCN1CCN(S(=O)(=O)CCCN2CCC(CNC(=O)c3cccc4c3OCCO4)CC2)CC1"
"CHEMBL522708","J. Med. Chem., (2008) 51:10:2887","Ki","Displacement of radioligand from human cloned 5HT4 receptor",7943.28,"Cc1ccc2c(OCCN3CCC(Cc4cccc(N5CCCS5(=O)=O)c4)CC3)cccc2n1"
"CHEMBL549650","J. Med. Chem., (2009) 52:17:5330","Ki","Displacement of [H]GR-113808 from human 5HT4C receptor expressed in HEK293 cells by liquid scintillation counting",39.81,"CC(C)n1c(=O)c(C(=O)N[C@@H]2C[C@@H]3CC[C@H](C2)N3CCCN2CCOCC2)cc2ccccc21"
"CHEMBL556595","J. Med. Chem., (2009) 52:17:5330","Ki","Displacement of [H]GR-113808 from human 5HT4C receptor expressed in HEK293 cells by liquid scintillation counting",39.81,"COc1cc(N)c(Cl)cc1C(=O)NC1CCN(CCN(C)CCc2c[nH]c3ccccc23)CC1"
"CHEMBL558924","J. Med. Chem., (2009) 52:17:5330","Ki","Displacement of [H]GR-113808 from human 5HT4C receptor expressed in HEK293 cells by liquid scintillation counting",39.81,"COc1cc(N)c(Cl)cc1C(=O)NC1CCN(CCCCCN2CCN(S(C)(=O)=O)CC2)CC1"
"CHEMBL559746","J. Med. Chem., (2009) 52:17:5330","Ki","Displacement of [H]GR-113808 from human 5HT4C receptor expressed in HEK293 cells by liquid scintillation counting",1584.89,"CC(C)n1c(=O)c(C(=O)N[C@@H]2C[C@@H]3CC[C@H](C2)N3CCCCCS(=O)(=O)O)cc2ccccc21"
"CHEMBL560876","J. Med. Chem., (2009) 52:17:5330","Ki","Displacement of [H]GR-113808 from human 5HT4C receptor expressed in HEK293 cells by liquid scintillation counting",50.12,"CC(C)n1c(=O)c(C(=O)N[C@@H]2C[C@@H]3CC[C@H](C2)N3CCCCCCCCO)cc2ccccc21"
"CHEMBL561398","J. Med. Chem., (2009) 52:17:5330","Ki","Displacement of [H]GR-113808 from human 5HT4C receptor expressed in HEK293 cells by liquid scintillation counting",6.31,"CC(C)n1c(=O)c(C(=O)N[C@@H]2C[C@@H]3CC[C@H](C2)N3CCCN2CCCCC2)cc2ccccc21"
"CHEMBL1632163","Bioorg. Med. Chem., (2010) 18:24:8600","Ki","Displacement of [3H]GR113808 from human 5HT4 receptor expressed in HEK293 cells by liquid scintillation counting",0.0537,"CC(C)(C)OC(=O)CCCCCN1CCC(CNC(=O)c2c3n(c4ccccc24)CCCO3)CC1"
"CHEMBL178669","Bioorg. Med. Chem. Lett., (2005) 15:6:1697","Ki","Inhibitory constant for human cloned 5-HT4 receptor",0.126,"CC(=O)N1CCN(S(=O)(=O)CCCN2CCC(CNC(=O)c3cccc4c3OCCO4)CC2)CC1"
"CHEMBL180201","Bioorg. Med. Chem. Lett., (2005) 15:6:1697","Ki","Inhibitory constant for human cloned 5-HT4 receptor",0.0631,"CCCC1CCN(S(=O)(=O)CCCN2CCC(CNC(=O)c3cccc4c3OCCO4)CC2)CC1"
"CHEMBL181126","Bioorg. Med. Chem. Lett., (2005) 15:6:1697","Ki","Inhibitory constant for human cloned 5-HT4 receptor",0.0316,"CCCN1CCN(S(=O)(=O)CCCN2CCC(CNC(=O)c3cccc4c3OCCO4)CC2)CC1"
"CHEMBL182999","Bioorg. Med. Chem. Lett., (2005) 15:6:1697","Ki","Inhibitory constant for human cloned 5-HT4 receptor",0.0316,"CC(C)N1CCN(S(=O)(=O)CCCN2CCC(CNC(=O)c3cccc4c3OCCO4)CC2)CC1"
"CHEMBL197965","J. Med. Chem., (2005) 48:20:6220","Ki","Binding affinity for 5-HT4 receptor using [3H]GR-113808",13.0,"COc1cc(N)c(Cl)cc1C(=O)OCCN1CCC(NC(=O)CCCCCCCCCCN)CC1"
"CHEMBL2059578","Bioorg. Med. Chem. Lett., (2012) 22:14:4849","Ki","Displacement of [3H]GR113808 from human recombinant 5HT4C receptor expressed in HEK293 cells",1.0,"CC(C)n1nc(C(=O)N[C@@H]2C[C@@H]3CC[C@H](C2)N3CCCCCCN2CCCCC2)c2ccccc21"
"CHEMBL2059581","Bioorg. Med. Chem. Lett., (2012) 22:14:4849","Ki","Displacement of [3H]GR113808 from human recombinant 5HT4C receptor expressed in HEK293 cells",3.98,"COC[C@@H]1CCCN1CC(O)CN1[C@H]2CC[C@@H]1C[C@H](NC(=O)c1nn(C(C)C)c3ccccc13)C2"
"CHEMBL2059589","Bioorg. Med. Chem. Lett., (2012) 22:14:4849","Ki","Displacement of [3H]GR113808 from human recombinant 5HT4C receptor expressed in HEK293 cells",12.59,"CC(C)n1nc(C(=O)N[C@@H]2C[C@@H]3CC[C@H](C2)N3CCN2CCN(S(C)(=O)=O)CC2)c2ccccc21"
"CHEMBL2087329","Bioorg. Med. Chem. Lett., (2012) 22:19:6048","Ki","Displacement of [3H]GR113808 from human recombinant 5HT4c receptor expressed in HEK293 cells",100.0,"CNC(=O)N(C)CC(O)CN1[C@H]2CC[C@@H]1C[C@H](NC(=O)c1cc3ccccc3n(C(C)C)c1=O)C2"
"CHEMBL2087330","Bioorg. Med. Chem. Lett., (2012) 22:19:6048","Ki","Displacement of [3H]GR113808 from human recombinant 5HT4c receptor expressed in HEK293 cells",100.0,"CC(C)n1c(=O)c(C(=O)N[C@@H]2C[C@@H]3CC[C@H](C2)N3CC(O)CNC(=O)N(C)C)cc2ccccc21"
"CHEMBL2087333","Bioorg. Med. Chem. Lett., (2012) 22:19:6048","Ki","Displacement of [3H]GR113808 from human recombinant 5HT4c receptor expressed in HEK293 cells",39.81,"COC(=O)N(C)CC(O)CN1[C@H]2CC[C@@H]1C[C@H](NC(=O)c1cc3ccccc3n(C(C)C)c1=O)C2"
"CHEMBL2087335","Bioorg. Med. Chem. Lett., (2012) 22:19:6048","Ki","Displacement of [3H]GR113808 from human recombinant 5HT4c receptor expressed in HEK293 cells",19.95,"CC(C)n1c(=O)c(C(=O)N[C@@H]2C[C@@H]3CC[C@H](C2)N3CC(O)CN(C)S(C)(=O)=O)cc2ccccc21"
"CHEMBL2087336","Bioorg. Med. Chem. Lett., (2012) 22:19:6048","Ki","Displacement of [3H]GR113808 from human recombinant 5HT4c receptor expressed in HEK293 cells",50.12,"CC(C)n1c(=O)c(C(=O)N[C@@H]2C[C@@H]3CC[C@H](C2)N3C[C@H](O)CN(C)S(C)(=O)=O)cc2ccccc21"
"CHEMBL2087337","Bioorg. Med. Chem. Lett., (2012) 22:19:6048","Ki","Displacement of [3H]GR113808 from human recombinant 5HT4c receptor expressed in HEK293 cells",19.95,"CC(C)n1c(=O)c(C(=O)N[C@@H]2C[C@@H]3CC[C@H](C2)N3C[C@@H](O)CN(C)S(C)(=O)=O)cc2ccccc21"
"CHEMBL2402890","Bioorg. Med. Chem. Lett., (2013) 23:14:4210","Ki","Binding affinity to human recombinant 5HT4 receptor",0.501,"CCc1nc2c(C(=O)NCC3CCN(CC(O)CN4CCN(S(C)(=O)=O)CC4)CC3)cccc2[nH]1"
"CHEMBL3329803","Bioorg. Med. Chem. Lett., (2014) 24:18:4598","Ki","Displacement of [3H]GR113808 from human 5HT4b receptor expressed in HEK293 cell membranes",0.2,"CS(=O)(=O)Nc1ccc(CN2CCC(CNC(=O)c3c4n(c5ccccc35)CCCO4)CC2)cc1"
"CHEMBL3329808","Bioorg. Med. Chem. Lett., (2014) 24:18:4598","Ki","Displacement of [3H]GR113808 from human 5HT4b receptor expressed in HEK293 cell membranes",0.251,"CCCCS(=O)(=O)Nc1ccc(CN2CCC(CNC(=O)c3cccc4c3OCCO4)CC2)cc1"
"CHEMBL3329809","Bioorg. Med. Chem. Lett., (2014) 24:18:4598","Ki","Displacement of [3H]GR113808 from human 5HT4b receptor expressed in HEK293 cell membranes",0.2,"CC(C)CS(=O)(=O)Nc1ccc(CN2CCC(CNC(=O)c3cccc4c3OCCO4)CC2)cc1"
"CHEMBL3329813","Bioorg. Med. Chem. Lett., (2014) 24:18:4598","Ki","Displacement of [3H]GR113808 from human 5HT4b receptor expressed in HEK293 cell membranes",0.316,"CC(C(=O)O)c1ccc(CN2CCC(COC(=O)c3c4n(c5ccccc35)CCCO4)CC2)cc1"
"CHEMBL557867","J. Med. Chem., (2009) 52:17:5330","Ki","Displacement of [H]GR-113808 from human 5HT4C receptor expressed in HEK293 cells by liquid scintillation counting",19.95,"COc1cc(N)c(Cl)cc1C(=O)NC1CCN(CCCCCN2C(=O)c3ccccc3C2=O)CC1"
"CHEMBL89225","J. Med. Chem., (2003) 46:13:2606","Ki","Binding affinity towards cloned human 5-hydroxytryptamine 4E receptor expressed in C6 glial cells using [3H]GR-113808 as radioligand",7.5,"COc1cc(N)c(Cl)cc1C(=O)OCCN1CCC(CNc2ccc([N+](=O)[O-])c3nonc23)CC1"
"CHEMBL1632159","Bioorg. Med. Chem., (2010) 18:24:8600","Ki","Displacement of [3H]GR113808 from human 5HT4 receptor expressed in HEK293 cells by liquid scintillation counting",0.195,"COC(=O)CCCCCCCCCN1CCC(CNC(=O)c2c3n(c4ccccc24)CCCO3)CC1"
"CHEMBL1632165","Bioorg. Med. Chem., (2010) 18:24:8600","Ki","Displacement of [3H]GR113808 from human 5HT4 receptor expressed in HEK293 cells by liquid scintillation counting",0.0427,"O=C(CCCN1CCC(CNC(=O)c2c3n(c4ccccc24)CCCO3)CC1)OCc1ccccc1"
"CHEMBL179799","Bioorg. Med. Chem. Lett., (2005) 15:6:1697","Ki","Inhibitory constant for human cloned 5-HT4 receptor",0.316,"CS(=O)(=O)N1CCN(S(=O)(=O)CCCN2CCC(CNC(=O)c3cccc4c3OCCO4)CC2)CC1"
"CHEMBL181202","Bioorg. Med. Chem. Lett., (2005) 15:6:1697","Ki","Inhibitory constant for human cloned 5-HT4 receptor",0.0251,"CCC(C)N1CCN(S(=O)(=O)CCCN2CCC(CNC(=O)c3cccc4c3OCCO4)CC2)CC1"
"CHEMBL2087331","Bioorg. Med. Chem. Lett., (2012) 22:19:6048","Ki","Displacement of [3H]GR113808 from human recombinant 5HT4c receptor expressed in HEK293 cells",50.12,"CC(C)n1c(=O)c(C(=O)N[C@@H]2C[C@@H]3CC[C@H](C2)N3CC(O)CN(C)C(=O)N(C)C)cc2ccccc21"
"CHEMBL2391994","Unspecified","Ki","Displacement of [3H]GR113808 from human 5-HT4B receptor expressed in HEK293 cells after 1 hr by liquid scintillation counting analysis",0.126,"CC(C)(C(=O)O)c1ccc(CN2CCC(COC(=O)c3c4n(c5ccccc35)CCCO4)CC2)cc1"
"CHEMBL2402891","Bioorg. Med. Chem. Lett., (2013) 23:14:4210","Ki","Binding affinity to human recombinant 5HT4 receptor",0.501,"CC(C)c1nc2c(C(=O)NCC3CCN(CC(O)CN4CCN(S(C)(=O)=O)CC4)CC3)cccc2[nH]1"
"CHEMBL2402892","Bioorg. Med. Chem. Lett., (2013) 23:14:4210","Ki","Binding affinity to human recombinant 5HT4 receptor",0.501,"CS(=O)(=O)N1CCN(CC(O)CN2CCC(CNC(=O)c3cccc4[nH]c(C5CC5)nc34)CC2)CC1"
"CHEMBL3329801","Bioorg. Med. Chem. Lett., (2014) 24:18:4598","Ki","Displacement of [3H]GR113808 from human 5HT4b receptor expressed in HEK293 cell membranes",501.19,"O=C(NCC1CCN(Cc2ccc(NS(=O)(=O)C3CCCCC3)cc2)CC1)c1c[nH]c2ccccc12"
"CHEMBL361118","Bioorg. Med. Chem. Lett., (2005) 15:6:1697","Ki","Inhibitory constant for human cloned 5-HT4 receptor",0.0251,"O=C(NCC1CCN(CCCS(=O)(=O)N2CCC3(CCCC3)CC2)CC1)c1cccc2c1OCCO2"
"CHEMBL558719","J. Med. Chem., (2009) 52:17:5330","Ki","Displacement of [H]GR-113808 from human 5HT4C receptor expressed in HEK293 cells by liquid scintillation counting",5.01,"CC(C)n1c(=O)c(C(=O)N[C@@H]2C[C@@H]3CC[C@H](C2)N3CCCCCN2CCCCC2)cc2ccccc21"
"CHEMBL558855","J. Med. Chem., (2009) 52:17:5330","Ki","Displacement of [H]GR-113808 from human 5HT4C receptor expressed in HEK293 cells by liquid scintillation counting",50.12,"CC(C)n1c(=O)c(C(=O)N[C@@H]2C[C@@H]3CC[C@H](C2)N3CCCN2CCC[C@@H]2C(N)=O)cc2ccccc21"
"CHEMBL15928","J. Med. Chem., (1994) 37:15:2253","Ki","Binding affinity against 5-hydroxytryptamine 4 receptor",10000.0,"COc1ccc(NC(=O)c2ccc(-c3ccc(-c4noc(C)n4)cc3C)cc2)cc1N1CCN(C)CC1"
"CHEMBL1632166","Bioorg. Med. Chem., (2010) 18:24:8600","Ki","Displacement of [3H]GR113808 from human 5HT4 receptor expressed in HEK293 cells by liquid scintillation counting",0.00145,"O=C(CCCCN1CCC(CNC(=O)c2c3n(c4ccccc24)CCCO3)CC1)OCc1ccccc1"
"CHEMBL1632175","Bioorg. Med. Chem., (2010) 18:24:8600","Ki","Displacement of [3H]GR113808 from human 5HT4 receptor expressed in HEK293 cells by liquid scintillation counting",2.45,"O=C(O)CCCCCCCCCCCN1CCC(CNC(=O)c2c3n(c4ccccc24)CCCO3)CC1"
"CHEMBL180835","Bioorg. Med. Chem. Lett., (2005) 15:6:1697","Ki","Inhibitory constant for human cloned 5-HT4 receptor",0.0158,"O=C(NCC1CCN(CCCS(=O)(=O)N2CCN(C3CCCC3)CC2)CC1)c1cccc2c1OCCO2"
"CHEMBL2059582","Bioorg. Med. Chem. Lett., (2012) 22:14:4849","Ki","Displacement of [3H]GR113808 from human recombinant 5HT4C receptor expressed in HEK293 cells",0.794,"COC[C@@H]1CCCN1CCCCCCN1[C@H]2CC[C@@H]1C[C@H](NC(=O)c1nn(C(C)C)c3ccccc13)C2"
"CHEMBL2059585","Bioorg. Med. Chem. Lett., (2012) 22:14:4849","Ki","Displacement of [3H]GR113808 from human recombinant 5HT4C receptor expressed in HEK293 cells",3.98,"CC(C)n1nc(C(=O)N[C@@H]2C[C@@H]3CC[C@H](C2)N3CC(O)CN2CCN(S(C)(=O)=O)CC2)c2ccccc21"
"CHEMBL2059587","Bioorg. Med. Chem. Lett., (2012) 22:14:4849","Ki","Displacement of [3H]GR113808 from human recombinant 5HT4C receptor expressed in HEK293 cells",7.94,"CC(C)n1nc(C(=O)N[C@@H]2C[C@@H]3CC[C@H](C2)N3C[C@H](O)CN2CCN(S(C)(=O)=O)CC2)c2ccccc21"
"CHEMBL2059588","Bioorg. Med. Chem. Lett., (2012) 22:14:4849","Ki","Displacement of [3H]GR113808 from human recombinant 5HT4C receptor expressed in HEK293 cells",2.51,"CC(C)n1nc(C(=O)N[C@@H]2C[C@@H]3CC[C@H](C2)N3C[C@@H](O)CN2CCN(S(C)(=O)=O)CC2)c2ccccc21"
"CHEMBL2402893","Bioorg. Med. Chem. Lett., (2013) 23:14:4210","Ki","Binding affinity to human recombinant 5HT4 receptor",12.59,"CC(C)(C)c1nc2c(C(=O)NCC3CCN(CC(O)CN4CCN(S(C)(=O)=O)CC4)CC3)cccc2[nH]1"
"CHEMBL2402894","Bioorg. Med. Chem. Lett., (2013) 23:14:4210","Ki","Binding affinity to human recombinant 5HT4 receptor",2.0,"CC(F)(F)c1nc2c(C(=O)NCC3CCN(CC(O)CN4CCN(S(C)(=O)=O)CC4)CC3)cccc2[nH]1"
"CHEMBL2402896","Bioorg. Med. Chem. Lett., (2013) 23:14:4210","Ki","Binding affinity to human recombinant 5HT4 receptor",0.316,"CC(C)c1nc2c(C(=O)NCC3CCN(CC(O)CN4CCN(S(C)(=O)=O)CC4)CC3)cc(Cl)cc2[nH]1"
"CHEMBL3329802","Bioorg. Med. Chem. Lett., (2014) 24:18:4598","Ki","Displacement of [3H]GR113808 from human 5HT4b receptor expressed in HEK293 cell membranes",1000.0,"O=C(NCC1CCN(Cc2ccc(NS(=O)(=O)Cc3ccccc3)cc2)CC1)c1c[nH]c2ccccc12"
"CHEMBL3329810","Bioorg. Med. Chem. Lett., (2014) 24:18:4598","Ki","Displacement of [3H]GR113808 from human 5HT4b receptor expressed in HEK293 cell membranes",1.26,"O=C(NCC1CCN(Cc2ccc(NS(=O)(=O)C3CCCCC3)cc2)CC1)c1cccc2c1OCCO2"
"CHEMBL490050","J. Med. Chem., (2009) 52:8:2214","Ki","Displacement of [3H]GR-113808 from human 5HT4 isoform E receptor expressed in rat C6 cells by liquid scintillation counting",12.0,"COc1cc(N)c(Cl)cc1C(=O)OCCN1CCC(NC(=O)CCCNCCCc2ccccc2)CC1"
"CHEMBL550122","J. Med. Chem., (2009) 52:17:5330","Ki","Displacement of [H]GR-113808 from human 5HT4C receptor expressed in HEK293 cells by liquid scintillation counting",63.1,"CC(C)n1c(=O)c(C(=O)N[C@@H]2C[C@@H]3CC[C@H](C2)N3CCCCCCCCS(=O)(=O)O)cc2ccccc21"
"CHEMBL558261","J. Med. Chem., (2009) 52:17:5330","Ki","Displacement of [H]GR-113808 from human 5HT4C receptor expressed in HEK293 cells by liquid scintillation counting",15.85,"COc1cc(N)c(Cl)cc1C(=O)NC1CCN(CCCCCCCCN2CCN(S(C)(=O)=O)CC2)CC1"
"CHEMBL561278","J. Med. Chem., (2009) 52:17:5330","Ki","Displacement of [H]GR-113808 from human 5HT4C receptor expressed in HEK293 cells by liquid scintillation counting",1.58,"COc1cc(N)c(Cl)cc1C(=O)NC1CCN(CCCCCN(C)CCc2c[nH]c3ccccc23)CC1"
"CHEMBL565146","J. Med. Chem., (2009) 52:17:5330","Ki","Displacement of [H]GR-113808 from human 5HT4C receptor expressed in HEK293 cells by liquid scintillation counting",63.1,"CC(C)n1c(=O)c(C(=O)N[C@@H]2C[C@@H]3CC[C@H](C2)N3CCN2CCN(S(C)(=O)=O)CC2)cc2ccccc21"
"CHEMBL1632160","Bioorg. Med. Chem., (2010) 18:24:8600","Ki","Displacement of [3H]GR113808 from human 5HT4 receptor expressed in HEK293 cells by liquid scintillation counting",0.339,"COC(=O)CCCCCCCCCCCN1CCC(CNC(=O)c2c3n(c4ccccc24)CCCO3)CC1"
"CHEMBL1632167","Bioorg. Med. Chem., (2010) 18:24:8600","Ki","Displacement of [3H]GR113808 from human 5HT4 receptor expressed in HEK293 cells by liquid scintillation counting",0.141,"O=C(CCCCCN1CCC(CNC(=O)c2c3n(c4ccccc24)CCCO3)CC1)OCc1ccccc1"
"CHEMBL179833","Bioorg. Med. Chem. Lett., (2005) 15:6:1697","Ki","Inhibitory constant for human cloned 5-HT4 receptor",0.126,"CC(C)S(=O)(=O)N1CCN(S(=O)(=O)CCCN2CCC(CNC(=O)c3cccc4c3OCCO4)CC2)CC1"
"CHEMBL3329804","Bioorg. Med. Chem. Lett., (2014) 24:18:4598","Ki","Displacement of [3H]GR113808 from human 5HT4b receptor expressed in HEK293 cell membranes",1.0,"CCCCS(=O)(=O)Nc1ccc(CN2CCC(CNC(=O)c3c4n(c5ccccc35)CCCO4)CC2)cc1"
"CHEMBL3329805","Bioorg. Med. Chem. Lett., (2014) 24:18:4598","Ki","Displacement of [3H]GR113808 from human 5HT4b receptor expressed in HEK293 cell membranes",0.0501,"CC(C)CS(=O)(=O)Nc1ccc(CN2CCC(CNC(=O)c3c4n(c5ccccc35)CCCO4)CC2)cc1"
"CHEMBL360245","Bioorg. Med. Chem. Lett., (2005) 15:6:1697","Ki","Inhibitory constant for human cloned 5-HT4 receptor",0.1,"CCCS(=O)(=O)N1CCN(S(=O)(=O)CCCN2CCC(CNC(=O)c3cccc4c3OCCO4)CC2)CC1"
"CHEMBL360531","Bioorg. Med. Chem. Lett., (2005) 15:6:1697","Ki","Inhibitory constant for human cloned 5-HT4 receptor",0.251,"O=C(NCC1CCN(CCCS(=O)(=O)N2CCN(c3ccccn3)CC2)CC1)c1cccc2c1OCCO2"
"CHEMBL433149","J. Med. Chem., (2003) 46:13:2606","Ki","Binding affinity towards cloned human 5-hydroxytryptamine 4E receptor expressed in C6 glial cells using [3H]GR-113808 as radioligand",264.0,"COc1cc(N)c(Cl)cc1C(=O)OCCN1CCC(NS(=O)(=O)c2cccc3c(N(C)C)cccc23)CC1"
"CHEMBL549449","J. Med. Chem., (2009) 52:17:5330","Ki","Displacement of [H]GR-113808 from human 5HT4C receptor expressed in HEK293 cells by liquid scintillation counting",39.81,"CC(C)n1c(=O)c(C(=O)N[C@@H]2C[C@@H]3CC[C@H](C2)N3CCCN2CCN(S(C)(=O)=O)CC2)cc2ccccc21"
"CHEMBL551013","J. Med. Chem., (2009) 52:17:5330","Ki","Displacement of [H]GR-113808 from human 5HT4C receptor expressed in HEK293 cells by liquid scintillation counting",2.51,"CC(C)n1c(=O)c(C(=O)N[C@@H]2C[C@@H]3CC[C@H](C2)N3CCCCCCCN2CCCCC2)cc2ccccc21"
"CHEMBL559322","J. Med. Chem., (2009) 52:17:5330","Ki","Displacement of [H]GR-113808 from human 5HT4C receptor expressed in HEK293 cells by liquid scintillation counting",2.0,"CC(C)n1c(=O)c(C(=O)N[C@@H]2C[C@@H]3CC[C@H](C2)N3CCCCCCCN2CCOCC2)cc2ccccc21"
"CHEMBL559548","J. Med. Chem., (2009) 52:17:5330","Ki","Displacement of [H]GR-113808 from human 5HT4C receptor expressed in HEK293 cells by liquid scintillation counting",39.81,"COc1cc(N)c(Cl)cc1C(=O)NC1CCN(CCCCCCCCN2C(=O)c3ccccc3C2=O)CC1"
"CHEMBL563799","J. Med. Chem., (2009) 52:17:5330","Ki","Displacement of [H]GR-113808 from human 5HT4C receptor expressed in HEK293 cells by liquid scintillation counting",1000.0,"CC(C)n1c(=O)c(C(=O)N[C@@H]2C[C@@H]3CC[C@H](C2)N3CCN2C(=O)c3ccccc3C2=O)cc2ccccc21"
"CHEMBL85125","J. Med. Chem., (2003) 46:13:2606","Ki","Binding affinity towards cloned human 5-hydroxytryptamine 4E receptor expressed in C6 glial cells using [3H]GR-113808 as radioligand",64.0,"COc1cc(N)c(Cl)cc1C(=O)OCCN1CCC(CN2C(=O)c3cccc4c(N)ccc(c34)C2=O)CC1"
"CHEMBL1632169","Bioorg. Med. Chem., (2010) 18:24:8600","Ki","Displacement of [3H]GR113808 from human 5HT4 receptor expressed in HEK293 cells by liquid scintillation counting",0.0646,"CC(C)(C)C(=O)OCOC(=O)CCCCCN1CCC(CNC(=O)c2c3n(c4ccccc24)CCCO3)CC1"
"CHEMBL180680","Bioorg. Med. Chem. Lett., (2005) 15:6:1697","Ki","Inhibitory constant for human cloned 5-HT4 receptor",0.0501,"O=C(NCC1CCN(CCCS(=O)(=O)N2CCN(c3ccc(F)cc3)CC2)CC1)c1cccc2c1OCCO2"
"CHEMBL180830","Bioorg. Med. Chem. Lett., (2005) 15:6:1697","Ki","Inhibitory constant for human cloned 5-HT4 receptor",0.1,"O=C(NCC1CCN(CCCS(=O)(=O)N2CCN(C(=O)c3ccco3)CC2)CC1)c1cccc2c1OCCO2"
"CHEMBL181415","Bioorg. Med. Chem. Lett., (2005) 15:6:1697","Ki","Inhibitory constant for human cloned 5-HT4 receptor",0.158,"O=C(NCC1CCN(CCCS(=O)(=O)N2CCN(Cc3cccnc3)CC2)CC1)c1cccc2c1OCCO2"
"CHEMBL2059583","Bioorg. Med. Chem. Lett., (2012) 22:14:4849","Ki","Displacement of [3H]GR113808 from human recombinant 5HT4C receptor expressed in HEK293 cells",2.51,"CC(C)n1nc(C(=O)N[C@@H]2C[C@@H]3CC[C@H](C2)N3CC(O)CN2CCC(CNS(C)(=O)=O)CC2)c2ccccc21"
"CHEMBL2059586","Bioorg. Med. Chem. Lett., (2012) 22:14:4849","Ki","Displacement of [3H]GR113808 from human recombinant 5HT4C receptor expressed in HEK293 cells",2.51,"CC(C)n1nc(C(=O)N[C@@H]2C[C@@H]3CC[C@H](C2)N3CCCCCCN2CCN(S(C)(=O)=O)CC2)c2ccccc21"
"CHEMBL2402895","Bioorg. Med. Chem. Lett., (2013) 23:14:4210","Ki","Binding affinity to human recombinant 5HT4 receptor",1.26,"CS(=O)(=O)N1CCN(CC(O)CN2CCC(CNC(=O)c3cccc4[nH]c(-c5ccccc5)nc34)CC2)CC1"
"CHEMBL2440458","Bioorg. Med. Chem., (2013) 21:22:7134","Ki","Displacement of [3H]GR113808 from human 5HT4B receptor expressed in HEK293 cells",0.631,"O=C(O)c1ccccc1-c1ccc(CN2CCC(CNC(=O)c3c4n(c5ccccc35)CCCO4)CC2)cc1"
"CHEMBL2440460","Bioorg. Med. Chem., (2013) 21:22:7134","Ki","Displacement of [3H]GR113808 from human 5HT4B receptor expressed in HEK293 cells",0.0501,"O=C(O)c1ccccc1-c1ccc(CN2CCC(COC(=O)c3c4n(c5ccccc35)CCCO4)CC2)cc1"
"CHEMBL328918","J. Med. Chem., (2003) 46:13:2606","Ki","Binding affinity towards cloned human 5-hydroxytryptamine 4E receptor expressed in C6 glial cells using [3H]GR-113808 as radioligand",7.0,"COc1cc(N)c(Cl)cc1C(=O)OCCN1CCC(CNS(=O)(=O)c2cccc3c(N(C)C)cccc23)CC1"
"CHEMBL488325","J. Med. Chem., (2009) 52:8:2214","Ki","Displacement of [3H]GR-113808 from human 5HT4 isoform E receptor expressed in rat C6 cells by liquid scintillation counting",2.0,"COc1cc(N)c(Cl)cc1C(=O)OCCN1CCC(CNC(=O)CCCNS(=O)(=O)c2ccc(C)cc2)CC1"
"CHEMBL538635","J. Med. Chem., (2009) 52:17:5330","Ki","Displacement of [H]GR-113808 from human 5HT4C receptor expressed in HEK293 cells by liquid scintillation counting",12.59,"CC(C)n1c(=O)c(C(=O)N[C@@H]2C[C@@H]3CC[C@H](C2)N3C[C@@H](O)CN2CCN(S(C)(=O)=O)CC2)cc2ccccc21"
"CHEMBL538706","J. Med. Chem., (2009) 52:17:5330","Ki","Displacement of [H]GR-113808 from human 5HT4C receptor expressed in HEK293 cells by liquid scintillation counting",3.16,"CC(C)n1c(=O)c(C(=O)N[C@@H]2C[C@@H]3CC[C@H](C2)N3CCCCCCCCN2CCCCC2)cc2ccccc21"
"CHEMBL540980","J. Med. Chem., (2009) 52:17:5330","Ki","Displacement of [H]GR-113808 from human 5HT4C receptor expressed in HEK293 cells by liquid scintillation counting",39.81,"CCOC(=O)N1CCN(CCCN2[C@H]3CC[C@@H]2C[C@H](NC(=O)c2cc4ccccc4n(C(C)C)c2=O)C3)CC1"
"CHEMBL541968","J. Med. Chem., (2009) 52:17:5330","Ki","Displacement of [H]GR-113808 from human 5HT4C receptor expressed in HEK293 cells by liquid scintillation counting",50.12,"CC(C)n1c(=O)c(C(=O)N[C@@H]2C[C@@H]3CC[C@H](C2)N3C[C@H](O)CN2CCN(S(C)(=O)=O)CC2)cc2ccccc21"
"CHEMBL553405","J. Med. Chem., (2009) 52:17:5330","Ki","Displacement of [H]GR-113808 from human 5HT4C receptor expressed in HEK293 cells by liquid scintillation counting",19.95,"CC(C)n1c(=O)c(C(=O)N[C@@H]2C[C@@H]3CC[C@H](C2)N3CC(O)CN2CCN(S(C)(=O)=O)CC2)cc2ccccc21"
"CHEMBL559050","J. Med. Chem., (2009) 52:17:5330","Ki","Displacement of [H]GR-113808 from human 5HT4C receptor expressed in HEK293 cells by liquid scintillation counting",199.53,"CC(C)n1c(=O)c(C(=O)N[C@@H]2C[C@@H]3CC[C@H](C2)N3CCCN(C)CCCN(C)S(C)(=O)=O)cc2ccccc21"
"CHEMBL2440457","Bioorg. Med. Chem., (2013) 21:22:7134","Ki","Displacement of [3H]GR113808 from human 5HT4B receptor expressed in HEK293 cells",0.0631,"COC(=O)c1ccccc1-c1ccc(CN2CCC(CNC(=O)c3c4n(c5ccccc35)CCCO4)CC2)cc1"
"CHEMBL2440459","Bioorg. Med. Chem., (2013) 21:22:7134","Ki","Displacement of [3H]GR113808 from human 5HT4B receptor expressed in HEK293 cells",0.00126,"COC(=O)c1ccccc1-c1ccc(CN2CCC(COC(=O)c3c4n(c5ccccc35)CCCO4)CC2)cc1"
"CHEMBL3329806","Bioorg. Med. Chem. Lett., (2014) 24:18:4598","Ki","Displacement of [3H]GR113808 from human 5HT4b receptor expressed in HEK293 cell membranes",0.2,"O=C(NCC1CCN(Cc2ccc(NS(=O)(=O)C3CCCCC3)cc2)CC1)c1c2n(c3ccccc13)CCCO2"
"CHEMBL360449","Bioorg. Med. Chem. Lett., (2005) 15:6:1697","Ki","Inhibitory constant for human cloned 5-HT4 receptor",0.0794,"O=C(NCC1CCN(CCCS(=O)(=O)N2CCN(S(=O)(=O)N3CCCC3)CC2)CC1)c1cccc2c1OCCO2"
"CHEMBL539713","J. Med. Chem., (2009) 52:17:5330","Ki","Displacement of [H]GR-113808 from human 5HT4C receptor expressed in HEK293 cells by liquid scintillation counting",2.0,"CC(C)n1c(=O)c(C(=O)N[C@@H]2C[C@@H]3CC[C@H](C2)N3CCCCCCCN2CCC[C@@H]2C(N)=O)cc2ccccc21"
"CHEMBL541223","J. Med. Chem., (2009) 52:17:5330","Ki","Displacement of [H]GR-113808 from human 5HT4C receptor expressed in HEK293 cells by liquid scintillation counting",39.81,"CC(C)n1c(=O)c(C(=O)N[C@@H]2C[C@@H]3CC[C@H](C2)N3CCN(C)CCc2c[nH]c3ccccc23)cc2ccccc21"
"CHEMBL552484","J. Med. Chem., (2009) 52:17:5330","Ki","Displacement of [H]GR-113808 from human 5HT4C receptor expressed in HEK293 cells by liquid scintillation counting",1.26,"COc1cc(N)c(Cl)cc1C(=O)NC1CCN(CCCCCCCCN(C)CCc2c[nH]c3ccccc23)CC1"
"CHEMBL553685","J. Med. Chem., (2009) 52:17:5330","Ki","Displacement of [H]GR-113808 from human 5HT4C receptor expressed in HEK293 cells by liquid scintillation counting",15.85,"CC(C)n1c(=O)c(C(=O)N[C@@H]2C[C@@H]3CC[C@H](C2)N3CCCCCN2CCN(S(C)(=O)=O)CC2)cc2ccccc21"
"CHEMBL555222","J. Med. Chem., (2009) 52:17:5330","Ki","Displacement of [H]GR-113808 from human 5HT4C receptor expressed in HEK293 cells by liquid scintillation counting",7.94,"CC(C)n1c(=O)c(C(=O)N[C@@H]2C[C@@H]3CC[C@H](C2)N3CCCN2CCN(c3ccccc3)CC2)cc2ccccc21"
"CHEMBL555223","J. Med. Chem., (2009) 52:17:5330","Ki","Displacement of [H]GR-113808 from human 5HT4C receptor expressed in HEK293 cells by liquid scintillation counting",5.01,"CC(C)n1c(=O)c(C(=O)N[C@@H]2C[C@@H]3CC[C@H](C2)N3CCCN2CCC(CNS(C)(=O)=O)CC2)cc2ccccc21"
"CHEMBL87063","J. Med. Chem., (2003) 46:13:2606","Ki","Binding affinity towards cloned human 5-hydroxytryptamine 4E receptor expressed in C6 glial cells using [3H]GR-113808 as radioligand",181.0,"COc1cc(N)c(Cl)cc1C(=O)OCCN1CCC(CN2C(=O)c3cccc4c(N(C)C)ccc(c34)C2=O)CC1"
"CHEMBL90559","J. Med. Chem., (2003) 46:13:2606","Ki","Binding affinity towards cloned human 5-hydroxytryptamine 4E receptor expressed in C6 glial cells using [3H]GR-113808 as radioligand",77.0,"COc1cc(N)c(Cl)cc1C(=O)OCCN1CCC(CCNS(=O)(=O)c2cccc3c(N(C)C)cccc23)CC1"
"CHEMBL1632168","Bioorg. Med. Chem., (2010) 18:24:8600","Ki","Displacement of [3H]GR113808 from human 5HT4 receptor expressed in HEK293 cells by liquid scintillation counting",0.339,"CC(C)(C)C(=O)OCOC(=O)c1ccc(CN2CCC(CNC(=O)c3c4n(c5ccccc35)CCCO4)CC2)cc1"
"CHEMBL2059584","Bioorg. Med. Chem. Lett., (2012) 22:14:4849","Ki","Displacement of [3H]GR113808 from human recombinant 5HT4C receptor expressed in HEK293 cells",1.58,"CC(C)n1nc(C(=O)N[C@@H]2C[C@@H]3CC[C@H](C2)N3CCCCCCN2CCC(CNS(C)(=O)=O)CC2)c2ccccc21"
"CHEMBL2440455","Bioorg. Med. Chem., (2013) 21:22:7134","Ki","Displacement of [3H]GR113808 from human 5HT4B receptor expressed in HEK293 cells",3.98,"O=C(NCC1CCN(Cc2ccc(-c3ccccc3-c3nnn[nH]3)cc2)CC1)c1c2n(c3ccccc13)CCCO2"
"CHEMBL2440456","Bioorg. Med. Chem., (2013) 21:22:7134","Ki","Displacement of [3H]GR113808 from human 5HT4B receptor expressed in HEK293 cells",2.51,"O=C(OCC1CCN(Cc2ccc(-c3ccccc3-c3nnn[nH]3)cc2)CC1)c1c2n(c3ccccc13)CCCO2"
"CHEMBL312940","J. Med. Chem., (2003) 46:13:2606","Ki","Binding affinity towards cloned human 5-hydroxytryptamine 4E receptor expressed in C6 glial cells using [3H]GR-113808 as radioligand",1720.0,"COc1cc(N)c(Cl)cc1C(=O)OCCN1CCN(C(=O)CNS(=O)(=O)c2cccc3c(N(C)C)cccc23)CC1"
"CHEMBL327999","J. Med. Chem., (2003) 46:13:2606","Ki","Binding affinity towards cloned human 5-hydroxytryptamine 4E receptor expressed in C6 glial cells using [3H]GR-113808 as radioligand",32.0,"COc1cc(N)c(Cl)cc1C(=O)OCCN1CCC(CCCNS(=O)(=O)c2cccc3c(N(C)C)cccc23)CC1"
"CHEMBL559317","J. Med. Chem., (2009) 52:17:5330","Ki","Displacement of [H]GR-113808 from human 5HT4C receptor expressed in HEK293 cells by liquid scintillation counting",15.85,"CC(C)n1c(=O)c(C(=O)N[C@@H]2C[C@@H]3CC[C@H](C2)N3CCCCCN2C(=O)c3ccccc3C2=O)cc2ccccc21"
"CHEMBL315590","J. Med. Chem., (2003) 46:13:2606","Ki","Binding affinity towards cloned human 5-hydroxytryptamine 4E receptor expressed in C6 glial cells using [3H]GR-113808 as radioligand",24.0,"COc1cc(N)c(Cl)cc1C(=O)OCCN1CCC(CCCCNS(=O)(=O)c2cccc3c(N(C)C)cccc23)CC1"
"CHEMBL367354","Bioorg. Med. Chem. Lett., (2005) 15:6:1697","Ki","Inhibitory constant for human cloned 5-HT4 receptor",0.0316,"O=C(NCC1CCN(CCCS(=O)(=O)N2CCN(S(=O)(=O)c3ccc(F)cc3)CC2)CC1)c1cccc2c1OCCO2"
"CHEMBL555693","J. Med. Chem., (2009) 52:17:5330","Ki","Displacement of [H]GR-113808 from human 5HT4C receptor expressed in HEK293 cells by liquid scintillation counting",10.0,"CC(C)n1c(=O)c(C(=O)N[C@@H]2C[C@@H]3CC[C@H](C2)N3CCCCCCCN2CCN(S(C)(=O)=O)CC2)cc2ccccc21"
"CHEMBL86985","J. Med. Chem., (2003) 46:13:2606","Ki","Binding affinity towards cloned human 5-hydroxytryptamine 4E receptor expressed in C6 glial cells using [3H]GR-113808 as radioligand",116.0,"COc1cc(N)c(Cl)cc1C(=O)OCCN1CCN(C(=O)CCNS(=O)(=O)c2cccc3c(N(C)C)cccc23)CC1"
"CHEMBL156206","J. Med. Chem., (2003) 46:13:2606","Ki","Binding affinity towards cloned human 5-hydroxytryptamine 4E receptor expressed in C6 glial cells using [3H]GR-113808 as radioligand",183.0,"COc1cc(N)c(Cl)cc1C(=O)OCCN1CCN(C(=O)CCCNS(=O)(=O)c2cccc3c(N(C)C)cccc23)CC1"
"CHEMBL538956","J. Med. Chem., (2009) 52:17:5330","Ki","Displacement of [H]GR-113808 from human 5HT4C receptor expressed in HEK293 cells by liquid scintillation counting",7.94,"CCOC(=O)N1CCN(CCCCCCCN2[C@H]3CC[C@@H]2C[C@H](NC(=O)c2cc4ccccc4n(C(C)C)c2=O)C3)CC1"
"CHEMBL553404","J. Med. Chem., (2009) 52:17:5330","Ki","Displacement of [H]GR-113808 from human 5HT4C receptor expressed in HEK293 cells by liquid scintillation counting",5.01,"CC(C)n1c(=O)c(C(=O)N[C@@H]2C[C@@H]3CC[C@H](C2)N3CCCCCCCN(C)CCCN(C)S(C)(=O)=O)cc2ccccc21"
"CHEMBL556326","J. Med. Chem., (2009) 52:17:5330","Ki","Displacement of [H]GR-113808 from human 5HT4C receptor expressed in HEK293 cells by liquid scintillation counting",15.85,"CC(C)n1c(=O)c(C(=O)N[C@@H]2C[C@@H]3CC[C@H](C2)N3CCCCCCCCN2CCN(S(C)(=O)=O)CC2)cc2ccccc21"
"CHEMBL558163","J. Med. Chem., (2009) 52:17:5330","Ki","Displacement of [H]GR-113808 from human 5HT4C receptor expressed in HEK293 cells by liquid scintillation counting",3.16,"CC(C)n1c(=O)c(C(=O)N[C@@H]2C[C@@H]3CC[C@H](C2)N3CCCCCN(C)CCc2c[nH]c3ccccc23)cc2ccccc21"
"CHEMBL88355","J. Med. Chem., (2003) 46:13:2606","Ki","Binding affinity towards cloned human 5-hydroxytryptamine 4E receptor expressed in C6 glial cells using [3H]GR-113808 as radioligand",59.0,"COc1cc(N)c(Cl)cc1C(=O)OCCN1CCC(CCCCN2C(=O)c3cccc4c(N(C)C)ccc(c34)C2=O)CC1"
"CHEMBL452353","J. Med. Chem., (2009) 52:8:2214","Ki","Displacement of [3H]GR-113808 from human 5HT4 isoform E receptor expressed in rat C6 cells by liquid scintillation counting",111.0,"COc1cc(N)c(Cl)cc1C(=O)OCCN1CCC(NC(=O)CCCCN2C(=O)c3cccc4c(N)ccc(c34)C2=O)CC1"
"CHEMBL539651","J. Med. Chem., (2009) 52:17:5330","Ki","Displacement of [H]GR-113808 from human 5HT4C receptor expressed in HEK293 cells by liquid scintillation counting",3.98,"CC(C)n1c(=O)c(C(=O)N[C@@H]2C[C@@H]3CC[C@H](C2)N3CCCCCCCN2CCN(c3ccccc3)CC2)cc2ccccc21"
"CHEMBL540981","J. Med. Chem., (2009) 52:17:5330","Ki","Displacement of [H]GR-113808 from human 5HT4C receptor expressed in HEK293 cells by liquid scintillation counting",2.51,"CC(C)n1c(=O)c(C(=O)N[C@@H]2C[C@@H]3CC[C@H](C2)N3CCCCCCCN2CCC(CNS(C)(=O)=O)CC2)cc2ccccc21"
"CHEMBL556279","J. Med. Chem., (2009) 52:17:5330","Ki","Displacement of [H]GR-113808 from human 5HT4C receptor expressed in HEK293 cells by liquid scintillation counting",31.62,"CC(C)n1c(=O)c(C(=O)N[C@@H]2C[C@@H]3CC[C@H](C2)N3CCCCCCCCN2C(=O)c3ccccc3C2=O)cc2ccccc21"
"CHEMBL86624","J. Med. Chem., (2003) 46:13:2606","Ki","Binding affinity towards cloned human 5-hydroxytryptamine 4E receptor expressed in C6 glial cells using [3H]GR-113808 as radioligand",180.0,"COc1cc(N)c(Cl)cc1C(=O)OCCN1CCN(C(=O)CCCCCNS(=O)(=O)c2cccc3c(N(C)C)cccc23)CC1"
"CHEMBL555210","J. Med. Chem., (2009) 52:17:5330","Ki","Displacement of [H]GR-113808 from human 5HT4C receptor expressed in HEK293 cells by liquid scintillation counting",3.16,"CC(C)n1c(=O)c(C(=O)N[C@@H]2C[C@@H]3CC[C@H](C2)N3CCCCCCCCN(C)CCc2c[nH]c3ccccc23)cc2ccccc21"
"CHEMBL86777","J. Med. Chem., (2003) 46:13:2606","Ki","Binding affinity towards cloned human 5-hydroxytryptamine 4E receptor expressed in C6 glial cells using [3H]GR-113808 as radioligand",31.0,"COc1cc(N)c(Cl)cc1C(=O)OCCN1CCN(C(=O)CCCCCCCNS(=O)(=O)c2cccc3c(N(C)C)cccc23)CC1"
"CHEMBL197751","J. Med. Chem., (2005) 48:20:6220","Ki","Binding affinity for 5-HT4 receptor using [3H]GR-113808",21.0,"COc1cc(N)c(Cl)cc1C(=O)OCCN1CCC(NC(=O)CCC(=O)NC2CCN(CCOC(=O)c3cc(Cl)c(N)cc3OC)CC2)CC1"
"CHEMBL197752","J. Med. Chem., (2005) 48:20:6220","Ki","Binding affinity for 5-HT4 receptor using [3H]GR-113808",5.0,"COc1cc(N)c(Cl)cc1C(=O)OCCN1CCC(NC(=O)CCCC(=O)NC2CCN(CCOC(=O)c3cc(Cl)c(N)cc3O)CC2)CC1"
"CHEMBL198504","J. Med. Chem., (2005) 48:20:6220","Ki","Binding affinity for 5-HT4 receptor using [3H]GR-113808",14.0,"COc1cc(N)c(Cl)cc1C(=O)OCCN1CCC(NC(=O)CCCCCCCCCCC(=O)NC2CCN(Cc3ccccc3)CC2)CC1"
"CHEMBL198921","J. Med. Chem., (2005) 48:20:6220","Ki","Binding affinity for 5-HT4 receptor using [3H]GR-113808",13.0,"COc1cc(N)c(Cl)cc1C(=O)OCCN1CCC(C(=O)NCCCNC(=O)C2CCN(CCOC(=O)c3cc(Cl)c(N)cc3O)CC2)CC1"
"CHEMBL2113157","J. Med. Chem., (2005) 48:20:6220","Ki","Binding affinity for 5-HT4 receptor using [3H]GR-113808",24.0,"COc1cc(N)c(Cl)cc1C(=O)OCCN1CCC(NC(=O)CCNC(=O)C2CCN(CCOC(=O)c3cc(Cl)c(N)cc3OC)CC2)CC1"
"CHEMBL2113159","J. Med. Chem., (2005) 48:20:6220","Ki","Binding affinity for 5-HT4 receptor using [3H]GR-113808",37.0,"COc1cc(N)c(Cl)cc1C(=O)OCCN1CCC(C(=O)NCCNC(=O)C2CCN(CCOC(=O)c3cc(Cl)c(N)cc3OC)CC2)CC1"
"CHEMBL315526","J. Med. Chem., (2003) 46:13:2606","Ki","Binding affinity towards cloned human 5-hydroxytryptamine 4E receptor expressed in C6 glial cells using [3H]GR-113808 as radioligand",96.0,"COc1cc(N)c(Cl)cc1C(=O)OCCN1CCN(C(=O)CCCCCCCCCCNS(=O)(=O)c2cccc3c(N(C)C)cccc23)CC1"
"CHEMBL198371","J. Med. Chem., (2005) 48:20:6220","Ki","Binding affinity for 5-HT4 receptor using [3H]GR-113808",488.0,"COc1cc(N)c(Cl)cc1C(=O)OCCN1CCN(C(=O)CCCCCC(=O)N2CCN(CCOC(=O)c3cc(Cl)c(N)cc3OC)CC2)CC1"
"CHEMBL2113158","J. Med. Chem., (2005) 48:20:6220","Ki","Binding affinity for 5-HT4 receptor using [3H]GR-113808",31.0,"COc1cc(N)c(Cl)cc1C(=O)OCCN1CCC(NC(=O)CCCNC(=O)C2CCN(CCOC(=O)c3cc(Cl)c(N)cc3OC)CC2)CC1"
"CHEMBL196633","J. Med. Chem., (2005) 48:20:6220","Ki","Binding affinity for 5-HT4 receptor using [3H]GR-113808",8.0,"COc1cc(N)c(Cl)cc1C(=O)OCCN1CCC(CNC(=O)CCC(=O)NCC2CCN(CCOC(=O)c3cc(Cl)c(N)cc3OC)CC2)CC1"
"CHEMBL197745","J. Med. Chem., (2005) 48:20:6220","Ki","Binding affinity for 5-HT4 receptor using [3H]GR-113808",5.0,"COc1cc(N)c(Cl)cc1C(=O)OCCN1CCC(C(=O)NCCCCCNC(=O)C2CCN(CCOC(=O)c3cc(Cl)c(N)cc3O)CC2)CC1"
"CHEMBL198719","J. Med. Chem., (2005) 48:20:6220","Ki","Binding affinity for 5-HT4 receptor using [3H]GR-113808",7.0,"COc1cc(N)c(Cl)cc1C(=O)OCCN1CCC(C(=O)NCCCCCC(=O)NC2CCN(CCOC(=O)c3cc(Cl)c(N)cc3O)CC2)CC1"
"CHEMBL370227","J. Med. Chem., (2005) 48:20:6220","Ki","Binding affinity for 5-HT4 receptor using [3H]GR-113808",9.0,"COc1cc(N)c(Cl)cc1C(=O)OCCN1CCC(NC(=O)CCCCCC(=O)NC2CCN(CCOC(=O)c3cc(Cl)c(N)cc3O)CC2)CC1"
"CHEMBL371707","J. Med. Chem., (2005) 48:20:6220","Ki","Binding affinity for 5-HT4 receptor using [3H]GR-113808",19.0,"COc1cc(N)c(Cl)cc1C(=O)OCCN1CCC(C(=O)NCCOCCNC(=O)C2CCN(CCOC(=O)c3cc(Cl)c(N)cc3OC)CC2)CC1"
"CHEMBL372479","J. Med. Chem., (2005) 48:20:6220","Ki","Binding affinity for 5-HT4 receptor using [3H]GR-113808",9.0,"COc1cc(N)c(Cl)cc1C(=O)OCCN1CCC(CNC(=O)CCCC(=O)NCC2CCN(CCOC(=O)c3cc(Cl)c(N)cc3OC)CC2)CC1"
"CHEMBL390205","J. Med. Chem., (2007) 50:18:4482","Ki","Displacement of [3H]GR-113808 from human 5HT4e receptor expressed in C6 cells",7.0,"COc1cc(N)c(Cl)cc1C(=O)OCCN1CCC(NC(=O)CCCCCNC(=O)C2CCN(CCOC(=O)c3cc(Cl)c(N)cc3OC)CC2)CC1"
"CHEMBL370181","J. Med. Chem., (2005) 48:20:6220","Ki","Binding affinity for 5-HT4 receptor using [3H]GR-113808",10.0,"COc1cc(N)c(Cl)cc1C(=O)OCCN1CCC(CCNC(=O)CCC(=O)NCCC2CCN(CCOC(=O)c3cc(Cl)c(N)cc3OC)CC2)CC1"
"CHEMBL370182","J. Med. Chem., (2005) 48:20:6220","Ki","Binding affinity for 5-HT4 receptor using [3H]GR-113808",11.0,"COc1cc(N)c(Cl)cc1C(=O)OCCN1CCC(CCNC(=O)CCCC(=O)NCCC2CCN(CCOC(=O)c3cc(Cl)c(N)cc3OC)CC2)CC1"
"CHEMBL382543","J. Med. Chem., (2005) 48:20:6220","Ki","Binding affinity for 5-HT4 receptor using [3H]GR-113808",11.0,"COc1cc(N)c(Cl)cc1C(=O)OCCN1CCC(CNC(=O)CCCCCC(=O)NCC2CCN(CCOC(=O)c3cc(Cl)c(N)cc3OC)CC2)CC1"
"CHEMBL198271","J. Med. Chem., (2005) 48:20:6220","Ki","Binding affinity for 5-HT4 receptor using [3H]GR-113808",3.0,"COc1cc(N)c(Cl)cc1C(=O)OCCN1CCC(C(=O)NCCOCCOCCNC(=O)C2CCN(CCOC(=O)c3cc(Cl)c(N)cc3OC)CC2)CC1"
"CHEMBL198372","J. Med. Chem., (2005) 48:20:6220","Ki","Binding affinity for 5-HT4 receptor using [3H]GR-113808",200.0,"COc1cc(N)c(Cl)cc1C(=O)OCCN1CCN(C(=O)CCCCCCCCCCC(=O)N2CCN(CCOC(=O)c3cc(Cl)c(N)cc3OC)CC2)CC1"
"CHEMBL198668","J. Med. Chem., (2005) 48:20:6220","Ki","Binding affinity for 5-HT4 receptor using [3H]GR-113808",5.0,"COc1cc(N)c(Cl)cc1C(=O)OCCN1CCC(C(=O)NCc2cccc(CNC(=O)C3CCN(CCOC(=O)c4cc(Cl)c(N)cc4OC)CC3)c2)CC1"
"CHEMBL198052","J. Med. Chem., (2005) 48:20:6220","Ki","Binding affinity for 5-HT4 receptor using [3H]GR-113808",13.0,"COc1cc(N)c(Cl)cc1C(=O)OCCN1CCC(CCNC(=O)CCCCCC(=O)NCCC2CCN(CCOC(=O)c3cc(Cl)c(N)cc3OC)CC2)CC1"
"CHEMBL199150","J. Med. Chem., (2005) 48:20:6220","Ki","Binding affinity for 5-HT4 receptor using [3H]GR-113808",16.0,"COc1cc(N)c(Cl)cc1C(=O)OCCN1CCC(NC(=O)CCCCCCCCCCC(=O)NC2CCN(CCOC(=O)c3cc(Cl)c(N)cc3O)CC2)CC1"
"CHEMBL370646","J. Med. Chem., (2005) 48:20:6220","Ki","Binding affinity for 5-HT4 receptor using [3H]GR-113808",8.0,"COc1cc(N)c(Cl)cc1C(=O)OCCN1CCC(C(=O)NCCCCCCCCCCNC(=O)C2CCN(CCOC(=O)c3cc(Cl)c(N)cc3O)CC2)CC1"
"CHEMBL390075","J. Med. Chem., (2007) 50:18:4482","Ki","Displacement of [3H]GR-113808 from human 5HT4e receptor expressed in C6 cells",20.0,"COc1cc(N)c(Cl)cc1C(=O)OCCN1CCC(NC(=O)CCCCCCCCCCNC(=O)C2CCN(CCOC(=O)c3cc(Cl)c(N)cc3OC)CC2)CC1"
"CHEMBL370796","J. Med. Chem., (2005) 48:20:6220","Ki","Binding affinity for 5-HT4 receptor using [3H]GR-113808",6.0,"COc1cc(N)c(Cl)cc1C(=O)OCCN1CCC(C(=O)NCCCOCCOCCOCNC(=O)C2CCN(CCOC(=O)c3cc(Cl)c(N)cc3OC)CC2)CC1"
"CHEMBL189580","J. Med. Chem., (2005) 48:20:6220","Ki","Binding affinity for 5-HT4 receptor using [3H]GR-113808",16.0,"COc1cc(N)c(Cl)cc1C(=O)OCCN1CCC(CNC(=O)CCCCCCCCCCC(=O)NCC2CCN(CCOC(=O)c3cc(Cl)c(N)cc3OC)CC2)CC1"
"CHEMBL371718","J. Med. Chem., (2007) 50:18:4482","Ki","Displacement of [3H]GR-113808 from human 5HT4e receptor expressed in C6 cells",9.0,"COc1cc(N)c(Cl)cc1C(=O)OCCN1CCC(CCNC(=O)CCCCCCCCCCC(=O)NCCC2CCN(CCOC(=O)c3cc(Cl)c(N)cc3OC)CC2)CC1"
"CHEMBL198226","J. Med. Chem., (2005) 48:20:6220","Ki","Binding affinity for 5-HT4 receptor using [3H]GR-113808",47.0,"COc1cc(N)c(Cl)cc1C(=O)OCCN1CCC(NC(=O)CCc2ccc3c(c2)oc2cc(CCC(=O)NC4CCN(CCOC(=O)c5cc(Cl)c(N)cc5OC)CC4)ccc23)CC1"
"CHEMBL2113291","J. Med. Chem., (2007) 50:18:4482","Ki","Displacement of [3H]GR-113808 from human 5HT4e receptor expressed in C6 cells",34.0,"COc1cc(N)c(Cl)cc1C(=O)OCCN1CCC(NC(=O)CCCN(CCCc2ccc(CCCN(CCCC(=O)NC3CCCCC3)C(=O)OC(C)(C)C)cc2)C(=O)OC(C)(C)C)CC1"
"CHEMBL442869","J. Med. Chem., (2009) 52:8:2214","Ki","Displacement of [3H]GR-113808 from human 5HT4 isoform E receptor expressed in rat C6 cells by liquid scintillation counting",14.0,"COc1cc(N)c(Cl)cc1C(=O)OCCN1CCC(NC(=O)CCCNCCCc2ccc(CCCNCCCC(=O)NC3CCN(CCOC(=O)c4cc(Cl)c(N)cc4OC)CC3)cc2)CC1"
"CHEMBL2113283","J. Med. Chem., (2007) 50:18:4482","Ki","Displacement of [3H]GR-113808 from human 5HT4e receptor expressed in C6 cells",44.0,"COc1cc(N)c(Cl)cc1C(=O)OCCN1CCC(CNC(=O)CN(CC#Cc2ccc(C#CCN(CC(=O)NCC3CCN(CCOC(=O)c4cc(Cl)c(N)cc4OC)CC3)C(=O)OC(C)(C)C)cc2)C(=O)OC(C)(C)C)CC1"
"CHEMBL2113288","J. Med. Chem., (2007) 50:18:4482","Ki","Displacement of [3H]GR-113808 from human 5HT4e receptor expressed in C6 cells",19.0,"COc1cc(N)c(Cl)cc1C(=O)OCCN1CCC(CNC(=O)CN(CCCc2ccc(CCCN(CC(=O)NCC3CCN(CCOC(=O)c4cc(Cl)c(N)cc4OC)CC3)C(=O)OC(C)(C)C)cc2)C(=O)OC(C)(C)C)CC1"
"CHEMBL390202","J. Med. Chem., (2007) 50:18:4482","Ki","Displacement of [3H]GR-113808 from human 5HT4e receptor expressed in C6 cells",15.0,"COc1cc(N)c(Cl)cc1C(=O)OCCN1CCC(NC(=O)CCCN(CCCc2cccc(CCCN(CCCC(=O)NC3CCN(CCOC(=O)c4cc(Cl)c(N)cc4OC)CC3)C(=O)C(C)(C)C)c2)C(=O)C(C)(C)C)CC1"
"CHEMBL408379","J. Med. Chem., (2007) 50:18:4482","Ki","Displacement of [3H]GR-113808 from human 5HT4e receptor expressed in C6 cells",50.0,"COc1cc(N)c(Cl)cc1C(=O)OCCN1CCC(NC(=O)CCCCCCCCCCN(CCCCCCCCCCC(=O)NC2CCN(CCOC(=O)c3cc(Cl)c(N)cc3OC)CC2)CC(=O)NCC2CCNCC2)CC1"
"CHEMBL1162955","J. Med. Chem., (2007) 50:18:4482","Ki","Displacement of [3H]GR-113808 from human 5HT4e receptor expressed in C6 cells",15.0,"COc1cc(N)c(Cl)cc1C(=O)OCCN1CCC(CNC(=O)CCCN(CCCc2ccc(CCCN(CCCC(=O)NCC3CCN(CCOC(=O)c4cc(Cl)c(N)cc4OC)CC3)C(=O)C(C)(C)C)cc2)C(=O)C(C)(C)C)CC1"
"CHEMBL2113284","J. Med. Chem., (2007) 50:18:4482","Ki","Displacement of [3H]GR-113808 from human 5HT4e receptor expressed in C6 cells",8.0,"COc1cc(N)c(Cl)cc1C(=O)OCCN1CCC(NC(=O)CCCN(CC#Cc2cccc(C#CCN(CCCC(=O)NC3CCN(CCOC(=O)c4cc(Cl)c(N)cc4OC)CC3)C(=O)OC(C)(C)C)c2)C(=O)OC(C)(C)C)CC1"
"CHEMBL2113285","J. Med. Chem., (2007) 50:18:4482","Ki","Displacement of [3H]GR-113808 from human 5HT4e receptor expressed in C6 cells",18.0,"COc1cc(N)c(Cl)cc1C(=O)OCCN1CCC(NC(=O)CCCN(CC#Cc2ccc(C#CCN(CCCC(=O)NC3CCN(CCOC(=O)c4cc(Cl)c(N)cc4OC)CC3)C(=O)OC(C)(C)C)cc2)C(=O)OC(C)(C)C)CC1"
"CHEMBL2113289","J. Med. Chem., (2007) 50:18:4482","Ki","Binding affinity to YFP fused 5HT4 receptor expressed in CHO cells",10.0,"COc1cc(N)c(Cl)cc1C(=O)OCCN1CCC(NC(=O)CCCN(CCCc2ccc(CCCN(CCCC(=O)NC3CCN(CCOC(=O)c4cc(Cl)c(N)cc4OC)CC3)C(=O)OC(C)(C)C)cc2)C(=O)OC(C)(C)C)CC1"
"CHEMBL2113160","J. Med. Chem., (2007) 50:18:4482","Ki","Displacement of [3H]GR-113808 from human 5HT4e receptor expressed in C6 cells",113.0,"COc1cc(N)c(Cl)cc1C(=O)OCCN1CCC(NC(=O)CCCCCCCCCCNc2nc(NCCCCCCCCCCC(=O)NC3CCN(CCOC(=O)c4cc(Cl)c(N)cc4OC)CC3)nc(NCc3ccccc3)n2)CC1"
"CHEMBL2113286","J. Med. Chem., (2007) 50:18:4482","Ki","Displacement of [3H]GR-113808 from human 5HT4e receptor expressed in C6 cells",40.0,"COc1cc(N)c(Cl)cc1C(=O)OCCN1CCC(CNC(=O)CCCN(CC#Cc2cccc(C#CCN(CCCC(=O)NCC3CCN(CCOC(=O)c4cc(Cl)c(N)cc4OC)CC3)C(=O)OC(C)(C)C)c2)C(=O)OC(C)(C)C)CC1"
"CHEMBL2113287","J. Med. Chem., (2007) 50:18:4482","Ki","Displacement of [3H]GR-113808 from human 5HT4e receptor expressed in C6 cells",25.0,"COc1cc(N)c(Cl)cc1C(=O)OCCN1CCC(CNC(=O)CCCN(CC#Cc2ccc(C#CCN(CCCC(=O)NCC3CCN(CCOC(=O)c4cc(Cl)c(N)cc4OC)CC3)C(=O)OC(C)(C)C)cc2)C(=O)OC(C)(C)C)CC1"
"CHEMBL2113290","J. Med. Chem., (2007) 50:18:4482","Ki","Displacement of [3H]GR-113808 from human 5HT4e receptor expressed in C6 cells",23.0,"COc1cc(N)c(Cl)cc1C(=O)OCCN1CCC(CNC(=O)CCCN(CCCc2cccc(CCCN(CCCC(=O)NCC3CCN(CCOC(=O)c4cc(Cl)c(N)cc4OC)CC3)C(=O)OC(C)(C)C)c2)C(=O)OC(C)(C)C)CC1"
