Activity_value,Smiles
Active,O=c1[nH]c(-c2cccs2)ncc1O
Not Active,COCCn1cc(O)c(=O)cc1CO
Active,O=c1ccn(-c2ccccc2)cc1O
Active,O=C1CCc2cc(O)c(O)c([N+](=O)[O-])c21
Active,O=[N+]([O-])c1c(O)c(O)cc2c1/C(=N/O)CC2
Not Active,CCc1cccc(CC)c1Cc1ncc[nH]1
Active,O=c1cc2n(cc1O)-c1ccccc1SC2
Active,O=c1cc(CO)n(-c2ccccc2)cc1O
Active,O=C1CCCc2cc(O)c(O)c([N+](=O)[O-])c21
Active,Cc1ccc(-n2cc(O)c(=O)cc2CO)cc1
Active,Cc1cc(C)cc(-n2ccc(=O)c(O)c2C)c1
Active,CN(C)CC(=O)c1cc(O)c(O)c([N+](=O)[O-])c1
Active,CN(C)CCC(=O)c1cc(O)c(O)c([N+](=O)[O-])c1
Active,Cc1ccc(-n2cc(O)c(=O)cc2CO)c(C)c1
Active,Cc1cc(C)cc(-n2cc(O)c(=O)cc2CO)c1
Active,O=c1ccn(-c2nccc3ccccc23)cc1O
Active,Cc1cn2nc(-n3ccc(=O)c(O)c3)ccc2n1
Active,O=c1cc(CO)n(CCCc2ccccc2)cc1O
Active,CCN(CC)CC(=O)c1cc(O)c(O)c([N+](=O)[O-])c1
Active,Cc1ccc(C(=O)c2cc(O)c(O)c([N+](=O)[O-])c2)cc1
Active,O=C(Cc1ccccc1)c1cc(O)c(O)c([N+](=O)[O-])c1
Active,O=C(Cc1ccccc1)c1ccc(O)c(O)c1[N+](=O)[O-]
Active,O=C(CN1CCSCC1)c1cc(O)c(O)c([N+](=O)[O-])c1
Active,CCCCc1ccc(-n2cc(O)c(=O)cc2CO)cc1
Active,O=c1ccn(-c2cccc(-c3ccccc3)c2)cc1O
Active,O=c1ccn(-c2cc(-c3ccncc3)ccn2)cc1O
Active,O=c1ccn(-c2cccc(-c3ccccc3)n2)cc1O
Active,O=c1ccn(-c2ccnc(-c3ccccc3)n2)cc1O
Active,O=c1ccn(-c2cc(-c3cccnc3)ccn2)cc1O
Active,O=c1ccn(-c2ccnc(-c3ccccc3)c2)cc1O
Active,O=c1ccn(-c2cc(-c3ccccn3)ccn2)cc1O
Active,O=c1ccn(-c2cc(-c3ccccc3)ccn2)cc1O
Active,CCN(CC)CCC(=O)c1cc(O)c(O)c([N+](=O)[O-])c1
Active,O=C(CCN1CCCC1)c1ccc(O)c(O)c1[N+](=O)[O-]
Active,O=C(CCc1ccccc1)c1ccc(O)c(O)c1[N+](=O)[O-]
Active,CN1CCN(CC(=O)c2cc(O)c(O)c([N+](=O)[O-])c2)CC1
Active,O=C(CCN1CCSCC1)c1cc(O)c(O)c([N+](=O)[O-])c1
Active,Cc1cc(=O)c(O)cn1-c1cccc(-c2ccccc2)c1
Active,Cn1c(-c2cccc(-c3ccccc3)c2)ncc(O)c1=O
Active,O=C(COc1ccccc1)c1cc(O)c(O)c([N+](=O)[O-])c1
Active,O=c1ccn(-c2nccc(-c3ccccc3)c2F)cc1O
Active,CCN1C(=O)S/C(=C/c2cc(O)c(O)c([N+](=O)[O-])c2)C1=O
Active,O=C(CCN1CCOCC1)c1ccc(O)c(O)c1[N+](=O)[O-]
Active,O=C(CCN1CCCCC1)c1ccc(O)c(O)c1[N+](=O)[O-]
Active,O=C1c2c(cc(O)c(O)c2[N+](=O)[O-])CC1CN1CCOCC1
Active,O=C1c2c(cc(O)c(O)c2[N+](=O)[O-])CC1CN1CCCCC1
Active,CCN1CCN(CC(=O)c2cc(O)c(O)c([N+](=O)[O-])c2)CC1
Active,CN1CCN(CCC(=O)c2cc(O)c(O)c([N+](=O)[O-])c2)CC1
Active,O=C(COc1ccccc1F)c1cc(O)c(O)c([N+](=O)[O-])c1
Active,O=c1cc(CO)n(-c2ccc(-c3ccccc3)cc2)cc1O
Active,O=c1cc(CO)n(-c2cccc(-c3ccccc3)c2)cc1O
Active,Cc1ccc(SCC(=O)c2cc(O)c(O)c([N+](=O)[O-])c2)cc1
Active,O=c1ccn(-c2cc(-c3ccc(Cl)c(Cl)c3)ccn2)cc1O
Active,O=C(CCCc1ccccc1)c1ccc(O)c(O)c1[N+](=O)[O-]
Active,CC1CCN(CCC(=O)c2ccc(O)c(O)c2[N+](=O)[O-])CC1
Active,CC1CCCN(CCC(=O)c2ccc(O)c(O)c2[N+](=O)[O-])C1
Active,CCN(CC)C(=O)/C(C#N)=C/c1cc(O)c(O)c([N+](=O)[O-])c1
Active,COc1ccc(OCC(=O)c2cc(O)c(O)c([N+](=O)[O-])c2)cc1
Active,Cc1ccc(OCC(=O)c2cc(O)c(O)c([N+](=O)[O-])c2)cc1C
Active,Cc1cnc(SCCC(=O)c2cc(O)c(O)c([N+](=O)[O-])c2)nc1
Active,COc1ccc(-c2cc(O)c(=O)n(C)c2-c2ccncc2)cc1
Active,CC(C)c1cc(=O)c(O)cn1-c1cccc(-c2ccccc2)c1
Active,CC(O)c1cc(=O)c(O)cn1-c1cccc(-c2ccccc2)c1
Active,O=c1c(O)cn(-c2cccc(-c3ccccc3)c2)cc1B(O)O
Active,CCN1CCN(CCC(=O)c2cc(O)c(O)c([N+](=O)[O-])c2)CC1
Active,Cc1ccc(SCCC(=O)c2cc(O)c(O)c([N+](=O)[O-])c2)cc1
Active,CC(C)(C)c1nc(-c2ccnc(-n3ccc(=O)c(O)c3)c2)cs1
Active,O=C(CCCCc1ccccc1)c1ccc(O)c(O)c1[N+](=O)[O-]
Active,CC1CC(C)CN(CCC(=O)c2ccc(O)c(O)c2[N+](=O)[O-])C1
Active,O=C(CN1CCC2(CC1)OCCO2)c1cc(O)c(O)c([N+](=O)[O-])c1
Active,O=c1ccn(-c2cc(-c3cccc(C(F)(F)F)n3)ccn2)cc1O
Active,CCCN1CCN(CCC(=O)c2ccc(O)c(O)c2[N+](=O)[O-])CC1
Active,O=C(CCN1CCC2(CC1)OCCO2)c1cc(O)c(O)c([N+](=O)[O-])c1
Active,O=C(COc1ccc2ccccc2c1)c1cc(O)c(O)c([N+](=O)[O-])c1
Active,CCCC(O)c1cc(=O)c(O)cn1-c1cccc(-c2ccccc2)c1
Active,CC(C)C(O)c1cc(=O)c(O)cn1-c1cccc(-c2ccccc2)c1
Active,O=C(COc1cccc2ccccc12)c1cc(O)c(O)c([N+](=O)[O-])c1
Active,O=C(CCN1CCCC2CCCCC21)c1ccc(O)c(O)c1[N+](=O)[O-]
Active,O=C(CN1CCN(c2ccccc2)CC1)c1cc(O)c(O)c([N+](=O)[O-])c1
Not Active,Nc1ncnc2c1ncn2[C@@H]1O[C@H](CNCCC(N)C(=O)O)[C@@H](O)[C@H]1O
Active,O=c1cc(-c2ccccc2)n(-c2cccc(-c3ccccc3)c2)cc1O
Active,O=c1ccn(-c2cc(-c3cnn(Cc4ccccc4)c3)ccn2)cc1O
Not Active,Nc1ncnc2c1ncn2[C@@H]1O[C@H](CSCC[C@H](N)C(=O)O)[C@@H](O)[C@H]1O
Active,CN(C)C(=O)C1CCCN(CCC(=O)c2ccc(O)c(O)c2[N+](=O)[O-])C1
Active,COc1ccc2ccc(OCC(=O)c3cc(O)c(O)c([N+](=O)[O-])c3)cc2c1
Active,O=C(CCN1CCN(c2ccccc2)CC1)c1cc(O)c(O)c([N+](=O)[O-])c1
Not Active,Nc1ncnc2c1ncn2[C@@H]1O[C@H](CNC(=O)C[C@H]([NH3+])C(=O)[O-])[C@@H](O)[C@H]1O
Active,O=[N+]([O-])c1cc(/C(Cc2ccccc2)=N\Nc2ccccc2)cc(O)c1O
Active,O=C(CN1CCN(c2ccc(F)cc2)CC1)c1cc(O)c(O)c([N+](=O)[O-])c1
Active,O=C(CCN1CCN(c2ccccc2Cl)CC1)c1cc(O)c(O)c([N+](=O)[O-])c1
Active,O=C(CCN1CCN(c2ccc(F)cc2)CC1)c1cc(O)c(O)c([N+](=O)[O-])c1
Not Active,Nc1ncnc2c1ncn2[C@@H]1O[C@H](CNC(=O)CC[C@H]([NH3+])C(=O)[O-])[C@@H](O)[C@H]1O
Active,O=c1cc(C(O)c2ccccc2)n(-c2cccc(-c3ccccc3)c2)cc1O
Active,Cc1ccccc1N1CCN(CCC(=O)c2cc(O)c(O)c([N+](=O)[O-])c2)CC1
Active,O=C(CCN1CCC(Cc2ccccc2)CC1)c1ccc(O)c(O)c1[N+](=O)[O-]
Active,O=C(CCN1CCN(C(=O)c2ccccc2)CC1)c1cc(O)c(O)c([N+](=O)[O-])c1
Active,COc1ccccc1N1CCN(CCC(=O)c2cc(O)c(O)c([N+](=O)[O-])c2)CC1
Active,CCN(CC)C(=O)c1cc2cc(O)c(O)c([N+](=O)[O-])c2cc1C(=O)N(CC)CC
Active,O=C1c2c(cc(O)c(O)c2[N+](=O)[O-])CC1CN1CCN(c2ccccc2Cl)CC1
Active,COc1ccc(N2CCN(CCC(=O)c3ccc(O)c(O)c3[N+](=O)[O-])CC2)cc1
Active,O=C(N/N=C(/Cc1ccccc1)c1cc(O)c(O)c([N+](=O)[O-])c1)c1ccc(Cl)cc1
Active,O=C(CN1CCN(c2cccc(C(F)(F)F)c2)CC1)c1cc(O)c(O)c([N+](=O)[O-])c1
Active,O=C(CCN1CCN(c2cccc(C(F)(F)F)c2)CC1)c1ccc(O)c(O)c1[N+](=O)[O-]
Active,O=C(CCN1CCN(c2cccc(C(F)(F)F)c2)CC1)c1cc(O)c(O)c([N+](=O)[O-])c1
Active,O=C1c2c(cc(O)c(O)c2[N+](=O)[O-])CC1CN1CCN(c2cccc(C(F)(F)F)c2)CC1
Active,O=C(CCN1CCN(C(=O)c2ccc([N+](=O)[O-])cc2)CC1)c1cc(O)c(O)c([N+](=O)[O-])c1
Not Active,CC(=O)c1ccc(N2CCN(C(=O)c3cc(S(C)(=O)=O)ccc3N3CCOCC3)CC2)c(F)c1
Not Active,Cc1ccc(C(=O)c2cc(OCCCCNC(=O)C[C@H](NC(=O)c3ccc(N=[N+]=[N-])cc3)C(=O)NCCCOCCOCCOCCCNC(=O)CCCC[C@@H]3SC[C@@H]4NC(=O)N[C@H]34)c(O)c([N+](=O)[O-])c2)cc1
Active,CN(Cc1ccc(C(=O)c2cc(O)c(O)c([N+](=O)[O-])c2)cc1)C(=O)CCCCCNC(=O)C[C@H](NC(=O)c1ccc(N=[N+]=[N-])cc1)C(=O)NCCCOCCOCCOCCCNC(=O)CCCC[C@@H]1SC[C@@H]2NC(=O)N[C@H]12
Active,C=1(C(O)=CC(C2=NC(=NO2)C3=C([N+](=C(C(=C3C)Cl)C)O)Cl)=CC1N(=O)=O)O
Active,C1(N(=O)=O)=C(C(O)=CC(=C1)C=O)O
Not Active,C1(C(NC23CC4CC(C2)CC(C3)C4)=O)=C(C(O)=C(C=C1)O)Cl
Active,ClC=1C(C(C2=NOC(=N2)C=3C=C(N(=O)=O)C(O)=C(O)C3)=C(Cl)N(=O)C1C)=C
Not Active,N=1C=CC=C2C(=CC=C(C12)O)CCC
Active,ClC=1C2=C(SC1C(OCOC(=O)C(N)C(C)C)=O)C(N(=O)=O)=C(O)C(O)=C2
Active,C1(O)=C(O)C(=C2SC(C(=O)OC(OC(CCC)=O)C)=C(C2=C1)Cl)N(=O)=O
Active,C1(O)=C(C(=C2C(=C1)C(Cl)=C(C(OCCC)=O)S2)N(=O)=O)O
Not Active,C=1(C(=C(C(=CC1)C=2N(N=CC2)C3=CC=CC=C3)O)O)O
Not Active,C1(=C(O)C=C(C=C1C(O)=O)C=2N(N=CC2)C3=CC(=CC=C3)Cl)O
Not Active,N=1C=CC=C2C(=CC=C(C12)O)CC
Active,C=1(N(=O)=O)C(=C(O)C=C(/C=C/C(C2=CC(OC)=C(C(=C2)OC)OC)=O)C1)O
Not Active,N1([C@H]2[C@@H]([C@H](O)[C@H](O2)C[S+](C)C)O)C3=C(C(N)=NC=N3)N=C1
Active,C1(=CC=2C(=C(C(=O)O)SC2C(=C1O)N(=O)=O)Cl)O
Not Active,C=1C=C(C=2C(C1CC#N)=CC=CN2)O
Active,C1(O)=C(C(=C2C(=C1)C(=C(C(=O)OCCCC)S2)Cl)N(=O)=O)O
Not Active,N1(C2[C@@H]([C@H](O)[C@H](O2)CSCCC(C(O)=O)N)O)C3=C(C(NC)=NC=N3)N=C1
Active,C=1(N(=O)=O)C(=C(O)C=C(/C=C/C(=O)C=2C=CC=CC2)C1)O
Active,C=1(N(=O)=O)C(=C(O)C=C(C1)C(=O)O)O
Not Active,N1([C@H]2[C@@H]([C@H](O)[C@H](O2)CO[S+](CCC=3C=CC=CC3)C)O)C4=C(C(N)=NC=N4)N=C1
Not Active,N1([C@H]2[C@@H]([C@H](O)[C@H](O2)CO[S+](CCC=3C(OC)=CC=CC3)C)O)C4=C(C(N)=NC=N4)N=C1
Not Active,C=1C=C(C=2C(C1C(=O)C)=CC=CN2)O
Active,C=1(N(=O)=O)C(=C(O)C=C(C(NC23CC4CC(C2)CC(C3)C4)=O)C1)O
Not Active,C=1(C=CC(C=2N(N=CC2)C3=CC=C(C=C3)C(F)(F)F)=C(C1O)F)O
Active,C1(N(=O)=O)=C(C(O)=CC(C#N)=C1)O
Active,C=1(N(=O)=O)C(=C(O)C=C(/C=C(/C(=O)C)\C)C1)O
Active,C1(N(=O)=O)=C(C(O)=CC(=C1)C=C(C#N)C#N)O
Not Active,N1(C2[C@@H]([C@H](O)[C@H](O2)CSCCC(C(O)=O)N)O)C=NC=3C1=CC=NC3N
Active,C=1(N(=O)=O)C(=C(O)C=C(/C=C(/C(=O)OCC)\C#N)C1)O
Not Active,S(=O)(=O)(O)C1=C2C(N=CC=C2)=C(O)C=C1
Not Active,C=1C=C(C=2C(C1C=O)=CC=CN2)O
Active,C1(O)=C(O)C=C(C=C1N(=O)=O)C2=C(C=NN2C3=CC(=CC=C3)Cl)C4=CC=CC=C4
Active,C=1(N(=O)=O)C(=C(O)C=C(C1)CCCCC(O)=O)O
Not Active,N1(C2=C(C(=NC=N2)N)N=C1)[C@H]3[C@@H]([C@@H]([C@H](CSCC[C@H](N)C(O)=O)C3)O)O
Active,C=1(C(=CC(=CC1O)CCCCC(O)=O)Cl)O
Not Active,N=1C=CC=C2C(=CC=C(C12)O)CCOC(=O)C
Active,ClC=1C2=C(SC1C(OCOC(=O)CCC)=O)C(N(=O)=O)=C(O)C(O)=C2
Active,C1(O)=C(O)C(=C2SC(C(OCOC(C(C)C)=O)=O)=C(C2=C1)Cl)N(=O)=O
Active,ClC=1C2=C(SC1C(OCC3=CC=CC=C3)=O)C(N(=O)=O)=C(O)C(O)=C2
Not Active,N1(C2C(C(O)C(O2)CS(O)=CCC(C(O)=O)N)O)C3=C(C(N)=NC=N3)N=C1
Active,C=1(C(N(=O)=O)=CC(=C(C1)O)O)C(NC23CC4CC(C2)CC(C3)C4)=O
Active,C1(O)=C(O)C(N(=O)=O)=C2SC(=C(C2=C1)Cl)C(=O)OCC=3OC(OC3)=O
Active,C1(O)=C(C(=C2C(=C1)C(Cl)=C(C(=O)OC(C)C)S2)N(=O)=O)O
Active,C=1(C(F)(F)F)C(=C(O)C=C(C=C(C(=O)C)C(=O)C)C1)O
Active,OC=1C(I)=CC(Cl)=C2C=CC=NC12
Not Active,C(C(CC[S+](CCC=1C(OC)=CC=CC1)C)N)(O)=O
Not Active,C=1C=C(C=2C(C1N(=O)=O)=CC=CN2)O
Active,C12(NC(C=3C=C(C#N)C(=C(C3)O)O)=O)CC4CC(C1)CC(C2)C4
Not Active,N1([C@H]2[C@@H]([C@H](O)[C@H](O2)CO[S+](CCC3=CC(C(CN(CC=4C=CC=CC4)C)O)=CC=C3OC)C)O)C5=C(C(N)=NC=N5)N=C1
Active,C1(N(=O)=O)=C(C(O)=CC(=C1)C(=O)C)O
Not Active,C12=C(C=C(C(=C1)O)O)C(CCN)=CN2
Not Active,C1(=C(C=C(C=C1)C=2N(N=CC2)C3=CC=C(C=C3)C)O)O
Not Active,N1(C2[C@@H]([C@H](O)[C@H](O2)C=S(O)(O)=CCC(C(O)=O)N)O)C3=C(C(N)=NC=N3)N=C1
Active,C=1(N(=O)=O)C(=C(O)C=C(C=C(C(=O)C)C(=O)C)C1)O
Not Active,N=1C=CC=C2C(=CC=C(C12)O)COC(=O)C
Active,C1(N(=O)=O)=C(C(O)=CC(/C=C\2/C(/C(=C/C=3C=C(N(=O)=O)C(=C(C3)O)O)/CC2)=O)=C1)O
Active,C1(=CC=2C(Cl)=C(C(OC)=O)SC2C(=C1O)N(=O)=O)O
Active,C12=C(C(I)=CC(=C1C=CC=N2)I)O
Not Active,C12=C(C(O)=C(C(=C1C=CN2)C)O)C
Active,C=1(O)C(O)=C(N(=O)=O)C=C(N(=O)=O)C1
Active,C=1(C(=O)C(C)C)C=C(O)C(=CC1)O
Active,C1(O)=C(O)C(=C2SC(C(=O)OC(OC(C(C)C)=O)C)=C(C2=C1)Cl)N(=O)=O
Active,C=1(N(=O)=O)C(=C(O)C=C(/C=C(/C(N(C)C)=O)\C#N)C1)O
Not Active,C=1(N=C(SC1C2=NNC=N2)C)C(F)(F)F
Active,C1(N(O)=O)=C(C(O)=CC(=C1)C=O)O
Active,IC1=C(O)C2=NC=CC=C2C(=C1)C(=O)C
Active,C=1(C(N(O)=O)=C2C(=CC1O)C=CC=C2NO)O
Active,C=1(C(NC23CC4CC(C2)CC(C3)C4)=O)C(=CC(=C(C1)O)O)Cl
Not Active,N=1C=NC2=C(C1N)N=CN2[C@H](O[C@@H](CO)CSCC[C@@H](N)C(=O)O)CO
Not Active,N=1C=NC2=C(C1N)N=CN2[C@H](O[C@@H](CO)CSCC[C@H](N)C(=O)O)CO
Not Active,N=1C=NC2=C(C1N)N=CN2C(OC(CO)CS(=CCC(N)C(=O)O)O)CO
Active,C12(NC(C=3C=C(Cl)C(=C(C3)O)O)=O)CC4CC(C1)CC(C2)C4
Not Active,N=1C=CC=C2C(=CC=C(C12)O)COC
Not Active,C1=C(C2=CC=CN=C2C(O)=C1N(=O)=O)N(=O)=O
Active,S(C=1C=2C(C(O)=C(C1)I)=NC=CC2)(=O)(=O)O
Not Active,C=1C=C(C=2C(C1CO)=CC=CN2)O
Active,C=1(C=C(C=2C(C1O)=NC=CC2)Br)Br
Not Active,C1(S(=O)(=O)C)=C(C(O)=CC(=C1)C=O)O
Not Active,N1([C@H]2[C@@H]([C@H](O)[C@@H](O2)CSCCC(C(O)=O)N)O)C3=C(C(N)=NC=N3)N=C1
Active,C1(C(F)(F)F)=C(C(O)=CC(=C1)C=O)O
Not Active,N1(C2[C@@H]([C@H](O)[C@H](O2)CSCCC(C(O)=O)N)O)N=NC3=C1N=CN=C3N
Not Active,N=1C=NC2=C(C1N)N=NN2[C@@H]3O[C@@H]([C@H]([C@H]3O)O)CSCC[C@@H](N)C(=O)O
