chemblId,target__name,class,Smiles
CHEMBL3425722,Catechol O-methyltransferase,Active,O=c1[nH]c(-c2cccs2)ncc1O
CHEMBL3425724,Catechol O-methyltransferase,Not Active,COCCn1cc(O)c(=O)cc1CO
CHEMBL3425726,Catechol O-methyltransferase,Active,O=c1ccn(-c2ccccc2)cc1O
CHEMBL9039,Catechol O-methyltransferase,Active,O=C1CCc2cc(O)c(O)c([N+](=O)[O-])c21
CHEMBL177507,Catechol O-methyltransferase,Active,O=[N+]([O-])c1c(O)c(O)cc2c1/C(=N/O)CC2
CHEMBL2206397,Catechol O-methyltransferase,Not Active,CCc1cccc(CC)c1Cc1ncc[nH]1
CHEMBL3425721,Catechol O-methyltransferase,Active,O=c1cc2n(cc1O)-c1ccccc1SC2
CHEMBL3425725,Catechol O-methyltransferase,Active,O=c1cc(CO)n(-c2ccccc2)cc1O
CHEMBL8752,Catechol O-methyltransferase,Active,O=C1CCCc2cc(O)c(O)c([N+](=O)[O-])c21
CHEMBL3425727,Catechol O-methyltransferase,Active,Cc1ccc(-n2cc(O)c(=O)cc2CO)cc1
CHEMBL3425730,Catechol O-methyltransferase,Active,Cc1cc(C)cc(-n2ccc(=O)c(O)c2C)c1
CHEMBL374773,Catechol O-methyltransferase,Active,CN(C)CC(=O)c1cc(O)c(O)c([N+](=O)[O-])c1
CHEMBL222742,Catechol O-methyltransferase,Active,CN(C)CCC(=O)c1cc(O)c(O)c([N+](=O)[O-])c1
CHEMBL3425728,Catechol O-methyltransferase,Active,Cc1ccc(-n2cc(O)c(=O)cc2CO)c(C)c1
CHEMBL3425729,Catechol O-methyltransferase,Active,Cc1cc(C)cc(-n2cc(O)c(=O)cc2CO)c1
CHEMBL3797305,Catechol O-methyltransferase,Active,O=c1ccn(-c2nccc3ccccc23)cc1O
CHEMBL3799278,Catechol O-methyltransferase,Active,Cc1cn2nc(-n3ccc(=O)c(O)c3)ccc2n1
CHEMBL3425513,Catechol O-methyltransferase,Active,O=c1cc(CO)n(CCCc2ccccc2)cc1O
CHEMBL413782,Catechol O-methyltransferase,Active,CCN(CC)CC(=O)c1cc(O)c(O)c([N+](=O)[O-])c1
CHEMBL1324 (Tolcapone),Catechol O-methyltransferase,Active,Cc1ccc(C(=O)c2cc(O)c(O)c([N+](=O)[O-])c2)cc1
CHEMBL160038,Catechol O-methyltransferase,Active,O=C(Cc1ccccc1)c1cc(O)c(O)c([N+](=O)[O-])c1
CHEMBL197115,Catechol O-methyltransferase,Active,O=C(Cc1ccccc1)c1ccc(O)c(O)c1[N+](=O)[O-]
CHEMBL223697,Catechol O-methyltransferase,Active,O=C(CN1CCSCC1)c1cc(O)c(O)c([N+](=O)[O-])c1
CHEMBL3425731,Catechol O-methyltransferase,Active,CCCCc1ccc(-n2cc(O)c(=O)cc2CO)cc1
CHEMBL3425734,Catechol O-methyltransferase,Active,O=c1ccn(-c2cccc(-c3ccccc3)c2)cc1O
CHEMBL3797584,Catechol O-methyltransferase,Active,O=c1ccn(-c2cc(-c3ccncc3)ccn2)cc1O
CHEMBL3797723,Catechol O-methyltransferase,Active,O=c1ccn(-c2cccc(-c3ccccc3)n2)cc1O
CHEMBL3797901,Catechol O-methyltransferase,Active,O=c1ccn(-c2ccnc(-c3ccccc3)n2)cc1O
CHEMBL3798113,Catechol O-methyltransferase,Active,O=c1ccn(-c2cc(-c3cccnc3)ccn2)cc1O
CHEMBL3798286,Catechol O-methyltransferase,Active,O=c1ccn(-c2ccnc(-c3ccccc3)c2)cc1O
CHEMBL3798854,Catechol O-methyltransferase,Active,O=c1ccn(-c2cc(-c3ccccn3)ccn2)cc1O
CHEMBL3799913,Catechol O-methyltransferase,Active,O=c1ccn(-c2cc(-c3ccccc3)ccn2)cc1O
CHEMBL385129,Catechol O-methyltransferase,Active,CCN(CC)CCC(=O)c1cc(O)c(O)c([N+](=O)[O-])c1
CHEMBL418149,Catechol O-methyltransferase,Active,O=C(CCN1CCCC1)c1ccc(O)c(O)c1[N+](=O)[O-]
CHEMBL198628,Catechol O-methyltransferase,Active,O=C(CCc1ccccc1)c1ccc(O)c(O)c1[N+](=O)[O-]
CHEMBL223212,Catechol O-methyltransferase,Active,CN1CCN(CC(=O)c2cc(O)c(O)c([N+](=O)[O-])c2)CC1
CHEMBL223698,Catechol O-methyltransferase,Active,O=C(CCN1CCSCC1)c1cc(O)c(O)c([N+](=O)[O-])c1
CHEMBL3425735,Catechol O-methyltransferase,Active,Cc1cc(=O)c(O)cn1-c1cccc(-c2ccccc2)c1
CHEMBL3425743,Catechol O-methyltransferase,Active,Cn1c(-c2cccc(-c3ccccc3)c2)ncc(O)c1=O
CHEMBL374904,Catechol O-methyltransferase,Active,O=C(COc1ccccc1)c1cc(O)c(O)c([N+](=O)[O-])c1
CHEMBL3800198,Catechol O-methyltransferase,Active,O=c1ccn(-c2nccc(-c3ccccc3)c2F)cc1O
CHEMBL3818350,Catechol O-methyltransferase,Active,CCN1C(=O)S/C(=C/c2cc(O)c(O)c([N+](=O)[O-])c2)C1=O
CHEMBL418518,Catechol O-methyltransferase,Active,O=C(CCN1CCOCC1)c1ccc(O)c(O)c1[N+](=O)[O-]
CHEMBL9056,Catechol O-methyltransferase,Active,O=C(CCN1CCCCC1)c1ccc(O)c(O)c1[N+](=O)[O-]
CHEMBL114526,Catechol O-methyltransferase,Active,O=C1c2c(cc(O)c(O)c2[N+](=O)[O-])CC1CN1CCOCC1
CHEMBL114981,Catechol O-methyltransferase,Active,O=C1c2c(cc(O)c(O)c2[N+](=O)[O-])CC1CN1CCCCC1
CHEMBL221675,Catechol O-methyltransferase,Active,CCN1CCN(CC(=O)c2cc(O)c(O)c([N+](=O)[O-])c2)CC1
CHEMBL221776,Catechol O-methyltransferase,Active,CN1CCN(CCC(=O)c2cc(O)c(O)c([N+](=O)[O-])c2)CC1
CHEMBL222137,Catechol O-methyltransferase,Active,O=C(COc1ccccc1F)c1cc(O)c(O)c([N+](=O)[O-])c1
CHEMBL3425732,Catechol O-methyltransferase,Active,O=c1cc(CO)n(-c2ccc(-c3ccccc3)cc2)cc1O
CHEMBL3425733,Catechol O-methyltransferase,Active,O=c1cc(CO)n(-c2cccc(-c3ccccc3)c2)cc1O
CHEMBL374451,Catechol O-methyltransferase,Active,Cc1ccc(SCC(=O)c2cc(O)c(O)c([N+](=O)[O-])c2)cc1
CHEMBL3798524,Catechol O-methyltransferase,Active,O=c1ccn(-c2cc(-c3ccc(Cl)c(Cl)c3)ccn2)cc1O
CHEMBL8476,Catechol O-methyltransferase,Active,O=C(CCCc1ccccc1)c1ccc(O)c(O)c1[N+](=O)[O-]
CHEMBL9067,Catechol O-methyltransferase,Active,CC1CCN(CCC(=O)c2ccc(O)c(O)c2[N+](=O)[O-])CC1
CHEMBL9124,Catechol O-methyltransferase,Active,CC1CCCN(CCC(=O)c2ccc(O)c(O)c2[N+](=O)[O-])C1
CHEMBL953 (entacapone),Catechol O-methyltransferase,Active,CCN(CC)C(=O)/C(C#N)=C/c1cc(O)c(O)c([N+](=O)[O-])c1
CHEMBL221820,Catechol O-methyltransferase,Active,COc1ccc(OCC(=O)c2cc(O)c(O)c([N+](=O)[O-])c2)cc1
CHEMBL221933,Catechol O-methyltransferase,Active,Cc1ccc(OCC(=O)c2cc(O)c(O)c([N+](=O)[O-])c2)cc1C
CHEMBL222183,Catechol O-methyltransferase,Active,Cc1cnc(SCCC(=O)c2cc(O)c(O)c([N+](=O)[O-])c2)nc1
CHEMBL3425723,Catechol O-methyltransferase,Active,COc1ccc(-c2cc(O)c(=O)n(C)c2-c2ccncc2)cc1
CHEMBL3425737,Catechol O-methyltransferase,Active,CC(C)c1cc(=O)c(O)cn1-c1cccc(-c2ccccc2)c1
CHEMBL3425738,Catechol O-methyltransferase,Active,CC(O)c1cc(=O)c(O)cn1-c1cccc(-c2ccccc2)c1
CHEMBL3425744,Catechol O-methyltransferase,Active,O=c1c(O)cn(-c2cccc(-c3ccccc3)c2)cc1B(O)O
CHEMBL373474,Catechol O-methyltransferase,Active,CCN1CCN(CCC(=O)c2cc(O)c(O)c([N+](=O)[O-])c2)CC1
CHEMBL373914,Catechol O-methyltransferase,Active,Cc1ccc(SCCC(=O)c2cc(O)c(O)c([N+](=O)[O-])c2)cc1
CHEMBL3798212,Catechol O-methyltransferase,Active,CC(C)(C)c1nc(-c2ccnc(-n3ccc(=O)c(O)c3)c2)cs1
CHEMBL8649,Catechol O-methyltransferase,Active,O=C(CCCCc1ccccc1)c1ccc(O)c(O)c1[N+](=O)[O-]
CHEMBL8854,Catechol O-methyltransferase,Active,CC1CC(C)CN(CCC(=O)c2ccc(O)c(O)c2[N+](=O)[O-])C1
CHEMBL221766,Catechol O-methyltransferase,Active,O=C(CN1CCC2(CC1)OCCO2)c1cc(O)c(O)c([N+](=O)[O-])c1
CHEMBL3800482,Catechol O-methyltransferase,Active,O=c1ccn(-c2cc(-c3cccc(C(F)(F)F)n3)ccn2)cc1O
CHEMBL8944,Catechol O-methyltransferase,Active,CCCN1CCN(CCC(=O)c2ccc(O)c(O)c2[N+](=O)[O-])CC1
CHEMBL222435,Catechol O-methyltransferase,Active,O=C(CCN1CCC2(CC1)OCCO2)c1cc(O)c(O)c([N+](=O)[O-])c1
CHEMBL222485,Catechol O-methyltransferase,Active,O=C(COc1ccc2ccccc2c1)c1cc(O)c(O)c([N+](=O)[O-])c1
CHEMBL3425740,Catechol O-methyltransferase,Active,CCCC(O)c1cc(=O)c(O)cn1-c1cccc(-c2ccccc2)c1
CHEMBL3425741,Catechol O-methyltransferase,Active,CC(C)C(O)c1cc(=O)c(O)cn1-c1cccc(-c2ccccc2)c1
CHEMBL376458,Catechol O-methyltransferase,Active,O=C(COc1cccc2ccccc12)c1cc(O)c(O)c([N+](=O)[O-])c1
CHEMBL9049,Catechol O-methyltransferase,Active,O=C(CCN1CCCC2CCCCC21)c1ccc(O)c(O)c1[N+](=O)[O-]
CHEMBL222743,Catechol O-methyltransferase,Active,O=C(CN1CCN(c2ccccc2)CC1)c1cc(O)c(O)c([N+](=O)[O-])c1
CHEMBL3277957,Catechol O-methyltransferase,Not Active,Nc1ncnc2c1ncn2[C@@H]1O[C@H](CNCCC(N)C(=O)O)[C@@H](O)[C@H]1O
CHEMBL3425736,Catechol O-methyltransferase,Active,O=c1cc(-c2ccccc2)n(-c2cccc(-c3ccccc3)c2)cc1O
CHEMBL3799623,Catechol O-methyltransferase,Active,O=c1ccn(-c2cc(-c3cnn(Cc4ccccc4)c3)ccn2)cc1O
CHEMBL418052,Catechol O-methyltransferase,Not Active,Nc1ncnc2c1ncn2[C@@H]1O[C@H](CSCC[C@H](N)C(=O)O)[C@@H](O)[C@H]1O
CHEMBL8647,Catechol O-methyltransferase,Active,CN(C)C(=O)C1CCCN(CCC(=O)c2ccc(O)c(O)c2[N+](=O)[O-])C1
CHEMBL222140,Catechol O-methyltransferase,Active,COc1ccc2ccc(OCC(=O)c3cc(O)c(O)c([N+](=O)[O-])c3)cc2c1
CHEMBL222793,Catechol O-methyltransferase,Active,O=C(CCN1CCN(c2ccccc2)CC1)c1cc(O)c(O)c([N+](=O)[O-])c1
CHEMBL3277958,Catechol O-methyltransferase,Not Active,Nc1ncnc2c1ncn2[C@@H]1O[C@H](CNC(=O)C[C@H]([NH3+])C(=O)[O-])[C@@H](O)[C@H]1O
CHEMBL351990,Catechol O-methyltransferase,Active,O=[N+]([O-])c1cc(/C(Cc2ccccc2)=N\Nc2ccccc2)cc(O)c1O
CHEMBL384664,Catechol O-methyltransferase,Active,O=C(CN1CCN(c2ccc(F)cc2)CC1)c1cc(O)c(O)c([N+](=O)[O-])c1
CHEMBL222243,Catechol O-methyltransferase,Active,O=C(CCN1CCN(c2ccccc2Cl)CC1)c1cc(O)c(O)c([N+](=O)[O-])c1
CHEMBL222484,Catechol O-methyltransferase,Active,O=C(CCN1CCN(c2ccc(F)cc2)CC1)c1cc(O)c(O)c([N+](=O)[O-])c1
CHEMBL3277959,Catechol O-methyltransferase,Not Active,Nc1ncnc2c1ncn2[C@@H]1O[C@H](CNC(=O)CC[C@H]([NH3+])C(=O)[O-])[C@@H](O)[C@H]1O
CHEMBL3425739,Catechol O-methyltransferase,Active,O=c1cc(C(O)c2ccccc2)n(-c2cccc(-c3ccccc3)c2)cc1O
CHEMBL376888,Catechol O-methyltransferase,Active,Cc1ccccc1N1CCN(CCC(=O)c2cc(O)c(O)c([N+](=O)[O-])c2)CC1
CHEMBL413814,Catechol O-methyltransferase,Active,O=C(CCN1CCC(Cc2ccccc2)CC1)c1ccc(O)c(O)c1[N+](=O)[O-]
CHEMBL221726,Catechol O-methyltransferase,Active,O=C(CCN1CCN(C(=O)c2ccccc2)CC1)c1cc(O)c(O)c([N+](=O)[O-])c1
CHEMBL222408,Catechol O-methyltransferase,Active,COc1ccccc1N1CCN(CCC(=O)c2cc(O)c(O)c([N+](=O)[O-])c2)CC1
CHEMBL3818719,Catechol O-methyltransferase,Active,CCN(CC)C(=O)c1cc2cc(O)c(O)c([N+](=O)[O-])c2cc1C(=O)N(CC)CC
CHEMBL419039,Catechol O-methyltransferase,Active,O=C1c2c(cc(O)c(O)c2[N+](=O)[O-])CC1CN1CCN(c2ccccc2Cl)CC1
CHEMBL9085,Catechol O-methyltransferase,Active,COc1ccc(N2CCN(CCC(=O)c3ccc(O)c(O)c3[N+](=O)[O-])CC2)cc1
CHEMBL349219,Catechol O-methyltransferase,Active,O=C(N/N=C(/Cc1ccccc1)c1cc(O)c(O)c([N+](=O)[O-])c1)c1ccc(Cl)cc1
CHEMBL426014,Catechol O-methyltransferase,Active,O=C(CN1CCN(c2cccc(C(F)(F)F)c2)CC1)c1cc(O)c(O)c([N+](=O)[O-])c1
CHEMBL269563,Catechol O-methyltransferase,Active,O=C(CCN1CCN(c2cccc(C(F)(F)F)c2)CC1)c1ccc(O)c(O)c1[N+](=O)[O-]
CHEMBL535825,Catechol O-methyltransferase,Active,O=C(CCN1CCN(c2cccc(C(F)(F)F)c2)CC1)c1cc(O)c(O)c([N+](=O)[O-])c1
CHEMBL326942,Catechol O-methyltransferase,Active,O=C1c2c(cc(O)c(O)c2[N+](=O)[O-])CC1CN1CCN(c2cccc(C(F)(F)F)c2)CC1
CHEMBL426716,Catechol O-methyltransferase,Active,O=C(CCN1CCN(C(=O)c2ccc([N+](=O)[O-])cc2)CC1)c1cc(O)c(O)c([N+](=O)[O-])c1
CHEMBL526648,Catechol O-methyltransferase,Not Active,CC(=O)c1ccc(N2CCN(C(=O)c3cc(S(C)(=O)=O)ccc3N3CCOCC3)CC2)c(F)c1
CHEMBL3818536,Catechol O-methyltransferase,Not Active,Cc1ccc(C(=O)c2cc(OCCCCNC(=O)C[C@H](NC(=O)c3ccc(N=[N+]=[N-])cc3)C(=O)NCCCOCCOCCOCCCNC(=O)CCCC[C@@H]3SC[C@@H]4NC(=O)N[C@H]34)c(O)c([N+](=O)[O-])c2)cc1
CHEMBL3819488,Catechol O-methyltransferase,Active,CN(Cc1ccc(C(=O)c2cc(O)c(O)c([N+](=O)[O-])c2)cc1)C(=O)CCCCCNC(=O)C[C@H](NC(=O)c1ccc(N=[N+]=[N-])cc1)C(=O)NCCCOCCOCCOCCCNC(=O)CCCC[C@@H]1SC[C@@H]2NC(=O)N[C@H]12
CHEMBL1089318,COMT,Active,C=1(C(O)=CC(C2=NC(=NO2)C3=C([N+](=C(C(=C3C)Cl)C)O)Cl)=CC1N(=O)=O)O
CHEMBL1244,COMT,Active,C1(N(=O)=O)=C(C(O)=CC(=C1)C=O)O
CHEMBL169208,COMT,Not Active,C1(C(NC23CC4CC(C2)CC(C3)C4)=O)=C(C(O)=C(C=C1)O)Cl
15602694,COMT,Active,ClC=1C(C(C2=NOC(=N2)C=3C=C(N(=O)=O)C(O)=C(O)C3)=C(Cl)N(=O)C1C)=C
CHEMBL3274781,COMT,Not Active,N=1C=CC=C2C(=CC=C(C12)O)CCC
46884940,COMT,Active,ClC=1C2=C(SC1C(OCOC(=O)C(N)C(C)C)=O)C(N(=O)=O)=C(O)C(O)=C2
CHEMBL1091981,COMT,Active,C1(O)=C(O)C(=C2SC(C(=O)OC(OC(CCC)=O)C)=C(C2=C1)Cl)N(=O)=O
CHEMBL1089505,COMT,Active,C1(O)=C(C(=C2C(=C1)C(Cl)=C(C(OCCC)=O)S2)N(=O)=O)O
CHEMBL1090224,COMT,Not Active,C=1(C(=C(C(=CC1)C=2N(N=CC2)C3=CC=CC=C3)O)O)O
CHEMBL1092956,COMT,Not Active,C1(=C(O)C=C(C=C1C(O)=O)C=2N(N=CC2)C3=CC(=CC=C3)Cl)O
CHEMBL3274780,COMT,Not Active,N=1C=CC=C2C(=CC=C(C12)O)CC
CHEMBL168600,COMT,Active,C=1(N(=O)=O)C(=C(O)C=C(/C=C/C(C2=CC(OC)=C(C(=C2)OC)OC)=O)C1)O
CHEMBL540135,COMT,Not Active,N1([C@H]2[C@@H]([C@H](O)[C@H](O2)C[S+](C)C)O)C3=C(C(N)=NC=N3)N=C1
CHEMBL1089503,COMT,Active,C1(=CC=2C(=C(C(=O)O)SC2C(=C1O)N(=O)=O)Cl)O
CHEMBL3251399,COMT,Not Active,C=1C=C(C=2C(C1CC#N)=CC=CN2)O
CHEMBL1089630,COMT,Active,C1(O)=C(C(=C2C(=C1)C(=C(C(=O)OCCCC)S2)Cl)N(=O)=O)O
CHEMBL608171,COMT,Not Active,N1(C2[C@@H]([C@H](O)[C@H](O2)CSCCC(C(O)=O)N)O)C3=C(C(NC)=NC=N3)N=C1
CHEMBL169926,COMT,Active,C=1(N(=O)=O)C(=C(O)C=C(/C=C/C(=O)C=2C=CC=CC2)C1)O
CHEMBL170549,COMT,Active,C=1(N(=O)=O)C(=C(O)C=C(C1)C(=O)O)O
CHEMBL539878,COMT,Not Active,N1([C@H]2[C@@H]([C@H](O)[C@H](O2)CO[S+](CCC=3C=CC=CC3)C)O)C4=C(C(N)=NC=N4)N=C1
CHEMBL557014,COMT,Not Active,N1([C@H]2[C@@H]([C@H](O)[C@H](O2)CO[S+](CCC=3C(OC)=CC=CC3)C)O)C4=C(C(N)=NC=N4)N=C1
CHEMBL3251395,COMT,Not Active,C=1C=C(C=2C(C1C(=O)C)=CC=CN2)O
CHEMBL350927,COMT,Active,C=1(N(=O)=O)C(=C(O)C=C(C(NC23CC4CC(C2)CC(C3)C4)=O)C1)O
CHEMBL1090225,COMT,Not Active,C=1(C=CC(C=2N(N=CC2)C3=CC=C(C=C3)C(F)(F)F)=C(C1O)F)O
CHEMBL169891,COMT,Active,C1(N(=O)=O)=C(C(O)=CC(C#N)=C1)O
CHEMBL167054,COMT,Active,C=1(N(=O)=O)C(=C(O)C=C(/C=C(/C(=O)C)\C)C1)O
CHEMBL166486,COMT,Active,C1(N(=O)=O)=C(C(O)=CC(=C1)C=C(C#N)C#N)O
CHEMBL607883,COMT,Not Active,N1(C2[C@@H]([C@H](O)[C@H](O2)CSCCC(C(O)=O)N)O)C=NC=3C1=CC=NC3N
CHEMBL353012,COMT,Active,C=1(N(=O)=O)C(=C(O)C=C(/C=C(/C(=O)OCC)\C#N)C1)O
CHEMBL2407598,COMT,Not Active,S(=O)(=O)(O)C1=C2C(N=CC=C2)=C(O)C=C1
CHEMBL1487639,COMT,Not Active,C=1C=C(C=2C(C1C=O)=CC=CN2)O
CHEMBL1090931,COMT,Active,C1(O)=C(O)C=C(C=C1N(=O)=O)C2=C(C=NN2C3=CC(=CC=C3)Cl)C4=CC=CC=C4
CHEMBL353188,COMT,Active,C=1(N(=O)=O)C(=C(O)C=C(C1)CCCCC(O)=O)O
CHEMBL3273175,COMT,Not Active,N1(C2=C(C(=NC=N2)N)N=C1)[C@H]3[C@@H]([C@@H]([C@H](CSCC[C@H](N)C(O)=O)C3)O)O
CHEMBL168818,COMT,Active,C=1(C(=CC(=CC1O)CCCCC(O)=O)Cl)O
CHEMBL3274779,COMT,Not Active,N=1C=CC=C2C(=CC=C(C12)O)CCOC(=O)C
46884909,COMT,Active,ClC=1C2=C(SC1C(OCOC(=O)CCC)=O)C(N(=O)=O)=C(O)C(O)=C2
CHEMBL1089537,COMT,Active,C1(O)=C(O)C(=C2SC(C(OCOC(C(C)C)=O)=O)=C(C2=C1)Cl)N(=O)=O
46884907,COMT,Active,ClC=1C2=C(SC1C(OCC3=CC=CC=C3)=O)C(N(=O)=O)=C(O)C(O)=C2
CHEMBL609047,COMT,Not Active,N1(C2C(C(O)C(O2)CS(O)=CCC(C(O)=O)N)O)C3=C(C(N)=NC=N3)N=C1
CHEMBL352270,COMT,Active,C=1(C(N(=O)=O)=CC(=C(C1)O)O)C(NC23CC4CC(C2)CC(C3)C4)=O
CHEMBL1091983,COMT,Active,C1(O)=C(O)C(N(=O)=O)=C2SC(=C(C2=C1)Cl)C(=O)OCC=3OC(OC3)=O
CHEMBL1091204,COMT,Active,C1(O)=C(C(=C2C(=C1)C(Cl)=C(C(=O)OC(C)C)S2)N(=O)=O)O
CHEMBL354517,COMT,Active,C=1(C(F)(F)F)C(=C(O)C=C(C=C(C(=O)C)C(=O)C)C1)O
CHEMBL497,COMT,Active,OC=1C(I)=CC(Cl)=C2C=CC=NC12
CHEMBL553200,COMT,Not Active,C(C(CC[S+](CCC=1C(OC)=CC=CC1)C)N)(O)=O
CHEMBL1454910,COMT,Not Active,C=1C=C(C=2C(C1N(=O)=O)=CC=CN2)O
CHEMBL167172,COMT,Active,C12(NC(C=3C=C(C#N)C(=C(C3)O)O)=O)CC4CC(C1)CC(C2)C4
CHEMBL553016,COMT,Not Active,N1([C@H]2[C@@H]([C@H](O)[C@H](O2)CO[S+](CCC3=CC(C(CN(CC=4C=CC=CC4)C)O)=CC=C3OC)C)O)C5=C(C(N)=NC=N5)N=C1
CHEMBL169033,COMT,Active,C1(N(=O)=O)=C(C(O)=CC(=C1)C(=O)C)O
CHEMBL303916,COMT,Not Active,C12=C(C=C(C(=C1)O)O)C(CCN)=CN2
CHEMBL1092957,COMT,Not Active,C1(=C(C=C(C=C1)C=2N(N=CC2)C3=CC=C(C=C3)C)O)O
CHEMBL608172,COMT,Not Active,N1(C2[C@@H]([C@H](O)[C@H](O2)C=S(O)(O)=CCC(C(O)=O)N)O)C3=C(C(N)=NC=N3)N=C1
CHEMBL167055,COMT,Active,C=1(N(=O)=O)C(=C(O)C=C(C=C(C(=O)C)C(=O)C)C1)O
CHEMBL3274778,COMT,Not Active,N=1C=CC=C2C(=CC=C(C12)O)COC(=O)C
CHEMBL265218,COMT,Active,C1(N(=O)=O)=C(C(O)=CC(/C=C\2/C(/C(=C/C=3C=C(N(=O)=O)C(=C(C3)O)O)/CC2)=O)=C1)O
CHEMBL1089504,COMT,Active,C1(=CC=2C(Cl)=C(C(OC)=O)SC2C(=C1O)N(=O)=O)O
CHEMBL86754,COMT,Active,C12=C(C(I)=CC(=C1C=CC=N2)I)O
CHEMBL90203,COMT,Not Active,C12=C(C(O)=C(C(=C1C=CN2)C)O)C
CHEMBL168276,COMT,Active,C=1(O)C(O)=C(N(=O)=O)C=C(N(=O)=O)C1
CHEMBL353187,COMT,Active,C=1(C(=O)C(C)C)C=C(O)C(=CC1)O
CHEMBL1089538,COMT,Active,C1(O)=C(O)C(=C2SC(C(=O)OC(OC(C(C)C)=O)C)=C(C2=C1)Cl)N(=O)=O
CHEMBL168389,COMT,Active,C=1(N(=O)=O)C(=C(O)C=C(/C=C(/C(N(C)C)=O)\C#N)C1)O
CHEMBL3289429,COMT,Not Active,C=1(N=C(SC1C2=NNC=N2)C)C(F)(F)F
CHEMBL355402,COMT,Active,C1(N(O)=O)=C(C(O)=CC(=C1)C=O)O
CHEMBL1979095,COMT,Active,IC1=C(O)C2=NC=CC=C2C(=C1)C(=O)C
CHEMBL177270,COMT,Active,C=1(C(N(O)=O)=C2C(=CC1O)C=CC=C2NO)O
CHEMBL169679,COMT,Active,C=1(C(NC23CC4CC(C2)CC(C3)C4)=O)C(=CC(=C(C1)O)O)Cl
CHEMBL3246539,COMT,Not Active,N=1C=NC2=C(C1N)N=CN2[C@H](O[C@@H](CO)CSCC[C@@H](N)C(=O)O)CO
CHEMBL3246540,COMT,Not Active,N=1C=NC2=C(C1N)N=CN2[C@H](O[C@@H](CO)CSCC[C@H](N)C(=O)O)CO
CHEMBL3246544,COMT,Not Active,N=1C=NC2=C(C1N)N=CN2C(OC(CO)CS(=CCC(N)C(=O)O)O)CO
CHEMBL168451,COMT,Active,C12(NC(C=3C=C(Cl)C(=C(C3)O)O)=O)CC4CC(C1)CC(C2)C4
CHEMBL1518735,COMT,Not Active,N=1C=CC=C2C(=CC=C(C12)O)COC
CHEMBL241898,COMT,Not Active,C1=C(C2=CC=CN=C2C(O)=C1N(=O)=O)N(=O)=O
CHEMBL1788402,COMT,Active,S(C=1C=2C(C(O)=C(C1)I)=NC=CC2)(=O)(=O)O
CHEMBL1470712,COMT,Not Active,C=1C=C(C=2C(C1CO)=CC=CN2)O
CHEMBL223448,COMT,Active,C=1(C=C(C=2C(C1O)=NC=CC2)Br)Br
CHEMBL353983,COMT,Not Active,C1(S(=O)(=O)C)=C(C(O)=CC(=C1)C=O)O
CHEMBL2092997,COMT,Not Active,N1([C@H]2[C@@H]([C@H](O)[C@@H](O2)CSCCC(C(O)=O)N)O)C3=C(C(N)=NC=N3)N=C1
CHEMBL166908,COMT,Active,C1(C(F)(F)F)=C(C(O)=CC(=C1)C=O)O
CHEMBL609827,COMT,Not Active,N1(C2[C@@H]([C@H](O)[C@H](O2)CSCCC(C(O)=O)N)O)N=NC3=C1N=CN=C3N
CHEMBL3246547,COMT,Not Active,N=1C=NC2=C(C1N)N=NN2[C@@H]3O[C@@H]([C@H]([C@H]3O)O)CSCC[C@@H](N)C(=O)O
