"chemblId","target__name","reference","bioactivity__type","assay__description","Activity_value","Smiles"
"CHEMBL1557","Dopamine D5 receptor","J. Med. Chem., (2014) 57:2:391","Ki","Displacement of [3H]SCH23390 from human dopamine D5 receptor transfected in HEK293 cells after 2 hrs by scintillation counting analysis",1023.29,"NCCc1ccc(O)c(O)c1"
"CHEMBL1398","Dopamine D5 receptor","J. Med. Chem., (2006) 49:2:760","Ki","Inhibition of binding to human D5 receptor expressed in HEK 293 cells by functional calcium assay",10000.0,"O=C1OCCC1c1ccccc1"
"CHEMBL2030634","Dopamine D5 receptor","Bioorg. Med. Chem. Lett., (2012) 22:12:4059","Ki","Inhibition of D5 dopamine receptor",10000.0,"C1CCC(CN2CCCC2)CC1"
"CHEMBL2436555","Dopamine D5 receptor","Bioorg. Med. Chem. Lett., (2013) 23:21:5945","Ki","Displacement of [3H]SCH23390 from human recombinant dopamine D5 receptor expressed in HEK cells after 90 mins by scintillation counting analysis",10000.0,"NC1=Nc2ccc(Cl)cc2CN1"
"CHEMBL380124","Dopamine D5 receptor","J. Med. Chem., (2006) 49:2:760","Ki","Inhibition of binding to human D5 receptor expressed in HEK 293 cells by functional calcium assay",10000.0,"O=C1CC(c2ccccc2)CO1"
"CHEMBL201086","Dopamine D5 receptor","J. Med. Chem., (2006) 49:2:760","Ki","Inhibition of binding to human D5 receptor expressed in HEK 293 cells by functional calcium assay",10000.0,"O=C1OCCCC1c1ccccc1"
"CHEMBL30713","Dopamine D5 receptor","Bioorg. Med. Chem. Lett., (2013) 23:11:3411","Ki","Displacement of [3H]SCH233930 from human recombinant dopamine D5 receptor expressed in HEK293 cells after 1 to 1.5 hrs by scintillation counting analysis",10000.0,"CC(N)Cc1c[nH]c2ccccc12"
"CHEMBL381102","Dopamine D5 receptor","J. Med. Chem., (2006) 49:2:760","Ki","Inhibition of binding to human D5 receptor expressed in HEK 293 cells by functional calcium assay",10000.0,"O=C1CCCC(c2ccccc2)O1"
"CHEMBL1794855","Dopamine D5 receptor","Bioorg. Med. Chem. Lett., (2004) 14:14:3651","Ki","Affinity towards human dopamine receptor D5",10000.0,"CCN(C)C1CCCc2ccncc21"
"CHEMBL201444","Dopamine D5 receptor","J. Med. Chem., (2006) 49:2:760","Ki","Inhibition of binding to human D5 receptor expressed in HEK 293 cells by functional calcium assay",10000.0,"CCOC(=O)C(CBr)c1ccccc1"
"CHEMBL432579","Dopamine D5 receptor","Bioorg. Med. Chem. Lett., (2003) 13:17:2921","Ki","Binding affinity towards cloned human Dopamine receptor D5 was determined",10000.0,"Cc1sc(C)c2c1CCCc1c[nH]nc1-2"
"CHEMBL201575","Dopamine D5 receptor","J. Med. Chem., (2006) 49:2:760","Ki","Inhibition of binding to human D5 receptor expressed in HEK 293 cells by functional calcium assay",10000.0,"CCOC(=O)C(CCCBr)c1ccccc1"
"CHEMBL440390","Dopamine D5 receptor","J. Med. Chem., (2006) 49:2:760","Ki","Inhibition of binding to human D5 receptor expressed in HEK 293 cells by functional calcium assay",10000.0,"CCOC(=O)CCCC(Br)c1ccccc1"
"CHEMBL1672288","Dopamine D5 receptor","J. Med. Chem., (2011) 54:3:901","Ki","Binding affinity to dopamine D5 receptor",10000.0,"N#Cc1cc(F)cc(C#Cc2csc(F)n2)c1"
"CHEMBL345349","Dopamine D5 receptor","J. Med. Chem., (2006) 49:2:760","Ki","Inhibition of binding to human D5 receptor expressed in HEK 293 cells by functional calcium assay",10000.0,"c1ccc2c3c([nH]c2c1)C1CCCCN1CC3"
"CHEMBL379673","Dopamine D5 receptor","J. Med. Chem., (2006) 49:2:760","Ki","Inhibition of binding to human D5 receptor expressed in HEK 293 cells by functional calcium assay",10000.0,"CN1CCCCc2[nH]c3ccccc3c2CC1"
"CHEMBL50498","Dopamine D5 receptor","Bioorg. Med. Chem., (2011) 19:19:5756","Ki","Displacement of [3H]SCH233930 from dopamine D5 receptor after 1.5 hrs by scintillation counting",10000.0,"Nc1nccc(-c2c[nH]c3cccc(O)c23)n1"
"CHEMBL1829958","Dopamine D5 receptor","Bioorg. Med. Chem., (2011) 19:19:5756","Ki","Displacement of [3H]SCH233930 from dopamine D5 receptor after 1.5 hrs by scintillation counting",10000.0,"Nc1nc(Br)ncc1-c1c[nH]c2cccc(O)c12"
"CHEMBL1829959","Dopamine D5 receptor","Bioorg. Med. Chem., (2011) 19:19:5756","Ki","Displacement of [3H]SCH233930 from dopamine D5 receptor after 1.5 hrs by scintillation counting",10000.0,"COc1cccc2[nH]cc(-c3ccnc(N)n3)c12"
"CHEMBL1829961","Dopamine D5 receptor","Bioorg. Med. Chem., (2011) 19:19:5756","Ki","Displacement of [3H]SCH233930 from dopamine D5 receptor after 1.5 hrs by scintillation counting",10000.0,"Nc1nc(Cl)ncc1-c1c[nH]c2cccc(O)c12"
"CHEMBL201093","Dopamine D5 receptor","J. Med. Chem., (2006) 49:2:760","Ki","Inhibition of binding to human D5 receptor expressed in HEK 293 cells by radioligand binding assay",79.1,"CN1CCc2ccccc2Cc2ccsc2CC1"
"CHEMBL201561","Dopamine D5 receptor","J. Med. Chem., (2006) 49:2:760","Ki","Inhibition of binding to human D5 receptor expressed in HEK 293 cells by functional calcium assay",10000.0,"CN1CCCCCc2[nH]c3ccccc3c2CC1"
"CHEMBL229429","Dopamine D5 receptor","J. Med. Chem., (2007) 50:14:3256","Ki","Displacement of radiolabeled SKF-38393 from dopamine D5 receptor",10000.0,"N#Cc1cc(F)cc(C#Cc2csc(CF)n2)c1"
"CHEMBL2420769","Dopamine D5 receptor","Bioorg. Med. Chem. Lett., (2013) 23:18:5077","Ki","Binding affinity to human dopamine D5 receptor by radioligand binding assay",10000.0,"c1ccc(N2CCN(Cc3cccs3)CC2)cc1"
"CHEMBL554303","Dopamine D5 receptor","J. Med. Chem., (2005) 48:7:2646","Ki","Inhibitory constant for [3H]SCH-23390 binding to Dopamine receptor D1-like of porcine striatal membranes",8300.0,"N[C@@H]1Cc2cc(O)c(F)cc2[C@H]1c1ccccc1"
"CHEMBL557171","Dopamine D5 receptor","J. Med. Chem., (2005) 48:7:2646","Ki","Inhibitory constant for [3H]SCH-23390 binding to Dopamine receptor D1-like of porcine striatal membranes",9600.0,"N[C@@H]1Cc2cc(F)c(O)cc2[C@H]1c1ccccc1"
"CHEMBL186720","Dopamine D5 receptor","J. Med. Chem., (2004) 47:17:4155","Ki","Binding affinity for human recombinant dopamine receptor D5",414.0,"CN(C)CCOc1ccccc1Cc1ccccc1"
"CHEMBL201483","Dopamine D5 receptor","J. Med. Chem., (2006) 49:2:760","Ki","Inhibition of binding to human D5 receptor expressed in HEK 293 cells by radioligand binding assay",361.0,"CN1CCc2ccccc2Cc2ccn(C)c2CC1"
"CHEMBL201525","Dopamine D5 receptor","J. Med. Chem., (2006) 49:2:760","Ki","Inhibition of binding to human D5 receptor expressed in HEK 293 cells by radioligand binding assay",11.2,"CN1CCc2ccccc2Cc2ccccc2CC1"
"CHEMBL24077","Dopamine D5 receptor","Bioorg. Med. Chem. Lett., (2014) 24:2:576","Ki","Displacement of [3H]SCH23390 from dopamine D5 receptor (unknown origin)",247.0,"Oc1cc2c(cc1O)[C@@H](c1ccccc1)CNCC2"
"CHEMBL2420770","Dopamine D5 receptor","Bioorg. Med. Chem. Lett., (2013) 23:18:5077","Ki","Binding affinity to human dopamine D5 receptor by radioligand binding assay",10000.0,"Fc1ccccc1N1CCN(Cc2cccs2)CC1"
"CHEMBL2420771","Dopamine D5 receptor","Bioorg. Med. Chem. Lett., (2013) 23:18:5077","Ki","Binding affinity to human dopamine D5 receptor by radioligand binding assay",10000.0,"Clc1ccccc1N1CCN(Cc2cccs2)CC1"
"CHEMBL2420774","Dopamine D5 receptor","Bioorg. Med. Chem. Lett., (2013) 23:18:5077","Ki","Binding affinity to human dopamine D5 receptor by radioligand binding assay",10000.0,"Oc1ccccc1N1CCN(Cc2cccs2)CC1"
"CHEMBL2420775","Dopamine D5 receptor","Bioorg. Med. Chem. Lett., (2013) 23:18:5077","Ki","Binding affinity to human dopamine D5 receptor by radioligand binding assay",2059.0,"Fc1ccc(N2CCN(Cc3cccs3)CC2)cc1"
"CHEMBL2420776","Dopamine D5 receptor","Bioorg. Med. Chem. Lett., (2013) 23:18:5077","Ki","Binding affinity to human dopamine D5 receptor by radioligand binding assay",3523.0,"Clc1ccc(N2CCN(Cc3cccs3)CC2)cc1"
"CHEMBL2420778","Dopamine D5 receptor","Bioorg. Med. Chem. Lett., (2013) 23:18:5077","Ki","Binding affinity to human dopamine D5 receptor by radioligand binding assay",10000.0,"Oc1ccc(N2CCN(Cc3cccs3)CC2)cc1"
"CHEMBL286080","Dopamine D5 receptor","Bioorg. Med. Chem., (2011) 19:19:5756","Ki","Displacement of [3H]SCH233930 from dopamine D5 receptor after 1.5 hrs by scintillation counting",124.0,"Oc1cc2c(cc1O)C(c1ccccc1)CNCC2"
"CHEMBL3115585","Dopamine D5 receptor","J. Med. Chem., (2014) 57:2:391","Ki","Displacement of [3H]SCH23390 from human dopamine D5 receptor transfected in HEK293 cells after 2 hrs by scintillation counting analysis",2754.23,"CCCCCCNC[C@H]1CCc2ccc(O)cc2O1"
"CHEMBL535374","Dopamine D5 receptor","J. Med. Chem., (2005) 48:7:2646","Ki","Inhibitory constant for [3H]SCH-23390 binding to Dopamine receptor D1-like of porcine striatal membranes",9600.0,"CN[C@@H]1Cc2cc(F)c(O)cc2[C@H]1c1ccccc1"
"CHEMBL556194","Dopamine D5 receptor","J. Med. Chem., (2005) 48:7:2646","Ki","Inhibitory constant for [3H]SCH-23390 binding to Dopamine receptor D1-like of porcine striatal membranes",16000.0,"COc1cc2c(cc1F)[C@@H](c1ccccc1)[C@H](N)C2"
"CHEMBL557582","Dopamine D5 receptor","J. Med. Chem., (2005) 48:7:2646","Ki","Inhibitory constant for [3H]SCH-23390 binding to Dopamine receptor D1-like of porcine striatal membranes",7200.0,"CN[C@@H]1Cc2cc(O)c(F)cc2[C@H]1c1ccccc1"
"CHEMBL557781","Dopamine D5 receptor","J. Med. Chem., (2005) 48:7:2646","Ki","Inhibitory constant for [3H]SCH-23390 binding to Dopamine receptor D1-like of porcine striatal membranes",19000.0,"COc1cc2c(cc1F)C[C@@H](N)[C@@H]2c1ccccc1"
"CHEMBL589","Dopamine D5 receptor","MedChemComm, (2014) 5:7:891","Ki","Binding affinity to human dopamine D5 receptor",41211.0,"CCCN(CCC)CCc1cccc2c1CC(=O)N2"
"CHEMBL593626","Dopamine D5 receptor","Bioorg. Med. Chem., (2009) 17:19:6898","Ki","Displacement of [3H]SCH23390 from human dopamine D5 receptor expressed in CHO cells by scintillation counting",10000.0,"Oc1ccc2c(c1)CCN1CCc3ccccc3C21"
"CHEMBL593897","Dopamine D5 receptor","Bioorg. Med. Chem., (2009) 17:19:6898","Ki","Displacement of [3H]SCH23390 from human dopamine D5 receptor expressed in CHO cells by scintillation counting",41.1,"Oc1ccc2c(c1)CCN1Cc3ccccc3CC21"
"CHEMBL1077189","Dopamine D5 receptor","J. Med. Chem., (2010) 53:6:2646","Ki","Displacement of [3H]radioligand from human recombinant dopamine D5 receptor expressed in HEK293 cells by microplate scintillation counting",10000.0,"c1ccc2c(c1)CCN1Cc3cccc4[nH]cc(c34)C21"
"CHEMBL201170","Dopamine D5 receptor","J. Med. Chem., (2007) 50:18:4528","Ki","Displacement of [3H]SCH 23390 from human dopamine D5 receptor expressed in HEK293 cells",1.5,"CN1CCc2ccccc2Cc2ccc(O)cc2CC1"
"CHEMBL134807","Dopamine D5 receptor","J. Med. Chem., (2014) 57:2:391","Ki","Displacement of [3H]SCH23390 from human dopamine D5 receptor transfected in HEK293 cells after 2 hrs by scintillation counting analysis",3715.35,"Oc1ccc2c(c1)O[C@@H](CNCc1ccccc1)CC2"
"CHEMBL1814790","Dopamine D5 receptor","Unspecified","Ki","Binding affinity to human dopamine D5 receptor by radioligand displacement assay",0.17,"CN1CCc2cc(Cl)c(O)cc2[C@@H](c2ccccc2)C1"
"CHEMBL201142","Dopamine D5 receptor","J. Med. Chem., (2006) 49:2:760","Ki","Inhibition of binding to human D5 receptor expressed in HEK 293 cells by functional calcium assay",10000.0,"C=CCN1CCc2ccccc2Cc2ccsc2CC1"
"CHEMBL201739","Dopamine D5 receptor","J. Med. Chem., (2006) 49:2:760","Ki","Inhibition of binding to human D5 receptor expressed in HEK 293 cells by functional calcium assay",10000.0,"c1ccc2c(c1)CN1CCc3c([nH]c4ccccc34)C21"
"CHEMBL203689","Dopamine D5 receptor","J. Med. Chem., (2006) 49:6:2110","Ki","Inhibition of D5 dopamine receptor in HEK 293 cells by intracellular calcium assay",10.4,"CN1CCc2ccccc2Cc2c(O)cccc2CC1"
"CHEMBL217299","Dopamine D5 receptor","J. Med. Chem., (2006) 49:23:6848","Ki","Binding affinity to human cloned dopamine D5 receptor",7.0,"Oc1cc2c(cc1O)C1c3ccccc3CNC1CO2"
"CHEMBL2391541","Dopamine D5 receptor","Bioorg. Med. Chem. Lett., (2013) 23:11:3411","Ki","Displacement of [3H]SCH233930 from human recombinant dopamine D5 receptor expressed in HEK293 cells after 1 to 1.5 hrs by scintillation counting analysis",10000.0,"C=CCN(CC=C)CCc1c[nH]c2ccc(OC)cc12"
"CHEMBL2420772","Dopamine D5 receptor","Bioorg. Med. Chem. Lett., (2013) 23:18:5077","Ki","Binding affinity to human dopamine D5 receptor by radioligand binding assay",1743.0,"Clc1cccc(N2CCN(Cc3cccs3)CC2)c1Cl"
"CHEMBL2420777","Dopamine D5 receptor","Bioorg. Med. Chem. Lett., (2013) 23:18:5077","Ki","Binding affinity to human dopamine D5 receptor by radioligand binding assay",1534.0,"Clc1ccc(N2CCN(Cc3cccs3)CC2)cc1Cl"
"CHEMBL382010","Dopamine D5 receptor","J. Med. Chem., (2006) 49:6:2110","Ki","Inhibition of D5 dopamine receptor in HEK 293 cells by intracellular calcium assay",37.5,"CN1CCc2ccccc2Cc2cc(O)ccc2CC1"
"CHEMBL396950","Dopamine D5 receptor","J. Med. Chem., (2007) 50:18:4528","Ki","Displacement of [3H]SCH 23390 from human dopamine D5 receptor expressed in HEK293 cells",314.0,"Oc1ccc2c(c1)CCCNCCc1ccccc1C2"
"CHEMBL534478","Dopamine D5 receptor","J. Med. Chem., (2005) 48:7:2646","Ki","Inhibitory constant for [3H]SCH-23390 binding to Dopamine receptor D1-like of porcine striatal membranes",7700.0,"CN(C)[C@@H]1Cc2cc(F)c(O)cc2[C@H]1c1ccccc1"
"CHEMBL553690","Dopamine D5 receptor","J. Med. Chem., (2005) 48:7:2646","Ki","Inhibitory constant for [3H]SCH-23390 binding to Dopamine receptor D1-like of porcine striatal membranes",5900.0,"CN(C)[C@@H]1Cc2cc(O)c(F)cc2[C@H]1c1ccccc1"
"CHEMBL557782","Dopamine D5 receptor","J. Med. Chem., (2005) 48:7:2646","Ki","Inhibitory constant for [3H]SCH-23390 binding to Dopamine receptor D1-like of porcine striatal membranes",19000.0,"CN[C@@H]1Cc2cc(F)c(OC)cc2[C@H]1c1ccccc1"
"CHEMBL558364","Dopamine D5 receptor","J. Med. Chem., (2005) 48:7:2646","Ki","Inhibitory constant for [3H]SCH-23390 binding to Dopamine receptor D1-like of porcine striatal membranes",71000.0,"CN[C@@H]1Cc2cc(OC)c(F)cc2[C@H]1c1ccccc1"
"CHEMBL593395","Dopamine D5 receptor","Bioorg. Med. Chem., (2009) 17:19:6898","Ki","Displacement of [3H]SCH23390 from human dopamine D5 receptor expressed in CHO cells by scintillation counting",10000.0,"COc1ccc2c(c1)CCN1CCc3ccccc3C21"
"CHEMBL594557","Dopamine D5 receptor","Bioorg. Med. Chem., (2009) 17:19:6898","Ki","Displacement of [3H]SCH23390 from human dopamine D5 receptor expressed in CHO cells by scintillation counting",10000.0,"COc1ccc2c(c1)CCCN1Cc3ccccc3C21"
"CHEMBL594798","Dopamine D5 receptor","Bioorg. Med. Chem., (2009) 17:19:6898","Ki","Displacement of [3H]SCH23390 from human dopamine D5 receptor expressed in CHO cells by scintillation counting",10000.0,"Cc1ccccc1CC1c2ccc(O)cc2CCN1C"
"CHEMBL595720","Dopamine D5 receptor","Bioorg. Med. Chem., (2009) 17:19:6898","Ki","Displacement of [3H]SCH23390 from human dopamine D5 receptor expressed in CHO cells by scintillation counting",10000.0,"CN1CCc2cc(O)ccc2CCc2ccccc2C1"
"CHEMBL596179","Dopamine D5 receptor","Bioorg. Med. Chem., (2009) 17:19:6898","Ki","Displacement of [3H]SCH23390 from human dopamine D5 receptor expressed in CHO cells by scintillation counting",1810.0,"CN1CCCc2cc(O)ccc2Cc2ccccc2C1"
"CHEMBL596448","Dopamine D5 receptor","Bioorg. Med. Chem., (2009) 17:19:6898","Ki","Displacement of [3H]SCH23390 from human dopamine D5 receptor expressed in CHO cells by scintillation counting",185.0,"COc1ccc2c(c1)CCN1Cc3ccccc3CC21"
"CHEMBL1086789","Dopamine D5 receptor","J. Med. Chem., (2010) 53:6:2646","Ki","Displacement of [3H]radioligand from human recombinant dopamine D5 receptor expressed in HEK293 cells by microplate scintillation counting",10000.0,"c1ccc2c(c1)CCN1CCc3[nH]c4ccccc4c3C21"
"CHEMBL1086790","Dopamine D5 receptor","J. Med. Chem., (2010) 53:6:2646","Ki","Displacement of [3H]radioligand from human recombinant dopamine D5 receptor expressed in HEK293 cells by microplate scintillation counting",1525.0,"c1ccc2c(c1)CCN1CCc3cccc4[nH]cc(c34)C21"
"CHEMBL1088073","Dopamine D5 receptor","J. Med. Chem., (2010) 53:6:2646","Ki","Displacement of [3H]radioligand from human recombinant dopamine D5 receptor expressed in HEK293 cells by microplate scintillation counting",10000.0,"CN1CCc2ccccc2Cc2c[nH]c3cccc(c23)C1"
"CHEMBL1202298","Dopamine D5 receptor","J. Med. Chem., (2006) 49:2:760","Ki","Inhibition of binding to human D5 receptor expressed in HEK 293 cells by radioligand binding assay",1078.0,"CN1CCc2ccccc2Cc2cc(O)c(O)cc2CC1"
"CHEMBL1643901","Dopamine D5 receptor","Bioorg. Med. Chem., (2013) 21:19:6038","Ki","Inhibition of dopamine D5 receptor (unknown origin) by PDSP assay",10000.0,"CN(Cc1cccc(F)c1)[C@H]1C2C3CC4C5C3CC2C5C41"
"CHEMBL184050","Dopamine D5 receptor","J. Med. Chem., (2004) 47:17:4155","Ki","Binding affinity for human recombinant dopamine receptor D5",0.57,"CN1CCOc2cc(O)ccc2Cc2ccccc2CC1"
"CHEMBL203047","Dopamine D5 receptor","J. Med. Chem., (2006) 49:6:2110","Ki","Inhibition of D5 dopamine receptor in HEK 293 cells by intracellular calcium assay",3.1,"CN1CCc2ccccc2Cc2cc(O)c(Cl)cc2CC1"
"CHEMBL203637","Dopamine D5 receptor","J. Med. Chem., (2006) 49:6:2110","Ki","Inhibition of D5 dopamine receptor in HEK 293 cells by intracellular calcium assay",0.053,"CN1CCc2ccccc2Cc2ccc(O)c(Cl)c2CC1"
"CHEMBL204098","Dopamine D5 receptor","J. Med. Chem., (2006) 49:6:2110","Ki","Inhibition of D5 dopamine receptor in HEK 293 cells by intracellular calcium assay",39.5,"CN1CCc2ccccc2Cc2cc(N)c(O)cc2CC1"
"CHEMBL21731","Dopamine D5 receptor","Bioorg. Med. Chem. Lett., (2009) 19:2:538","Ki","Displacement of [3H]SCH23390 from human dopamine D5 receptor expressed in HEK cells",429.0,"CNCCCC12CCC(c3ccccc31)c1ccccc12"
"CHEMBL231070","Dopamine D5 receptor","J. Med. Chem., (2007) 50:18:4528","Ki","Displacement of [3H]SCH 23390 from human dopamine D5 receptor expressed in HEK293 cells",9.8,"CN1CCCc2ccccc2Cc2ccc(O)cc2CC1"
"CHEMBL2420773","Dopamine D5 receptor","Bioorg. Med. Chem. Lett., (2013) 23:18:5077","Ki","Binding affinity to human dopamine D5 receptor by radioligand binding assay",10000.0,"CCOc1ccccc1N1CCN(Cc2cccs2)CC1"
"CHEMBL2420780","Dopamine D5 receptor","Bioorg. Med. Chem. Lett., (2013) 23:18:5077","Ki","Binding affinity to human dopamine D5 receptor by radioligand binding assay",10000.0,"Clc1cccc(N2CCN(Cc3cccnc3)CC2)c1Cl"
"CHEMBL2420893","Dopamine D5 receptor","Bioorg. Med. Chem. Lett., (2013) 23:18:5077","Ki","Binding affinity to human dopamine D5 receptor by radioligand binding assay",10000.0,"Clc1cccc(N2CCN(Cc3ccccc3)CC2)c1Cl"
"CHEMBL2432043","Dopamine D5 receptor","Bioorg. Med. Chem., (2013) 21:19:6038","Ki","Inhibition of dopamine D5 receptor (unknown origin) by PDSP assay",10000.0,"CN(Cc1cccnc1)[C@H]1C2C3CC4C2C(=O)C2C4C3C21"
"CHEMBL3115574","Dopamine D5 receptor","J. Med. Chem., (2014) 57:2:391","Ki","Displacement of [3H]SCH23390 from human dopamine D5 receptor transfected in HEK293 cells after 2 hrs by scintillation counting analysis",3548.13,"Oc1ccc2c(c1)O[C@@H](CNCc1ccc(I)cc1)CC2"
"CHEMBL3115575","Dopamine D5 receptor","J. Med. Chem., (2014) 57:2:391","Ki","Displacement of [3H]SCH23390 from human dopamine D5 receptor transfected in HEK293 cells after 2 hrs by scintillation counting analysis",4570.88,"Oc1ccc2c(c1)O[C@@H](CNCc1cccc(I)c1)CC2"
"CHEMBL379662","Dopamine D5 receptor","J. Med. Chem., (2006) 49:6:2110","Ki","Inhibition of D5 dopamine receptor in HEK 293 cells by intracellular calcium assay",54.6,"COc1cccc2c1Cc1ccccc1CCN(C)CC2"
"CHEMBL380330","Dopamine D5 receptor","J. Med. Chem., (2007) 50:18:4528","Ki","Displacement of [3H]SCH 23390 from human dopamine D5 receptor expressed in HEK293 cells",54.0,"COc1ccc2c(c1)CCN(C)CCc1ccccc1C2"
"CHEMBL380464","Dopamine D5 receptor","J. Med. Chem., (2006) 49:6:2110","Ki","Inhibition of D5 dopamine receptor in HEK 293 cells by intracellular calcium assay",1.6,"CN1CCc2ccccc2Cc2c(ccc(O)c2Cl)CC1"
"CHEMBL381936","Dopamine D5 receptor","J. Med. Chem., (2006) 49:6:2110","Ki","Inhibition of D5 dopamine receptor in HEK 293 cells by intracellular calcium assay",0.54,"CN1CCc2cc(O)ccc2Cc2ccc(O)cc2CC1"
"CHEMBL381946","Dopamine D5 receptor","J. Med. Chem., (2006) 49:6:2110","Ki","Inhibition of D5 dopamine receptor in HEK 293 cells by intracellular calcium assay",1050.0,"COc1ccc2c(c1)Cc1ccccc1CCN(C)CC2"
"CHEMBL389356","Dopamine D5 receptor","J. Med. Chem., (2007) 50:18:4528","Ki","Displacement of [3H]SCH 23390 from human dopamine D5 receptor expressed in HEK293 cells",17.0,"CN1CCCc2cc(O)ccc2Cc2ccccc2CC1"
"CHEMBL394779","Dopamine D5 receptor","J. Med. Chem., (2007) 50:18:4528","Ki","Displacement of [3H]SCH 23390 from human dopamine D5 receptor expressed in HEK293 cells",69.0,"CN1CCCc2ccccc2Cc2cc(O)ccc2CC1"
"CHEMBL435505","Dopamine D5 receptor","J. Med. Chem., (2004) 47:17:4155","Ki","Binding affinity for human recombinant dopamine receptor D5",951.0,"c1ccc(Cc2ccccc2OCCN2CCCC2)cc1"
"CHEMBL437888","Dopamine D5 receptor","J. Med. Chem., (2006) 49:2:760","Ki","Inhibition of binding to human D5 receptor expressed in HEK 293 cells by functional calcium assay",10000.0,"c1ccc2c3c([nH]c2c1)CCCCCN(CC1CC1)CC3"
"CHEMBL540867","Dopamine D5 receptor","J. Med. Chem., (2005) 48:7:2646","Ki","Inhibitory constant for [3H]SCH-23390 binding to Dopamine receptor D1-like of porcine striatal membranes",16000.0,"COc1cc2c(cc1F)C[C@@H](N(C)C)[C@@H]2c1ccccc1"
"CHEMBL558040","Dopamine D5 receptor","J. Med. Chem., (2005) 48:7:2646","Ki","Inhibitory constant for [3H]SCH-23390 binding to Dopamine receptor D1-like of porcine striatal membranes",7600.0,"COc1cc2c(cc1F)[C@@H](c1ccccc1)[C@H](N(C)C)C2"
"CHEMBL593394","Dopamine D5 receptor","Bioorg. Med. Chem., (2009) 17:19:6898","Ki","Displacement of [3H]SCH23390 from human dopamine D5 receptor expressed in CHO cells by scintillation counting",1508.0,"COc1ccc2c(c1)CCN(C)Cc1ccccc1CC2"
"CHEMBL594127","Dopamine D5 receptor","Bioorg. Med. Chem., (2009) 17:19:6898","Ki","Displacement of [3H]SCH23390 from human dopamine D5 receptor expressed in CHO cells by scintillation counting",10000.0,"COc1ccc2c(c1)CCN(C)C2Cc1ccccc1C"
"CHEMBL594789","Dopamine D5 receptor","Bioorg. Med. Chem., (2009) 17:19:6898","Ki","Displacement of [3H]SCH23390 from human dopamine D5 receptor expressed in CHO cells by scintillation counting",10000.0,"COc1ccc2c(c1)CCCN(C)Cc1ccccc1C2"
"CHEMBL594799","Dopamine D5 receptor","Bioorg. Med. Chem., (2009) 17:19:6898","Ki","Displacement of [3H]SCH23390 from human dopamine D5 receptor expressed in CHO cells by scintillation counting",10000.0,"CCc1cc(OC)ccc1C1Cc2ccccc2CN1C"
"CHEMBL629","Dopamine D5 receptor","Bioorg. Med. Chem. Lett., (2009) 19:2:538","Ki","Displacement of [3H]SCH23390 from human dopamine D5 receptor expressed in HEK cells",170.0,"CN(C)CCC=C1c2ccccc2CCc2ccccc21"
"CHEMBL71","Dopamine D5 receptor","Bioorg. Med. Chem. Lett., (2009) 19:2:538","Ki","Displacement of [3H]SCH23390 from human dopamine D5 receptor expressed in HEK cells",172.0,"CN(C)CCCN1c2ccccc2Sc2ccc(Cl)cc21"
"CHEMBL908","Dopamine D5 receptor","Bioorg. Med. Chem. Lett., (2009) 19:2:538","Ki","Displacement of [3H]SCH23390 from human dopamine D5 receptor expressed in HEK cells",9.0,"CN(C)CC/C=C1/c2ccccc2Sc2ccc(Cl)cc21"
"CHEMBL1087300","Dopamine D5 receptor","J. Med. Chem., (2010) 53:6:2646","Ki","Displacement of [3H]radioligand from human recombinant dopamine D5 receptor expressed in HEK293 cells by microplate scintillation counting",2.5,"CN1CCc2ccccc2Cc2c[nH]c3cccc(c23)CC1"
"CHEMBL1087301","Dopamine D5 receptor","J. Med. Chem., (2010) 53:6:2646","Ki","Displacement of [3H]radioligand from human recombinant dopamine D5 receptor expressed in HEK293 cells by microplate scintillation counting",10.3,"CN1CCc2ccccc2Cc2c([nH]c3ccccc23)CC1"
"CHEMBL1224527","Dopamine D5 receptor","Bioorg. Med. Chem., (2010) 18:18:6763","Ki","Binding affinity to dopamine D5 receptor",2800.0,"Oc1ccc2c(c1O)C[C@@H](c1ccccc1)[C@@H]1CCNC[C@@H]21"
"CHEMBL184049","Dopamine D5 receptor","J. Med. Chem., (2004) 47:17:4155","Ki","Binding affinity for human recombinant dopamine receptor D5",1.8,"COc1ccc2c(c1)OCCN(C)CCc1ccccc1C2"
"CHEMBL187367","Dopamine D5 receptor","J. Med. Chem., (2004) 47:17:4155","Ki","Binding affinity for human recombinant dopamine receptor D5",113.0,"c1ccc(Cc2ccccc2OCCCN2CCCC2)cc1"
"CHEMBL201288","Dopamine D5 receptor","J. Med. Chem., (2006) 49:2:760","Ki","Inhibition of binding to human D5 receptor expressed in HEK 293 cells by functional calcium assay",10000.0,"CCN1CCc2c([nH]c3ccccc23)Cc2ccccc2C1"
"CHEMBL201393","Dopamine D5 receptor","J. Med. Chem., (2006) 49:2:760","Ki","Inhibition of binding to human D5 receptor expressed in HEK 293 cells by functional calcium assay",10000.0,"c1ccc(C2CCN3CCc4c([nH]c5ccccc45)C23)cc1"
"CHEMBL201748","Dopamine D5 receptor","J. Med. Chem., (2006) 49:2:760","Ki","Inhibition of binding to human D5 receptor expressed in HEK 293 cells by functional calcium assay",10000.0,"c1ccc(C2CC3c4[nH]c5ccccc5c4CCN3C2)cc1"
"CHEMBL231374","Dopamine D5 receptor","J. Med. Chem., (2007) 50:18:4528","Ki","Displacement of [3H]SCH 23390 from human dopamine D5 receptor expressed in HEK293 cells",75.0,"COc1ccc2c(c1)Cc1ccccc1CCCN(C)CC2"
"CHEMBL2420779","Dopamine D5 receptor","Bioorg. Med. Chem. Lett., (2013) 23:18:5077","Ki","Binding affinity to human dopamine D5 receptor by radioligand binding assay",10000.0,"CCOc1ccccc1N1CCN(Cc2cccnc2)CC1"
"CHEMBL2420892","Dopamine D5 receptor","Bioorg. Med. Chem. Lett., (2013) 23:18:5077","Ki","Binding affinity to human dopamine D5 receptor by radioligand binding assay",10000.0,"CCOc1ccccc1N1CCN(Cc2ccccc2)CC1"
"CHEMBL2429890","Dopamine D5 receptor","Bioorg. Med. Chem., (2013) 21:19:6038","Ki","Inhibition of dopamine D5 receptor (unknown origin) by PDSP assay",10000.0,"c1cc2c(cc1CN[C@H]1C3C4CC5C6C4CC3C6C51)OCO2"
"CHEMBL276778","Dopamine D5 receptor","J. Med. Chem., (2007) 50:18:4528","Ki","Displacement of [3H]SCH 23390 from human dopamine D5 receptor expressed in HEK293 cells",4.6,"COc1ccc2c(c1)CCN(C)CCCc1ccccc1C2"
"CHEMBL298406","Dopamine D5 receptor","Bioorg. Med. Chem. Lett., (2010) 20:3:836","Ki","Binding affinity to dopamine D5 receptor",2.0,"CN1CCc2cc(Cl)c(O)cc2[C@H]2c3ccccc3CC[C@@H]21"
"CHEMBL3104091","Dopamine D5 receptor","Bioorg. Med. Chem. Lett., (2014) 24:2:576","Ki","Displacement of [3H]SCH23390 from dopamine D5 receptor (unknown origin)",575.44,"CN1CCc2c(c3cccc4c3n2-c2ccccc2CC4)C1"
"CHEMBL3104092","Dopamine D5 receptor","Bioorg. Med. Chem. Lett., (2014) 24:2:576","Ki","Displacement of [3H]SCH23390 from dopamine D5 receptor (unknown origin)",10000.0,"CN1CCc2c(c3cccc4c3n2Cc2ccccc2C4)C1"
"CHEMBL3104093","Dopamine D5 receptor","Bioorg. Med. Chem. Lett., (2014) 24:2:576","Ki","Displacement of [3H]SCH23390 from dopamine D5 receptor (unknown origin)",10000.0,"CN1CCc2c(c3cccc4c3n2CCc2ccccc2-4)C1"
"CHEMBL3217984","Dopamine D5 receptor","MedChemComm, (2012) 3:5:580","Ki","Binding affinity to dopamine D5 receptor (unknown origin) by PDSP assay",199.53,"CN1CCC2C(C1)c1cccc3c1N2c1ccccc1CS3"
"CHEMBL364565","Dopamine D5 receptor","J. Med. Chem., (2004) 47:17:4155","Ki","Binding affinity for human recombinant dopamine receptor D5",43.0,"c1ccc(Cc2ccccc2OCCN2CCCCC2)cc1"
"CHEMBL365697","Dopamine D5 receptor","J. Med. Chem., (2004) 47:17:4155","Ki","Binding affinity for human recombinant dopamine receptor D5",366.0,"c1ccc(Cc2ccccc2OCCN2CCOCC2)cc1"
"CHEMBL378358","Dopamine D5 receptor","J. Med. Chem., (2006) 49:2:760","Ki","Inhibition of binding to human D5 receptor expressed in HEK 293 cells by functional calcium assay",10000.0,"CN1CCc2c([nH]c3ccccc23)Cc2ccn(C)c2CC1"
"CHEMBL383102","Dopamine D5 receptor","J. Med. Chem., (2006) 49:2:760","Ki","Inhibition of binding to human D5 receptor expressed in HEK 293 cells by functional calcium assay",10000.0,"c1ccc(C2CCC3c4[nH]c5ccccc5c4CCN23)cc1"
"CHEMBL383451","Dopamine D5 receptor","J. Med. Chem., (2006) 49:6:2110","Ki","Inhibition of D5 dopamine receptor in HEK 293 cells by intracellular calcium assay",1.2,"CN1CCc2ccccc2Cc2cc(Cl)c(O)c(Cl)c2CC1"
"CHEMBL389357","Dopamine D5 receptor","J. Med. Chem., (2007) 50:18:4528","Ki","Displacement of [3H]SCH 23390 from human dopamine D5 receptor expressed in HEK293 cells",55.0,"COc1ccc2c(c1)CCCN(C)CCc1ccccc1C2"
"CHEMBL389559","Dopamine D5 receptor","J. Med. Chem., (2007) 50:18:4528","Ki","Displacement of [3H]SCH 23390 from human dopamine D5 receptor expressed in HEK293 cells",95.0,"CN1CCCc2ccccc2Cc2ccc(O)cc2CCC1"
"CHEMBL394777","Dopamine D5 receptor","J. Med. Chem., (2007) 50:18:4528","Ki","Displacement of [3H]SCH 23390 from human dopamine D5 receptor expressed in HEK293 cells",10000.0,"COc1cc2c(cc1Cl)CCN1CCCc3ccccc3C21"
"CHEMBL397180","Dopamine D5 receptor","J. Med. Chem., (2007) 50:18:4528","Ki","Displacement of [3H]SCH 23390 from human dopamine D5 receptor expressed in HEK293 cells",10000.0,"COc1ccc(CCN2CCCc3ccccc3C2)cc1Cl"
"CHEMBL441618","Dopamine D5 receptor","J. Med. Chem., (2006) 49:6:2110","Ki","Inhibition of D5 dopamine receptor in HEK 293 cells by intracellular calcium assay",12.7,"CN1CCc2ccccc2Cc2[nH]c3ccccc3c2CC1"
"CHEMBL443843","Dopamine D5 receptor","J. Med. Chem., (2007) 50:18:4528","Ki","Displacement of [3H]SCH 23390 from human dopamine D5 receptor expressed in HEK293 cells",10000.0,"COc1ccc2c(c1)CCCN1CCCc3ccccc3C21"
"CHEMBL534706","Dopamine D5 receptor","J. Med. Chem., (2005) 48:7:2646","Ki","Inhibitory constant for [3H]SCH-23390 binding to Dopamine receptor D1-like of porcine striatal membranes",9000.0,"C=CCN(C)[C@@H]1Cc2cc(O)c(F)cc2[C@H]1c1ccccc1"
"CHEMBL535823","Dopamine D5 receptor","J. Med. Chem., (2005) 48:7:2646","Ki","Inhibitory constant for [3H]SCH-23390 binding to Dopamine receptor D1-like of porcine striatal membranes",16000.0,"CCCN(C)[C@@H]1Cc2cc(F)c(O)cc2[C@H]1c1ccccc1"
"CHEMBL540613","Dopamine D5 receptor","J. Med. Chem., (2005) 48:7:2646","Ki","Inhibitory constant for [3H]SCH-23390 binding to Dopamine receptor D1-like of porcine striatal membranes",13000.0,"C=CCN(C)[C@@H]1Cc2cc(F)c(O)cc2[C@H]1c1ccccc1"
"CHEMBL540868","Dopamine D5 receptor","J. Med. Chem., (2005) 48:7:2646","Ki","Inhibitory constant for [3H]SCH-23390 binding to Dopamine receptor D1-like of porcine striatal membranes",12000.0,"CCCN(C)[C@@H]1Cc2cc(O)c(F)cc2[C@H]1c1ccccc1"
"CHEMBL610449","Dopamine D5 receptor","Bioorg. Med. Chem., (2009) 17:19:6898","Ki","Displacement of [3H]SCH23390 from human dopamine D5 receptor expressed in CHO cells by scintillation counting",10000.0,"CN1CCCc2cc3c(cc2-c2ccccc2CC1)OCO3"
"CHEMBL715","Dopamine D5 receptor","MedChemComm, (2012) 3:5:580","Ki","Binding affinity to dopamine D5 receptor (unknown origin) by PDSP assay",100.0,"Cc1cc2c(s1)Nc1ccccc1N=C2N1CCN(C)CC1"
"CHEMBL1258452","Dopamine D5 receptor","J. Med. Chem., (2010) 53:19:7035","Ki","Binding affinity to human dopamine D5 receptor",10000.0,"CCCCN1CCC(COC(=O)c2ccc(N)c(OC)c2)CC1"
"CHEMBL1940415","Dopamine D5 receptor","Bioorg. Med. Chem., (2014) 22:12:3105","Ki","Displacement of [3H]SCH23390 from human dopamine D5 receptor by PDSP assay",3812.0,"Fc1ccc(CCCCN2CCN(c3ncccn3)CC2)cc1"
"CHEMBL1940416","Dopamine D5 receptor","Bioorg. Med. Chem., (2014) 22:12:3105","Ki","Displacement of [3H]SCH23390 from human dopamine D5 receptor by PDSP assay",1370.0,"Fc1ccc(SCCCN2CCN(c3ncccn3)CC2)cc1"
"CHEMBL1940418","Dopamine D5 receptor","Bioorg. Med. Chem., (2014) 22:12:3105","Ki","Displacement of [3H]SCH23390 from human dopamine D5 receptor by PDSP assay",1451.0,"Fc1ccc(CCCCN2CCN(c3ccccn3)CC2)cc1"
"CHEMBL1940419","Dopamine D5 receptor","Bioorg. Med. Chem., (2014) 22:12:3105","Ki","Displacement of [3H]SCH23390 from human dopamine D5 receptor by PDSP assay",3223.0,"Fc1ccc(SCCCN2CCN(c3ccccn3)CC2)cc1"
"CHEMBL1940420","Dopamine D5 receptor","Bioorg. Med. Chem., (2014) 22:12:3105","Ki","Displacement of [3H]SCH23390 from human dopamine D5 receptor by PDSP assay",2392.0,"Fc1ccc(OCCCN2CCN(c3ccccn3)CC2)cc1"
"CHEMBL1949725","Dopamine D5 receptor","J. Med. Chem., (2011) 54:20:7422","Ki","Displacement of [3H]SCH23390 from human dopamine D5 receptor expressed in human HEK293 cells",4.4,"C[C@H]1Cc2c([nH]c3ccccc23)Cc2ccccc2CCN1C"
"CHEMBL1949726","Dopamine D5 receptor","J. Med. Chem., (2011) 54:20:7422","Ki","Displacement of [3H]SCH23390 from human dopamine D5 receptor expressed in human HEK293 cells",389.0,"C[C@@H]1Cc2c([nH]c3ccccc23)Cc2ccccc2CCN1C"
"CHEMBL201177","Dopamine D5 receptor","J. Med. Chem., (2006) 49:2:760","Ki","Inhibition of binding to human D5 receptor expressed in HEK 293 cells by functional calcium assay",10000.0,"CN1CCCC(c2ccccc2)c2[nH]c3ccccc3c2CC1"
"CHEMBL201241","Dopamine D5 receptor","J. Med. Chem., (2006) 49:2:760","Ki","Inhibition of binding to human D5 receptor expressed in HEK 293 cells by functional calcium assay",10000.0,"c1ccc(C2CCCN3CCc4c([nH]c5ccccc45)C23)cc1"
"CHEMBL201334","Dopamine D5 receptor","J. Med. Chem., (2006) 49:2:760","Ki","Inhibition of binding to human D5 receptor expressed in HEK 293 cells by functional calcium assay",10000.0,"CN1CCc2c([nH]c3ccccc23)CCCC1c1ccccc1"
"CHEMBL201375","Dopamine D5 receptor","J. Med. Chem., (2006) 49:2:760","Ki","Inhibition of binding to human D5 receptor expressed in HEK 293 cells by functional calcium assay",10000.0,"CN1CCc2c([nH]c3ccccc23)CCC(c2ccccc2)C1"
"CHEMBL201584","Dopamine D5 receptor","J. Med. Chem., (2006) 49:2:760","Ki","Inhibition of binding to human D5 receptor expressed in HEK 293 cells by functional calcium assay",112.0,"CN1CCc2c([nH]c3ccccc23)CC(c2ccccc2)CC1"
"CHEMBL202924","Dopamine D5 receptor","J. Med. Chem., (2006) 49:2:760","Ki","Inhibition of binding to human D5 receptor expressed in HEK 293 cells by radioligand binding assay",2610.0,"COc1cc2c(cc1OC)Cc1ccccc1CCN(C)CC2"
"CHEMBL203734","Dopamine D5 receptor","J. Med. Chem., (2006) 49:6:2110","Ki","Inhibition of D5 dopamine receptor in HEK 293 cells by intracellular calcium assay",59.0,"COc1c(Cl)cc2c(c1Cl)Cc1ccccc1CCN(C)CC2"
"CHEMBL204065","Dopamine D5 receptor","J. Med. Chem., (2006) 49:6:2110","Ki","Inhibition of D5 dopamine receptor in HEK 293 cells by intracellular calcium assay",11.5,"COc1ccc2c(c1)CCN(C)CCc1cc(OC)ccc1C2"
"CHEMBL216258","Dopamine D5 receptor","J. Med. Chem., (2006) 49:21:6408","Ki","Activity at human D5 dopamine receptor expressed in HEK293 cells by calcium fluorescence assay",2.8,"CN1CCCc2ccccc2Cc2[nH]c3ccccc3c2CC1"
"CHEMBL216439","Dopamine D5 receptor","J. Med. Chem., (2006) 49:21:6408","Ki","Activity at human D5 dopamine receptor expressed in HEK293 cells by calcium fluorescence assay",71.6,"CN1CCCc2c([nH]c3ccccc23)Cc2ccccc2CC1"
"CHEMBL2205836","Dopamine D5 receptor","Bioorg. Med. Chem. Lett., (2012) 22:19:6053","Ki","Binding affinity to D5 dopamine receptor",10000.0,"COc1ccccc1CCN1C2C3C4CC5C6C4C2C6C1(O)C53"
"CHEMBL231171","Dopamine D5 receptor","J. Med. Chem., (2007) 50:18:4528","Ki","Displacement of [3H]SCH 23390 from human dopamine D5 receptor expressed in HEK293 cells",53.0,"COc1ccc2c(c1)CCCN(C)CCCc1ccccc1C2"
"CHEMBL2432062","Dopamine D5 receptor","Bioorg. Med. Chem., (2013) 21:19:6038","Ki","Inhibition of dopamine D5 receptor (unknown origin) by PDSP assay",10000.0,"CN(Cc1ccc2c(c1)OCO2)[C@H]1C2C3CC4C5C3CC2C5C41"
"CHEMBL245570","Dopamine D5 receptor","Bioorg. Med. Chem. Lett., (2007) 17:5:1399","Ki","Binding affinity to human cloned dopamine D5 receptor expressed in HEK 293 cells",0.39,"CN1CCc2ccccc2Cc2[nH]c3ccc(O)cc3c2CC1"
"CHEMBL245571","Dopamine D5 receptor","Bioorg. Med. Chem. Lett., (2007) 17:5:1399","Ki","Binding affinity to human cloned dopamine D5 receptor expressed in HEK 293 cells",5.4,"CN1CCc2cc(O)ccc2Cc2[nH]c3ccccc3c2CC1"
"CHEMBL381912","Dopamine D5 receptor","J. Med. Chem., (2006) 49:2:760","Ki","Inhibition of binding to human D5 receptor expressed in HEK 293 cells by functional calcium assay",10000.0,"c1ccc(C2CCCC3c4[nH]c5ccccc5c4CCN23)cc1"
"CHEMBL382642","Dopamine D5 receptor","J. Med. Chem., (2006) 49:2:760","Ki","Inhibition of binding to human D5 receptor expressed in HEK 293 cells by functional calcium assay",10000.0,"c1ccc(C23CCCCN2CCc2c3[nH]c3ccccc23)cc1"
"CHEMBL382850","Dopamine D5 receptor","J. Med. Chem., (2006) 49:2:760","Ki","Inhibition of binding to human D5 receptor expressed in HEK 293 cells by radioligand binding assay",14.7,"CCN1CCc2ccccc2Cc2[nH]c3ccccc3c2CC1"
"CHEMBL42","Dopamine D5 receptor","MedChemComm, (2012) 3:5:580","Ki","Binding affinity to dopamine D5 receptor (unknown origin) by PDSP assay",1000.0,"CN1CCN(C2=Nc3cc(Cl)ccc3Nc3ccccc32)CC1"
"CHEMBL535151","Dopamine D5 receptor","J. Med. Chem., (2005) 48:7:2646","Ki","Inhibitory constant for [3H]SCH-23390 binding to Dopamine receptor D1-like of porcine striatal membranes",15000.0,"C=CCN(C)[C@@H]1Cc2cc(OC)c(F)cc2[C@H]1c1ccccc1"
"CHEMBL535602","Dopamine D5 receptor","J. Med. Chem., (2005) 48:7:2646","Ki","Inhibitory constant for [3H]SCH-23390 binding to Dopamine receptor D1-like of porcine striatal membranes",20000.0,"CCCN(C)[C@@H]1Cc2cc(F)c(OC)cc2[C@H]1c1ccccc1"
"CHEMBL536271","Dopamine D5 receptor","J. Med. Chem., (2005) 48:7:2646","Ki","Inhibitory constant for [3H]SCH-23390 binding to Dopamine receptor D1-like of porcine striatal membranes",16000.0,"CCCN(C)[C@@H]1Cc2cc(OC)c(F)cc2[C@H]1c1ccccc1"
"CHEMBL559164","Dopamine D5 receptor","J. Med. Chem., (2005) 48:7:2646","Ki","Inhibitory constant for [3H]SCH-23390 binding to Dopamine receptor D1-like of porcine striatal membranes",19000.0,"C=CCN(C)[C@@H]1Cc2cc(F)c(OC)cc2[C@H]1c1ccccc1"
"CHEMBL591685","Dopamine D5 receptor","Bioorg. Med. Chem. Lett., (2010) 20:3:836","Ki","Binding affinity to dopamine D5 receptor",7.0,"CN1CCc2cc(Cl)c(O)cc2[C@H]2c3cccc(N)c3CC[C@@H]21"
"CHEMBL598515","Dopamine D5 receptor","Bioorg. Med. Chem. Lett., (2010) 20:3:836","Ki","Binding affinity to dopamine D5 receptor",8.3,"CN1CCc2cc(Cl)c(O)cc2[C@H]2c3ccc(N)cc3CC[C@@H]21"
"CHEMBL600083","Dopamine D5 receptor","Bioorg. Med. Chem. Lett., (2010) 20:3:832","Ki","Displacement of radioligand from dopamine D5 receptor expressed in mouse LTK cells by scintillation counting",7.5,"CN1CCc2cc(Cl)c(O)cc2[C@H]2c3cccc(Br)c3CC[C@@H]21"
"CHEMBL604314","Dopamine D5 receptor","Bioorg. Med. Chem. Lett., (2010) 20:3:832","Ki","Displacement of radioligand from dopamine D5 receptor expressed in mouse LTK cells by scintillation counting",1.4,"CN1CCc2cc(Cl)c(O)cc2[C@H]2c3cccc(O)c3CC[C@@H]21"
"CHEMBL1940406","Dopamine D5 receptor","Bioorg. Med. Chem., (2014) 22:12:3105","Ki","Displacement of [3H]SCH23390 from human dopamine D5 receptor by PDSP assay",867.0,"Fc1ccc(OCCCN2CCC(c3ccc(Cl)cc3)CC2)cc1"
"CHEMBL1940408","Dopamine D5 receptor","Bioorg. Med. Chem., (2014) 22:12:3105","Ki","Displacement of [3H]SCH23390 from human dopamine D5 receptor by PDSP assay",1758.0,"Fc1ccc(CCCCN2CCN(c3ccc(Cl)cc3)CC2)cc1"
"CHEMBL1940409","Dopamine D5 receptor","Bioorg. Med. Chem., (2014) 22:12:3105","Ki","Displacement of [3H]SCH23390 from human dopamine D5 receptor by PDSP assay",2808.0,"Fc1ccc(SCCCN2CCN(c3ccc(Cl)cc3)CC2)cc1"
"CHEMBL1940411","Dopamine D5 receptor","Bioorg. Med. Chem., (2014) 22:12:3105","Ki","Displacement of [3H]SCH23390 from human dopamine D5 receptor by PDSP assay",2684.0,"Fc1ccc(OCCCN2CCN(c3ccc(Cl)cc3)CC2)cc1"
"CHEMBL1949728","Dopamine D5 receptor","J. Med. Chem., (2011) 54:20:7422","Ki","Displacement of [3H]SCH23390 from human dopamine D5 receptor expressed in human HEK293 cells",11.4,"CN1CCc2ccccc2Cc2[nH]c3ccccc3c2C[C@@H]1CO"
"CHEMBL1949729","Dopamine D5 receptor","J. Med. Chem., (2011) 54:20:7422","Ki","Displacement of [3H]SCH23390 from human dopamine D5 receptor expressed in human HEK293 cells",91.4,"CN1CCc2ccccc2Cc2[nH]c3ccccc3c2C[C@H]1CO"
"CHEMBL201010","Dopamine D5 receptor","J. Med. Chem., (2006) 49:2:760","Ki","Inhibition of binding to human D5 receptor expressed in HEK 293 cells by functional calcium assay",10000.0,"C[N+]12CCCC(c3ccccc3)C1c1[nH]c3ccccc3c1CC2"
"CHEMBL201598","Dopamine D5 receptor","J. Med. Chem., (2006) 49:2:760","Ki","Inhibition of binding to human D5 receptor expressed in HEK 293 cells by functional calcium assay",10000.0,"O=C1CCCC(c2ccccc2)N1CCC1=CCc2ccccc21"
"CHEMBL2420891","Dopamine D5 receptor","Bioorg. Med. Chem. Lett., (2013) 23:18:5077","Ki","Binding affinity to human dopamine D5 receptor by radioligand binding assay",10000.0,"Clc1cccc(N2CCN(Cc3csc4ccccc34)CC2)c1Cl"
"CHEMBL2420895","Dopamine D5 receptor","Bioorg. Med. Chem. Lett., (2013) 23:18:5077","Ki","Binding affinity to human dopamine D5 receptor by radioligand binding assay",10000.0,"Clc1cccc(N2CCN(Cc3c[nH]c4ccccc34)CC2)c1Cl"
"CHEMBL2432056","Dopamine D5 receptor","Bioorg. Med. Chem., (2013) 21:19:6038","Ki","Inhibition of dopamine D5 receptor (unknown origin) by PDSP assay",10000.0,"COc1ccc(CN(C)[C@H]2C3C4CC5C6C4CC3C6C52)cc1OC"
"CHEMBL263881","Dopamine D5 receptor","J. Med. Chem., (2002) 45:19:4344","Ki","Binding affinity towards Dopamine receptor D5",340.0,"CCN(CC)C(=O)[C@@H]1C=C2c3cccc4[nH]cc(c34)C[C@H]2N(C)C1"
"CHEMBL3289646","Dopamine D5 receptor","Bioorg. Med. Chem., (2014) 22:12:3105","Ki","Displacement of [3H]SCH23390 from human dopamine D5 receptor by PDSP assay",2511.89,"Cc1ccc(N2CCN(CCCOc3ccc(F)cc3)CC2)nc1"
"CHEMBL3289647","Dopamine D5 receptor","Bioorg. Med. Chem., (2014) 22:12:3105","Ki","Displacement of [3H]SCH23390 from human dopamine D5 receptor by PDSP assay",1995.26,"Cc1ccc(N2CCN(CCCSc3ccc(F)cc3)CC2)nc1"
"CHEMBL3289648","Dopamine D5 receptor","Bioorg. Med. Chem., (2014) 22:12:3105","Ki","Displacement of [3H]SCH23390 from human dopamine D5 receptor by PDSP assay",3162.28,"Cc1ccc(N2CCN(CCCCc3ccc(F)cc3)CC2)nc1"
"CHEMBL380484","Dopamine D5 receptor","J. Med. Chem., (2006) 49:2:760","Ki","Inhibition of binding to human D5 receptor expressed in HEK 293 cells by functional calcium assay",10000.0,"CN1CCc2c([nH]c3ccccc23)CCCCC1c1ccccc1"
"CHEMBL381472","Dopamine D5 receptor","J. Med. Chem., (2006) 49:2:760","Ki","Inhibition of binding to human D5 receptor expressed in HEK 293 cells by functional calcium assay",10000.0,"O=C(CCC(=O)c1ccccc1)NCCc1c[nH]c2ccccc12"
"CHEMBL381573","Dopamine D5 receptor","J. Med. Chem., (2006) 49:2:760","Ki","Inhibition of binding to human D5 receptor expressed in HEK 293 cells by functional calcium assay",10000.0,"CN1CCCC(c2ccccc2)Cc2[nH]c3ccccc3c2CC1"
"CHEMBL382780","Dopamine D5 receptor","J. Med. Chem., (2006) 49:2:760","Ki","Inhibition of binding to human D5 receptor expressed in HEK 293 cells by functional calcium assay",10000.0,"O=C1C(c2ccccc2)CCCN1CCc1c[nH]c2ccccc12"
"CHEMBL396560","Dopamine D5 receptor","Bioorg. Med. Chem. Lett., (2007) 17:5:1399","Ki","Binding affinity to human cloned dopamine D5 receptor expressed in HEK 293 cells",3.6,"COc1ccc2[nH]c3c(c2c1)CCN(C)CCc1ccccc1C3"
"CHEMBL396561","Dopamine D5 receptor","Bioorg. Med. Chem. Lett., (2007) 17:5:1399","Ki","Binding affinity to human cloned dopamine D5 receptor expressed in HEK 293 cells",31.5,"COc1ccc2c(c1)CCN(C)CCc1c([nH]c3ccccc13)C2"
"CHEMBL397207","Dopamine D5 receptor","J. Med. Chem., (2007) 50:18:4528","Ki","Displacement of [3H]SCH 23390 from human dopamine D5 receptor expressed in HEK293 cells",510.0,"COc1cc2c(cc1OC)Cc1ccccc1CCCN(C)CC2"
"CHEMBL426662","Dopamine D5 receptor","J. Med. Chem., (2006) 49:2:760","Ki","Inhibition of binding to human D5 receptor expressed in HEK 293 cells by functional calcium assay",10000.0,"CN1CCCCC(c2ccccc2)c2[nH]c3ccccc3c2CC1"
"CHEMBL487387","Dopamine D5 receptor","Bioorg. Med. Chem., (2009) 17:19:6898","Ki","Displacement of [3H]SCH23390 from human dopamine D5 receptor expressed in CHO cells by scintillation counting",4.4,"COc1cc2c(cc1O)[C@@H]1Cc3ccc(O)c(OC)c3CN1CC2"
"CHEMBL539334","Dopamine D5 receptor","J. Med. Chem., (2005) 48:7:2646","Ki","Inhibitory constant for [3H]SCH-23390 binding to Dopamine receptor D1-like of porcine striatal membranes",26000.0,"CCCN(CCC)[C@@H]1Cc2cc(F)c(O)cc2[C@H]1c1ccccc1"
"CHEMBL557840","Dopamine D5 receptor","J. Med. Chem., (2005) 48:7:2646","Ki","Inhibitory constant for [3H]SCH-23390 binding to Dopamine receptor D1-like of porcine striatal membranes",54000.0,"CCCN(CCC)[C@@H]1Cc2cc(O)c(F)cc2[C@H]1c1ccccc1"
"CHEMBL569270","Dopamine D5 receptor","J. Med. Chem., (2013) 56:22:9146","Ki","Binding affinity to human dopamine D5 receptor by PDSP assay",10000.0,"CNc1cc(-c2csc(N(C)C(=O)c3ccc(F)cc3)n2)ncn1"
"CHEMBL599116","Dopamine D5 receptor","Bioorg. Med. Chem. Lett., (2010) 20:3:832","Ki","Displacement of radioligand from dopamine D5 receptor expressed in mouse LTK cells by scintillation counting",7.4,"CN1CCc2cc(Cl)c(O)cc2[C@H]2c3cccc(CO)c3CC[C@@H]21"
"CHEMBL604127","Dopamine D5 receptor","Bioorg. Med. Chem. Lett., (2010) 20:3:832","Ki","Displacement of radioligand from dopamine D5 receptor expressed in mouse LTK cells by scintillation counting",89.0,"CN1CCc2cc(Cl)c(O)cc2[C@H]2c3cccc(C#N)c3CC[C@@H]21"
"CHEMBL604316","Dopamine D5 receptor","Bioorg. Med. Chem. Lett., (2010) 20:3:832","Ki","Displacement of radioligand from dopamine D5 receptor expressed in mouse LTK cells by scintillation counting",3.3,"CN1CCc2cc(Cl)c(O)cc2[C@H]2c3cccc(C=O)c3CC[C@@H]21"
"CHEMBL137781","Dopamine D5 receptor","J. Med. Chem., (2002) 45:19:4344","Ki","Binding affinity against Dopamine receptor D5",1000.0,"C[C@H]1C[C@@H](C)N1C(=O)[C@@H]1C=C2c3cccc4[nH]cc(c34)CC2N(C)C1"
"CHEMBL138989","Dopamine D5 receptor","J. Med. Chem., (2002) 45:19:4344","Ki","Binding affinity towards Dopamine receptor D5",590.0,"C[C@@H]1C[C@@H](C)N1C(=O)[C@@H]1C=C2c3cccc4[nH]cc(c34)CC2N(C)C1"
"CHEMBL1779058","Dopamine D5 receptor","Bioorg. Med. Chem. Lett., (2011) 21:12:3622","Ki","Displacement of [3H]SCH233930 from human D5 receptor expressed in HEK cells",10000.0,"O=C(CCCN1C2C3C4CC5C6C4C2C6C1(O)C53)c1ccc(F)cc1"
"CHEMBL1940402","Dopamine D5 receptor","Bioorg. Med. Chem. Lett., (2014) 24:17:4294","Ki","Displacement of [3H]SCH23390 from human dopamine D5 receptor by liquid scintillation counting",414.0,"OC1(c2ccc(Cl)cc2)CCN(CCCCc2ccc(F)cc2)CC1"
"CHEMBL1940403","Dopamine D5 receptor","Bioorg. Med. Chem. Lett., (2014) 24:17:4294","Ki","Displacement of [3H]SCH23390 from human dopamine D5 receptor by liquid scintillation counting",113.0,"OC1(c2ccc(Cl)cc2)CCN(CCCSc2ccc(F)cc2)CC1"
"CHEMBL1940404","Dopamine D5 receptor","Bioorg. Med. Chem. Lett., (2014) 24:17:4294","Ki","Displacement of [3H]SCH23390 from human dopamine D5 receptor by liquid scintillation counting",103.0,"OC1(c2ccc(Cl)cc2)CCN(CCCOc2ccc(F)cc2)CC1"
"CHEMBL1949727","Dopamine D5 receptor","J. Med. Chem., (2011) 54:20:7422","Ki","Displacement of [3H]SCH23390 from human dopamine D5 receptor expressed in human HEK293 cells",657.0,"CN1CCc2ccccc2Cc2[nH]c3ccccc3c2CC1C(=O)O"
"CHEMBL201287","Dopamine D5 receptor","J. Med. Chem., (2006) 49:2:760","Ki","Inhibition of binding to human D5 receptor expressed in HEK 293 cells by functional calcium assay",10000.0,"C=CCN1CCc2ccccc2Cc2cc(OC)c(OC)cc2CC1"
"CHEMBL201432","Dopamine D5 receptor","J. Med. Chem., (2006) 49:2:760","Ki","Inhibition of binding to human D5 receptor expressed in HEK 293 cells by radioligand binding assay",893.0,"c1ccc2c(c1)CCN(CC1CC1)CCc1c([nH]c3ccccc13)C2"
"CHEMBL201577","Dopamine D5 receptor","J. Med. Chem., (2006) 49:2:760","Ki","Inhibition of binding to human D5 receptor expressed in HEK 293 cells by functional calcium assay",10000.0,"O=C(CCCC(=O)c1ccccc1)NCCc1c[nH]c2ccccc12"
"CHEMBL2036989","Dopamine D5 receptor","J. Nat. Prod., (2012) 75:4:728","Ki","Binding affinity to human dopamine D5 receptor",10000.0,"C[C@]12CCC[C@@]3(C)[C@H]1[C@@H](C[C@@]1(CO1)[C@]3(O)CCc1ccoc1)OC2=O"
"CHEMBL2037430","Dopamine D5 receptor","Bioorg. Med. Chem., (2014) 22:12:3105","Ki","Displacement of [3H]SCH23390 from human dopamine D5 receptor by PDSP assay",10000.0,"Clc1ccc(N2CCN(CCCc3nc4ccccc4s3)CC2)cc1"
"CHEMBL2420782","Dopamine D5 receptor","Bioorg. Med. Chem. Lett., (2013) 23:18:5077","Ki","Binding affinity to human dopamine D5 receptor by radioligand binding assay",10000.0,"Clc1cccc(N2CCN(Cc3cccc4ccccc34)CC2)c1Cl"
"CHEMBL2420890","Dopamine D5 receptor","Bioorg. Med. Chem. Lett., (2013) 23:18:5077","Ki","Binding affinity to human dopamine D5 receptor by radioligand binding assay",10000.0,"CCOc1ccccc1N1CCN(Cc2csc3ccccc23)CC1"
"CHEMBL2420894","Dopamine D5 receptor","Bioorg. Med. Chem. Lett., (2013) 23:18:5077","Ki","Binding affinity to human dopamine D5 receptor by radioligand binding assay",10000.0,"CCOc1ccccc1N1CCN(Cc2c[nH]c3ccccc23)CC1"
"CHEMBL2432042","Dopamine D5 receptor","Bioorg. Med. Chem., (2013) 21:19:6038","Ki","Inhibition of dopamine D5 receptor (unknown origin) by PDSP assay",10000.0,"COc1ccc(CN(C)[C@H]2C3C4CC5C3C(=O)C3C5C4C32)cc1OC"
"CHEMBL2432051","Dopamine D5 receptor","Bioorg. Med. Chem., (2013) 21:19:6038","Ki","Inhibition of dopamine D5 receptor (unknown origin) by PDSP assay",10000.0,"COc1cc(CN[C@H]2C3C4CC5C6C4CC3C6C52)cc(OC)c1OC"
"CHEMBL245764","Dopamine D5 receptor","Bioorg. Med. Chem. Lett., (2007) 17:5:1399","Ki","Binding affinity to human cloned dopamine D5 receptor expressed in HEK 293 cells",0.23,"COc1ccc2c(c1)c1c(n2C)Cc2ccccc2CCN(C)CC1"
"CHEMBL3115577","Dopamine D5 receptor","J. Med. Chem., (2014) 57:2:391","Ki","Displacement of [3H]SCH23390 from human dopamine D5 receptor transfected in HEK293 cells after 2 hrs by scintillation counting analysis",17378.01,"Oc1ccc2c(c1)O[C@@H](CN1CCN(c3ccc(I)cc3)CC1)CC2"
"CHEMBL3286429","Dopamine D5 receptor","Bioorg. Med. Chem., (2014) 22:12:3105","Ki","Displacement of [3H]SCH23390 from human dopamine D5 receptor by PDSP assay",10000.0,"Clc1ccc(N2CCN(CCCc3nc4ccccc4o3)CC2)cc1"
"CHEMBL343755","Dopamine D5 receptor","J. Med. Chem., (2002) 45:19:4344","Ki","Binding affinity towards Dopamine receptor D5",400.0,"C[C@H]1C[C@H](C)N1C(=O)[C@@H]1C=C2c3cccc4[nH]cc(c34)CC2N(C)C1"
"CHEMBL381325","Dopamine D5 receptor","J. Med. Chem., (2006) 49:2:760","Ki","Inhibition of binding to human D5 receptor expressed in HEK 293 cells by functional calcium assay",10000.0,"O=C(CCCC(O)c1ccccc1)NCCC1=CCc2ccccc21"
"CHEMBL467094","Dopamine D5 receptor","Bioorg. Med. Chem. Lett., (2010) 20:2:628","Ki","Displacement of [3H]SCH233930 from human dopamine D5 receptor",2397.0,"COc1cc2c3c(c1OC)-c1cc4c(cc1CC3N(C)CC2)OCO4"
"CHEMBL536044","Dopamine D5 receptor","J. Med. Chem., (2005) 48:7:2646","Ki","Inhibitory constant for [3H]SCH-23390 binding to Dopamine receptor D1-like of porcine striatal membranes",83000.0,"CCCN(CCC)[C@@H]1Cc2cc(OC)c(F)cc2[C@H]1c1ccccc1"
"CHEMBL558766","Dopamine D5 receptor","J. Med. Chem., (2005) 48:7:2646","Ki","Inhibitory constant for [3H]SCH-23390 binding to Dopamine receptor D1-like of porcine striatal membranes",32000.0,"CCCN(CCC)[C@@H]1Cc2cc(F)c(OC)cc2[C@H]1c1ccccc1"
"CHEMBL604732","Dopamine D5 receptor","Bioorg. Med. Chem. Lett., (2010) 20:3:832","Ki","Displacement of radioligand from dopamine D5 receptor expressed in mouse LTK cells by scintillation counting",3.3,"CN1CCc2cc(Cl)c(O)cc2[C@H]2c3cccc(/C=N/O)c3CC[C@@H]21"
"CHEMBL1258671","Dopamine D5 receptor","J. Med. Chem., (2010) 53:19:7035","Ki","Binding affinity to human dopamine D5 receptor",10000.0,"CCCCN1CCC(COC(=O)c2cc(F)c(N)c3c2OCCO3)CC1"
"CHEMBL2204343","Dopamine D5 receptor","J. Med. Chem., (2011) 54:8:2529","Ki","Inhibition of human dopamine D5 receptor",16.6,"O=C(CCCN1CC[Si](O)(c2ccc(Cl)cc2)CC1)c1ccc(F)cc1"
"CHEMBL240774","Dopamine D5 receptor","Bioorg. Med. Chem., (2007) 15:17:5811","Ki","Antagonist activity at human Dopamine D5 receptor in HEK293 cells assessed as change in SKF 38393-induced intracellular calcium response",10000.0,"O=C1c2ccccc2CN1CCCCN1CCN(c2ccccc2)CC1"
"CHEMBL2420781","Dopamine D5 receptor","Bioorg. Med. Chem. Lett., (2013) 23:18:5077","Ki","Binding affinity to human dopamine D5 receptor by radioligand binding assay",10000.0,"CCOc1ccccc1N1CCN(Cc2cccc3ccccc23)CC1"
"CHEMBL3115579","Dopamine D5 receptor","J. Med. Chem., (2014) 57:2:391","Ki","Displacement of [3H]SCH23390 from human dopamine D5 receptor transfected in HEK293 cells after 2 hrs by scintillation counting analysis",2454.71,"Oc1ccc2c(c1)O[C@@H](CNCc1ccc(OCCCCF)cc1)CC2"
"CHEMBL3289645","Dopamine D5 receptor","Bioorg. Med. Chem., (2014) 22:12:3105","Ki","Displacement of [3H]SCH23390 from human dopamine D5 receptor by PDSP assay",10000.0,"FC(F)(F)c1ccc(OCCCN2CCN(c3ccccn3)CC2)cc1"
"CHEMBL3289655","Dopamine D5 receptor","Bioorg. Med. Chem., (2014) 22:12:3105","Ki","Displacement of [3H]SCH23390 from human dopamine D5 receptor by PDSP assay",1522.0,"Clc1ccc(N2CCCN(CCCc3cc4ccccc4o3)CC2)cc1"
"CHEMBL395933","Dopamine D5 receptor","Bioorg. Med. Chem., (2007) 15:17:5811","Ki","Antagonist activity at human Dopamine D5 receptor in HEK293 cells assessed as change in SKF 38393-induced intracellular calcium response",10000.0,"O=C1Cc2ccccc2N1CCCCN1CCN(c2ccccc2)CC1"
"CHEMBL54","Dopamine D5 receptor","J. Med. Chem., (2011) 54:8:2529","Ki","Inhibition of human dopamine D5 receptor",38.0,"O=C(CCCN1CCC(O)(c2ccc(Cl)cc2)CC1)c1ccc(F)cc1"
"CHEMBL555146","Dopamine D5 receptor","J. Med. Chem., (2012) 55:5:2406","Ki","Binding affinity to human recombinant Dopamine D5 receptor",10000.0,"C[C@@H]1CCCN1CCc1cc2cc(C(=O)c3ccc(F)cc3)ccc2o1"
"CHEMBL596622","Dopamine D5 receptor","Bioorg. Med. Chem. Lett., (2010) 20:3:836","Ki","Binding affinity to dopamine D5 receptor",3.9,"CN1CCc2cc(Cl)c(O)cc2[C@@H](c2ccc(CNC3CCC3)cc2)C1"
"CHEMBL598730","Dopamine D5 receptor","Bioorg. Med. Chem. Lett., (2010) 20:3:832","Ki","Displacement of radioligand from dopamine D5 receptor expressed in mouse LTK cells by scintillation counting",3.7,"COC(=O)c1cccc2c1CC[C@H]1[C@H]2c2cc(O)c(Cl)cc2CCN1C"
"CHEMBL599134","Dopamine D5 receptor","Bioorg. Med. Chem. Lett., (2010) 20:3:832","Ki","Displacement of radioligand from dopamine D5 receptor expressed in mouse LTK cells by scintillation counting",22.0,"CO/N=C/c1cccc2c1CC[C@H]1[C@H]2c2cc(O)c(Cl)cc2CCN1C"
"CHEMBL1258223","Dopamine D5 receptor","J. Med. Chem., (2010) 53:19:7035","Ki","Binding affinity to human dopamine D5 receptor",972.0,"CCCCN1CCC(COC(=O)c2cc(Cl)c(NC)c3c2OCCO3)CC1"
"CHEMBL238717","Dopamine D5 receptor","Bioorg. Med. Chem., (2007) 15:17:5811","Ki","Displacement of [3H]SCH 23390 from human Dopamine D5 receptor expressed in HEK293",10000.0,"O=c1c2ccccc2ncn1CCCCN1CCN(c2ccccc2)CC1"
"CHEMBL239917","Dopamine D5 receptor","Bioorg. Med. Chem., (2007) 15:17:5811","Ki","Displacement of [3H]SCH 23390 from human Dopamine D5 receptor expressed in HEK293",202.0,"O=C1Cc2ccccc2N1CCCCN1CCN(c2ccc(Cl)cc2)CC1"
"CHEMBL240995","Dopamine D5 receptor","Bioorg. Med. Chem., (2007) 15:17:5811","Ki","Displacement of [3H]SCH 23390 from human Dopamine D5 receptor expressed in HEK293",33.6,"O=C1c2ccccc2CN1CCCCN1CCN(c2ccc(Cl)cc2)CC1"
"CHEMBL3289649","Dopamine D5 receptor","Bioorg. Med. Chem., (2014) 22:12:3105","Ki","Displacement of [3H]SCH23390 from human dopamine D5 receptor by PDSP assay",10000.0,"Clc1ccc(N2CCN(CCCCCc3nc4ccccc4o3)CC2)cc1"
"CHEMBL3321788","Dopamine D5 receptor","Bioorg. Med. Chem. Lett., (2014) 24:17:4294","Ki","Displacement of [3H]SCH23390 from human dopamine D5 receptor by liquid scintillation counting",10000.0,"OC1(c2ccc(Cl)cc2)CC2CCC(C1)N2CCCCc1ccc(F)cc1"
"CHEMBL3321789","Dopamine D5 receptor","Bioorg. Med. Chem. Lett., (2014) 24:17:4294","Ki","Displacement of [3H]SCH23390 from human dopamine D5 receptor by liquid scintillation counting",10000.0,"OC1(c2ccc(Cl)cc2)CC2CCC(C1)N2CCCOc1ccc(F)cc1"
"CHEMBL3590084","Dopamine D5 receptor","Bioorg. Med. Chem., (2015) 23:14:3938","Ki","Displacement of [3H]SCH23390 from human dopamine D5 receptor expressed in HEK293 cell membranes",11000.0,"CCCN(CCNC(=O)/C=C/c1ccc(F)cc1)C1Cc2ccccc2C1"
"CHEMBL3622097","Dopamine D5 receptor","ACS Med. Chem. Lett., (2015) 6:8:882","Ki","Displacement of [3H]SCH23390 from human dopamine D5 receptor expressed in HEK cells",3600.0,"Brc1ccc(NCCN2CCN(CCc3c[nH]c4ccccc34)CC2)cc1"
"CHEMBL426317","Dopamine D5 receptor","Bioorg. Med. Chem. Lett., (2006) 16:8:2101","Ki","Binding affinity to D5 dopamine receptor by radioligand binding assay",10000.0,"COc1cccc(N2CCN(CCCCn3ncc(=O)n(C)c3=O)CC2)c1"
"CHEMBL597900","Dopamine D5 receptor","Bioorg. Med. Chem. Lett., (2010) 20:3:832","Ki","Displacement of radioligand from dopamine D5 receptor expressed in mouse LTK cells by scintillation counting",1.9,"CN1CCc2cc(Cl)c(O)cc2[C@H]2c3cccc(-c4cccs4)c3CC[C@@H]21"
"CHEMBL597909","Dopamine D5 receptor","Bioorg. Med. Chem. Lett., (2010) 20:3:836","Ki","Binding affinity to dopamine D5 receptor",5.8,"CN1CCc2cc(Cl)c(O)cc2[C@H]2c3ccc(NS(C)(=O)=O)cc3CC[C@@H]21"
"CHEMBL604525","Dopamine D5 receptor","Bioorg. Med. Chem. Lett., (2010) 20:3:832","Ki","Displacement of radioligand from dopamine D5 receptor expressed in mouse LTK cells by scintillation counting",10.0,"CCO/N=C/c1cccc2c1CC[C@H]1[C@H]2c2cc(O)c(Cl)cc2CCN1C"
"CHEMBL716","Dopamine D5 receptor","MedChemComm, (2012) 3:5:580","Ki","Binding affinity to dopamine D5 receptor (unknown origin) by PDSP assay",1000.0,"OCCOCCN1CCN(C2=Nc3ccccc3Sc3ccccc32)CC1"
"CHEMBL184073","Dopamine D5 receptor","J. Med. Chem., (2004) 47:17:4155","Ki","Binding affinity for human recombinant dopamine receptor D5",620.0,"c1ccc(Cc2ccccc2OCCN2CCN(c3ccccc3)CC2)cc1"
"CHEMBL2031737","Dopamine D5 receptor","J. Med. Chem., (2012) 55:5:2406","Ki","Binding affinity to human recombinant Dopamine D5 receptor",10000.0,"C[C@@H]1CCCN1CCc1cc2cc(C(=O)c3ccc([N+](=O)[O-])cc3)ccc2o1"
"CHEMBL238718","Dopamine D5 receptor","Bioorg. Med. Chem., (2007) 15:17:5811","Ki","Displacement of [3H]SCH 23390 from human Dopamine D5 receptor expressed in HEK293",507.0,"O=c1c2ccccc2ncn1CCCCN1CCN(c2ccc(Cl)cc2)CC1"
"CHEMBL3115578","Dopamine D5 receptor","J. Med. Chem., (2014) 57:2:391","Ki","Displacement of [3H]SCH23390 from human dopamine D5 receptor transfected in HEK293 cells after 2 hrs by scintillation counting analysis",3467.37,"Oc1ccc2c(c1)O[C@@H](CNCCN1CCN(c3ccc(I)cc3)CC1)CC2"
"CHEMBL3115581","Dopamine D5 receptor","J. Med. Chem., (2014) 57:2:391","Ki","Displacement of [3H]SCH23390 from human dopamine D5 receptor transfected in HEK293 cells after 2 hrs by scintillation counting analysis",19498.45,"Oc1ccc2c(c1)O[C@@H](CN1CCN(c3ccc(OCCF)cc3)CC1)CC2"
"CHEMBL393492","Dopamine D5 receptor","Bioorg. Med. Chem., (2007) 15:17:5811","Ki","Antagonist activity at human Dopamine D5 receptor in HEK293 cells assessed as change in SKF 38393-induced intracellular calcium response",137.0,"COc1ccccc1N1CCN(CCCCN2Cc3ccccc3C2=O)CC1"
"CHEMBL394080","Dopamine D5 receptor","Bioorg. Med. Chem., (2007) 15:17:5811","Ki","Displacement of [3H]SCH 23390 from human Dopamine D5 receptor expressed in HEK293",330.0,"COc1ccccc1N1CCN(CCCCN2C(=O)Cc3ccccc32)CC1"
"CHEMBL394110","Dopamine D5 receptor","Bioorg. Med. Chem., (2007) 15:17:5811","Ki","Antagonist activity at human Dopamine D5 receptor in HEK293 cells assessed as change in SKF 38393-induced intracellular calcium response",386.0,"O=C1c2ccccc2S(=O)(=O)N1CCCCN1CCN(c2ccccc2)CC1"
"CHEMBL418854","Dopamine D5 receptor","J. Med. Chem., (1999) 42:17:3342","Ki","The compound was tested for binding affinity against human Dopamine receptor D5",1000.0,"COc1ccccc1N1CCC(CNCC2COc3ccc(Cl)cc3O2)CC1"
"CHEMBL598949","Dopamine D5 receptor","Bioorg. Med. Chem. Lett., (2010) 20:3:832","Ki","Displacement of radioligand from dopamine D5 receptor expressed in mouse LTK cells by scintillation counting",26.9,"CN1CCc2cc(Cl)c(O)cc2[C@H]2c3cccc(N4CCCC4=O)c3CC[C@@H]21"
"CHEMBL600986","Dopamine D5 receptor","Bioorg. Med. Chem. Lett., (2010) 20:3:836","Ki","Binding affinity to dopamine D5 receptor",5.6,"CCS(=O)(=O)Nc1ccc2c(c1)CC[C@H]1[C@H]2c2cc(O)c(Cl)cc2CCN1C"
"CHEMBL600987","Dopamine D5 receptor","Bioorg. Med. Chem. Lett., (2010) 20:3:836","Ki","Binding affinity to dopamine D5 receptor",7.1,"CCNC(=O)Nc1ccc2c(c1)CC[C@H]1[C@H]2c2cc(O)c(Cl)cc2CCN1C"
"CHEMBL603485","Dopamine D5 receptor","Bioorg. Med. Chem. Lett., (2010) 20:3:836","Ki","Binding affinity to dopamine D5 receptor",3.3,"CCOC(=O)Nc1ccc2c(c1)CC[C@H]1[C@H]2c2cc(O)c(Cl)cc2CCN1C"
"CHEMBL605127","Dopamine D5 receptor","Bioorg. Med. Chem. Lett., (2010) 20:3:832","Ki","Displacement of radioligand from dopamine D5 receptor expressed in mouse LTK cells by scintillation counting",10.5,"CN1CCc2cc(Cl)c(O)cc2[C@H]2c3cccc(-c4ccncc4)c3CC[C@@H]21"
"CHEMBL238915","Dopamine D5 receptor","Bioorg. Med. Chem., (2007) 15:17:5811","Ki","Displacement of [3H]SCH 23390 from human Dopamine D5 receptor expressed in HEK293",230.0,"O=C1c2ccccc2S(=O)(=O)N1CCCCN1CCN(c2ccc(Cl)cc2)CC1"
"CHEMBL239700","Dopamine D5 receptor","Bioorg. Med. Chem., (2007) 15:17:5811","Ki","Displacement of [3H]SCH 23390 from human Dopamine D5 receptor expressed in HEK293",10000.0,"COc1ccccc1N1CCN(CCCCn2cnc3ccccc3c2=O)CC1"
"CHEMBL3589577","Dopamine D5 receptor","Bioorg. Med. Chem., (2015) 23:14:3938","Ki","Displacement of [3H]SCH23390 from human dopamine D5 receptor expressed in HEK293 cell membranes",3800.0,"CCCN(CCNC(=O)N=Nc1cc(F)c(F)c(F)c1)C1Cc2ccccc2C1"
"CHEMBL3590080","Dopamine D5 receptor","Bioorg. Med. Chem., (2015) 23:14:3938","Ki","Displacement of [3H]SCH23390 from human dopamine D5 receptor expressed in HEK293 cell membranes",2900.0,"CCCN(CCCCNC(=O)/C=C/c1ccc(F)cc1)C1Cc2ccccc2C1"
"CHEMBL3590081","Dopamine D5 receptor","Bioorg. Med. Chem., (2015) 23:14:3938","Ki","Displacement of [3H]SCH23390 from human dopamine D5 receptor expressed in HEK293 cell membranes",7000.0,"CCCN(CCCCNC(=O)N=Nc1ccc(F)cc1)C1Cc2ccccc2C1"
"CHEMBL379450","Dopamine D5 receptor","J. Med. Chem., (2006) 49:2:760","Ki","Inhibition of binding to human D5 receptor expressed in HEK 293 cells by functional calcium assay",10000.0,"c1ccc(CCN2CCc3ccccc3Cc3[nH]c4ccccc4c3CC2)cc1"
"CHEMBL482496","Dopamine D5 receptor","Bioorg. Med. Chem., (2008) 16:11:6116","Ki","Binding affinity to dopamine D5 receptor",500.0,"[3H]C([3H])([3H])Oc1cc(I)c(OC)cc1CCNCc1ccccc1OC([3H])([3H])[3H]"
"CHEMBL515472","Dopamine D5 receptor","Bioorg. Med. Chem., (2009) 17:8:2989","Ki","Inhibition of human cloned dopamine D5 receptor by competitive binding experiment",7419.0,"COc1c(OCCF)cccc1[C@H](O)C1CCN(CCc2ccc(F)cc2)CC1"
"CHEMBL516088","Dopamine D5 receptor","Bioorg. Med. Chem., (2009) 17:8:2989","Ki","Inhibition of human cloned dopamine D5 receptor by competitive binding experiment",7398.0,"COc1c(OCCF)cccc1C(=O)C1CCN(CCc2ccc(F)cc2)CC1"
"CHEMBL596824","Dopamine D5 receptor","Bioorg. Med. Chem. Lett., (2010) 20:3:836","Ki","Binding affinity to dopamine D5 receptor",13.0,"CC(=O)N(Cc1ccc([C@H]2CN(C)CCc3cc(Cl)c(O)cc32)cc1)C1CCC1"
"CHEMBL1112","Dopamine D5 receptor","MedChemComm, (2012) 3:5:580","Ki","Binding affinity to dopamine D5 receptor (unknown origin) by PDSP assay",1000.0,"O=C1CCc2ccc(OCCCCN3CCN(c4cccc(Cl)c4Cl)CC3)cc2N1"
"CHEMBL201788","Dopamine D5 receptor","J. Med. Chem., (2006) 49:2:760","Ki","Inhibition of binding to human D5 receptor expressed in HEK 293 cells by functional calcium assay",10000.0,"COc1cc2c(cc1OC)Cc1ccccc1CCN(CCc1ccccc1)CC2"
"CHEMBL238917","Dopamine D5 receptor","Bioorg. Med. Chem., (2007) 15:17:5811","Ki","Displacement of [3H]SCH 23390 from human Dopamine D5 receptor expressed in HEK293",1132.0,"COc1ccccc1N1CCN(CCCCN2C(=O)c3ccccc3S2(=O)=O)CC1"
"CHEMBL240996","Dopamine D5 receptor","Bioorg. Med. Chem., (2007) 15:17:5811","Ki","Displacement of [3H]SCH 23390 from human Dopamine D5 receptor expressed in HEK293",80.8,"O=C1c2ccccc2CN1CCCCN1CCN(c2cccc(C(F)(F)F)c2)CC1"
"CHEMBL268371","Dopamine D5 receptor","Bioorg. Med. Chem., (2007) 15:17:5811","Ki","Displacement of [3H]SCH 23390 from human Dopamine D5 receptor expressed in HEK293",190.0,"O=C1Cc2ccccc2N1CCCCN1CCN(c2cccc(C(F)(F)F)c2)CC1"
"CHEMBL328866","Dopamine D5 receptor","J. Med. Chem., (1996) 39:14:2764","Ki","Compound was tested for the Binding affinity against Human cloned Dopamine receptor D5 by Radio ligand ([3H]SCH-23390) binding assay",10000.0,"COc1cc(NC(=O)C2CC2)c(Cl)cc1C(=O)N[C@H]1CCN(Cc2ccccc2)C1"
"CHEMBL3590077","Dopamine D5 receptor","Bioorg. Med. Chem., (2015) 23:14:3938","Ki","Displacement of [3H]SCH23390 from human dopamine D5 receptor expressed in HEK293 cell membranes",2800.0,"COc1ccccc1N1CCN(CCCCNC(=O)N=Nc2ccc(F)cc2)CC1"
"CHEMBL3622099","Dopamine D5 receptor","ACS Med. Chem. Lett., (2015) 6:8:882","Ki","Displacement of [3H]SCH23390 from human dopamine D5 receptor expressed in HEK cells",1300.0,"CCCN(CCN1CCN(CCc2c[nH]c3ccccc23)CC1)c1ccc(Br)cc1"
"CHEMBL598105","Dopamine D5 receptor","Bioorg. Med. Chem. Lett., (2010) 20:3:832","Ki","Displacement of radioligand from dopamine D5 receptor expressed in mouse LTK cells by scintillation counting",3.4,"CN1CCc2cc(Cl)c(O)cc2[C@H]2c3cccc(-c4cccc(C#N)c4)c3CC[C@@H]21"
"CHEMBL599282","Dopamine D5 receptor","Bioorg. Med. Chem. Lett., (2010) 20:3:836","Ki","Binding affinity to dopamine D5 receptor",5.9,"CN1CCc2cc(Cl)c(O)cc2[C@@H](c2ccc(CN(C3CCC3)S(C)(=O)=O)cc2)C1"
"CHEMBL603872","Dopamine D5 receptor","Bioorg. Med. Chem. Lett., (2010) 20:3:832","Ki","Displacement of radioligand from dopamine D5 receptor expressed in mouse LTK cells by scintillation counting",6.2,"COc1ccc(-c2cccc3c2CC[C@H]2[C@H]3c3cc(O)c(Cl)cc3CCN2C)cc1"
"CHEMBL726","Dopamine D5 receptor","Bioorg. Med. Chem. Lett., (2009) 19:2:538","Ki","Displacement of [3H]SCH23390 from human dopamine D5 receptor expressed in HEK cells",21.0,"OCCN1CCN(CCCN2c3ccccc3Sc3ccc(C(F)(F)F)cc32)CC1"
"CHEMBL85","Dopamine D5 receptor","MedChemComm, (2012) 3:5:580","Ki","Binding affinity to dopamine D5 receptor (unknown origin) by PDSP assay",1000.0,"Cc1nc2n(c(=O)c1CCN1CCC(c3noc4cc(F)ccc34)CC1)CCCC2"
"CHEMBL1632174","Dopamine D5 receptor","Bioorg. Med. Chem., (2010) 18:24:8600","Ki","Binding affinity to dopamine receptor D5",10000.0,"O=C(O)CCCCCN1CCC(CNC(=O)c2c3n(c4ccccc24)CCCO3)CC1"
"CHEMBL194206","Dopamine D5 receptor","Bioorg. Med. Chem. Lett., (2005) 15:21:4786","Ki","Affinity towards cloned Dopamine receptor D5",10000.0,"COc1ccc(NC(=O)N2CCN(c3ccc(F)cc3)CC2)cc1N1CCN(C)CC1"
"CHEMBL196169","Dopamine D5 receptor","Bioorg. Med. Chem. Lett., (2005) 15:21:4786","Ki","Affinity towards cloned Dopamine receptor D5",10000.0,"COc1ccc(NC(=O)N2CCN(c3ccccc3F)CC2)cc1N1CCN(C)CC1"
"CHEMBL199824","Dopamine D5 receptor","J. Med. Chem., (2006) 49:1:125","Ki","Binding affinity to dopamine D5 receptor",10000.0,"Cn1c(=O)cnn(CCCCN2CCN(c3cccc4ccc(O[11CH3])cc34)CC2)c1=O"
"CHEMBL3115582","Dopamine D5 receptor","J. Med. Chem., (2014) 57:2:391","Ki","Displacement of [3H]SCH23390 from human dopamine D5 receptor transfected in HEK293 cells after 2 hrs by scintillation counting analysis",9772.37,"Oc1ccc2c(c1)O[C@@H](CNCCN1CCN(c3ccc(OCCF)cc3)CC1)CC2"
"CHEMBL370128","Dopamine D5 receptor","Bioorg. Med. Chem. Lett., (2005) 15:21:4786","Ki","Affinity towards cloned Dopamine receptor D5",10000.0,"COc1ccc(NC(=O)N2CCN(c3ccccc3Cl)CC2)cc1N1CCN(C)CC1"
"CHEMBL372453","Dopamine D5 receptor","Bioorg. Med. Chem. Lett., (2005) 15:21:4786","Ki","Affinity towards cloned Dopamine receptor D5",10000.0,"COc1ccc(NC(=O)N2CCN(c3ccc(Cl)cc3)CC2)cc1N1CCN(C)CC1"
"CHEMBL398813","Dopamine D5 receptor","Bioorg. Med. Chem., (2007) 15:17:5811","Ki","Displacement of [3H]SCH 23390 from human Dopamine D5 receptor expressed in HEK293",1703.0,"O=c1c2ccccc2ncn1CCCCN1CCN(c2cccc(C(F)(F)F)c2)CC1"
"CHEMBL605339","Dopamine D5 receptor","Bioorg. Med. Chem. Lett., (2010) 20:3:832","Ki","Displacement of radioligand from dopamine D5 receptor expressed in mouse LTK cells by scintillation counting",4.7,"CN1CCc2cc(Cl)c(O)cc2[C@H]2c3cccc(-c4cccc([N+](=O)[O-])c4)c3CC[C@@H]21"
"CHEMBL605354","Dopamine D5 receptor","Bioorg. Med. Chem. Lett., (2010) 20:3:832","Ki","Displacement of radioligand from dopamine D5 receptor expressed in mouse LTK cells by scintillation counting",2.1,"CN1CCc2cc(Cl)c(O)cc2[C@H]2c3cccc(/C=N/Oc4ccccc4)c3CC[C@@H]21"
"CHEMBL1632158","Dopamine D5 receptor","Bioorg. Med. Chem., (2010) 18:24:8600","Ki","Binding affinity to dopamine receptor D5",10000.0,"COC(=O)CCCCCN1CCC(CNC(=O)c2c3n(c4ccccc24)CCCO3)CC1"
"CHEMBL1765683","Dopamine D5 receptor","J. Med. Chem., (2011) 54:8:2961","Ki","Binding affinity to opamine D5 receptor by radioligand binding assay",10000.0,"COc1ccc(-c2c(C)c(C(=O)NC3(C#N)CCOCC3)nn2-c2ccccc2Br)cc1"
"CHEMBL1765684","Dopamine D5 receptor","J. Med. Chem., (2011) 54:8:2961","Ki","Binding affinity to opamine D5 receptor by radioligand binding assay",10000.0,"COc1ccc(-c2c(C)c(C(=O)NC3(C#N)CCCCC3)nn2-c2ccccc2Br)cc1"
"CHEMBL195927","Dopamine D5 receptor","Bioorg. Med. Chem. Lett., (2005) 15:21:4786","Ki","Affinity towards cloned Dopamine receptor D5",10000.0,"COc1ccccc1N1CCC(C(=O)Nc2ccc(OC)c(N3CCN(C)CC3)c2)CC1"
"CHEMBL196370","Dopamine D5 receptor","Bioorg. Med. Chem. Lett., (2005) 15:21:4786","Ki","Affinity towards cloned Dopamine receptor D5",10000.0,"COc1ccc(NC(=O)N2CCN(c3ccccc3OC)CC2)cc1N1CCN(C)CC1"
"CHEMBL197796","Dopamine D5 receptor","Bioorg. Med. Chem. Lett., (2005) 15:21:4786","Ki","Affinity towards cloned Dopamine receptor D5",10000.0,"COc1ccc(NC(=O)N2CCN(c3ccc(SC)cc3)CC2)cc1N1CCN(C)CC1"
"CHEMBL238916","Dopamine D5 receptor","Bioorg. Med. Chem., (2007) 15:17:5811","Ki","Displacement of [3H]SCH 23390 from human Dopamine D5 receptor expressed in HEK293",1756.0,"O=C1c2ccccc2S(=O)(=O)N1CCCCN1CCN(c2cccc(C(F)(F)F)c2)CC1"
"CHEMBL282116","Dopamine D5 receptor","J. Med. Chem., (2004) 47:6:1303","Ki","Binding affinity against human Dopamine receptor D4 versus hD2, hD3 receptor",5.62,"COc1cccc(CN2CC[C@H](NC(=O)c3cc(Cl)c(NC(=O)C4CC4)cc3OC)C2)c1"
"CHEMBL599135","Dopamine D5 receptor","Bioorg. Med. Chem. Lett., (2010) 20:3:832","Ki","Displacement of radioligand from dopamine D5 receptor expressed in mouse LTK cells by scintillation counting",2.5,"CN1CCc2cc(Cl)c(O)cc2[C@H]2c3cccc(/C=N/OCc4ccccc4)c3CC[C@@H]21"
"CHEMBL599487","Dopamine D5 receptor","Bioorg. Med. Chem. Lett., (2010) 20:3:836","Ki","Binding affinity to dopamine D5 receptor",1.2,"CN1CCc2cc(Cl)c(O)cc2[C@@H](c2ccc(CN(C)S(=O)(=O)c3ccccc3)cc2)C1"
"CHEMBL212912","Dopamine D5 receptor","Bioorg. Med. Chem. Lett., (2006) 16:17:4543","Ki","Binding affinity at dopamine D5 receptor",73.0,"CN1CCN(C2=Nc3cc(Cl)ccc3N(NC(=O)c3ccccc3Cl)c3ccccc32)CC1"
"CHEMBL419505","Dopamine D5 receptor","Bioorg. Med. Chem. Lett., (1998) 8:19:2715","Ki","Compound was evaluated for binding affinity against human Dopamine receptor D5 transfected in CHO cell membranes",10000.0,"O=C(NCCCCN1CCN(c2cccc(Cl)c2Cl)CC1)c1ccc2c(c1)-c1ccccc1-2"
"CHEMBL196598","Dopamine D5 receptor","Bioorg. Med. Chem. Lett., (2005) 15:21:4786","Ki","Affinity towards cloned Dopamine receptor D5",10000.0,"COc1ccc(NC(=O)N2CCN(c3ccc(C(F)(F)F)cc3)CC2)cc1N1CCN(C)CC1"
"CHEMBL213336","Dopamine D5 receptor","Bioorg. Med. Chem. Lett., (2006) 16:17:4543","Ki","Binding affinity at dopamine D5 receptor",31.0,"Cc1cccc(C)c1C(=O)NN1c2ccc(Cl)cc2N=C(N2CCN(C)CC2)c2ccccc21"
"CHEMBL213424","Dopamine D5 receptor","Bioorg. Med. Chem. Lett., (2006) 16:17:4543","Ki","Binding affinity at dopamine D5 receptor",58.0,"Cc1cccc(N)c1C(=O)NN1c2ccc(Cl)cc2N=C(N2CCN(C)CC2)c2ccccc21"
"CHEMBL2323582","Dopamine D5 receptor","ACS Med. Chem. Lett., (2013) 4:2:269","Ki","Displacement of [3H]SCH23390 from human dopamine D5 receptor expressed in HEK cells",5210.0,"CC1=CC(C)=[N+]2C1=C(c1ccc(OCCCN3CCCCC3)cc1)c1c(C)cc(C)n1[B-]2(F)F"
"CHEMBL300780","Dopamine D5 receptor","Bioorg. Med. Chem. Lett., (1998) 8:19:2715","Ki","Compound was evaluated for binding affinity against human Dopamine receptor D5 transfected in CHO cell membranes",10000.0,"O=C(NCCCCN1CCN(c2cccc(Cl)c2Cl)CC1)c1ccc2c(c1)Cc1ccccc1-2"
"CHEMBL378669","Dopamine D5 receptor","Bioorg. Med. Chem. Lett., (2006) 16:17:4543","Ki","Binding affinity at dopamine D5 receptor",53.0,"CN1CCN(C2=Nc3cc(Cl)ccc3N(NC(=O)c3c(N)cccc3Cl)c3ccccc32)CC1"
"CHEMBL209497","Dopamine D5 receptor","Bioorg. Med. Chem. Lett., (2006) 16:15:3950","Ki","Binding affinity to human dopamine D5 receptor",939.0,"O=C1/C(=N/c2cccc(C(F)(F)F)c2)c2ccccc2N1c1cccc(OCCN2CCCC2)c1"
"CHEMBL197408","Dopamine D5 receptor","Bioorg. Med. Chem. Lett., (2005) 15:21:4786","Ki","Affinity towards cloned Dopamine receptor D5",10000.0,"COc1ccc(NC(=O)N2CCN(c3ccc(-c4ccccc4)cc3)CC2)cc1N1CCN(C)CC1"
"CHEMBL213834","Dopamine D5 receptor","Bioorg. Med. Chem. Lett., (2006) 16:17:4543","Ki","Binding affinity at dopamine D5 receptor",105.0,"CN1CCN(C2=Nc3cc(Cl)ccc3N(NC(=O)c3cccc4ccccc34)c3ccccc32)CC1"
"CHEMBL378825","Dopamine D5 receptor","Bioorg. Med. Chem. Lett., (2006) 16:15:3950","Ki","Binding affinity to human dopamine D5 receptor",411.0,"CCN(CC)CCCOc1cccc(N2C(=O)/C(=N/c3cccc(C(F)(F)F)c3)c3ccccc32)c1"
"CHEMBL425069","Dopamine D5 receptor","Bioorg. Med. Chem. Lett., (2006) 16:17:4543","Ki","Binding affinity at dopamine D5 receptor",38.0,"COc1cccc(OC)c1C(=O)NN1c2ccc(Cl)cc2N=C(N2CCN(C)CC2)c2ccccc21"
"CHEMBL15928","Dopamine D5 receptor","Bioorg. Med. Chem. Lett., (2005) 15:21:4786","Ki","Affinity towards cloned Dopamine receptor D5",10000.0,"COc1ccc(NC(=O)c2ccc(-c3ccc(-c4noc(C)n4)cc3C)cc2)cc1N1CCN(C)CC1"
"CHEMBL213492","Dopamine D5 receptor","Bioorg. Med. Chem. Lett., (2006) 16:17:4543","Ki","Binding affinity at dopamine D5 receptor",7.0,"CN1CCN(C2=Nc3cc(Cl)ccc3N(NC(=O)c3c(F)cccc3C(F)(F)F)c3ccccc32)CC1"
"CHEMBL459350","Dopamine D5 receptor","Bioorg. Med. Chem. Lett., (2009) 19:2:538","Ki","Displacement of [3H]SCH23390 from human dopamine D5 receptor expressed in HEK cells",273.0,"CN(CCC=C1c2ccccc2CCc2ccccc21)Cc1ccc(OCCCN2CCCCC2)cc1"
"CHEMBL459373","Dopamine D5 receptor","Bioorg. Med. Chem. Lett., (2009) 19:2:538","Ki","Displacement of [3H]SCH23390 from human dopamine D5 receptor expressed in HEK cells",153.0,"CN(CCCN1c2ccccc2Sc2ccc(Cl)cc21)Cc1ccc(OCCCN2CCCCC2)cc1"
"CHEMBL517407","Dopamine D5 receptor","Bioorg. Med. Chem. Lett., (2009) 19:2:538","Ki","Displacement of [3H]SCH23390 from human dopamine D5 receptor expressed in HEK cells",297.0,"CN(CC/C=C1\c2ccccc2Sc2ccc(Cl)cc21)Cc1ccc(OCCCN2CCCCC2)cc1"
"CHEMBL460402","Dopamine D5 receptor","Bioorg. Med. Chem. Lett., (2009) 19:2:538","Ki","Displacement of [3H]SCH23390 from human dopamine D5 receptor expressed in HEK cells",1000.0,"CN(CCC=C1c2ccccc2CCc2ccccc21)C(=O)c1ccc(OCCCN2CCCCC2)cc1"
"CHEMBL517244","Dopamine D5 receptor","Bioorg. Med. Chem. Lett., (2009) 19:2:538","Ki","Displacement of [3H]SCH23390 from human dopamine D5 receptor expressed in HEK cells",265.0,"CN(CCCC12CCC(c3ccccc31)c1ccccc12)Cc1ccc(OCCCN2CCCCC2)cc1"
"CHEMBL457957","Dopamine D5 receptor","Bioorg. Med. Chem. Lett., (2009) 19:2:538","Ki","Displacement of [3H]SCH23390 from human dopamine D5 receptor expressed in HEK cells",1000.0,"CN(CCC=C1c2ccccc2CCc2ccccc21)C(=O)Cc1ccc(OCCCN2CCCCC2)cc1"
"CHEMBL464811","Dopamine D5 receptor","Bioorg. Med. Chem. Lett., (2009) 19:2:538","Ki","Displacement of [3H]SCH23390 from human dopamine D5 receptor expressed in HEK cells",921.0,"Clc1ccc2c(c1)N=C(N1CCN(Cc3ccc(OCCCN4CCCCC4)cc3)CC1)c1ccccc1N2"
"CHEMBL3577342","Dopamine D5 receptor","J. Med. Chem., (2015) 58:6:2703","Ki","Displacement of [3H]SCH23390 from human dopamine D5 receptor transfected in HEK293 cells after 1 hr by scintillation counting analysis",24000.0,"C#CC1=CC[C@@H](N(CCC)CCCCNC(=O)c2ccc(OCCCc3cn(CCCC)nn3)c(OC)c2)CO1"
"CHEMBL3577343","Dopamine D5 receptor","J. Med. Chem., (2015) 58:6:2703","Ki","Displacement of [3H]SCH23390 from human dopamine D5 receptor transfected in HEK293 cells after 1 hr by scintillation counting analysis",48000.0,"C#CC1=CC[C@H](N(CCC)CCCCNC(=O)c2ccc(OCCCc3cn(CCCC)nn3)c(OC)c2)CO1"
"CHEMBL3577345","Dopamine D5 receptor","J. Med. Chem., (2015) 58:6:2703","Ki","Displacement of [3H]SCH23390 from human dopamine D5 receptor transfected in HEK293 cells after 1 hr by scintillation counting analysis",21000.0,"CCCCn1cc(CCCOc2ccc(C(=O)NCCCCN(CCC)[C@@H]3CCc4c(O)cccc4C3)cc2OC)nn1"
"CHEMBL3577346","Dopamine D5 receptor","J. Med. Chem., (2015) 58:6:2703","Ki","Displacement of [3H]SCH23390 from human dopamine D5 receptor transfected in HEK293 cells after 1 hr by scintillation counting analysis",700.0,"CCCCn1cc(CCCOc2ccc(C(=O)NCCCCN(CCC)[C@H]3CCc4c(O)cccc4C3)cc2OC)nn1"
"CHEMBL3577344","Dopamine D5 receptor","J. Med. Chem., (2015) 58:6:2703","Ki","Displacement of [3H]SCH23390 from human dopamine D5 receptor transfected in HEK293 cells after 1 hr by scintillation counting analysis",25000.0,"CCCCn1cc(CCCOc2ccc(C(=O)NCCCCN(CCC)CCc3ccc(O)c4[nH]c(=O)ccc34)cc2OC)nn1"
"CHEMBL455288","Dopamine D5 receptor","Bioorg. Med. Chem. Lett., (2009) 19:2:538","Ki","Displacement of [3H]SCH23390 from human dopamine D5 receptor expressed in HEK cells",265.0,"O=C(OCCN1CCN(CCCN2c3ccccc3Sc3ccc(C(F)(F)F)cc32)CC1)c1ccc(OCCCN2CCCCC2)cc1"
