"chemblId","target__name","reference","bioactivity__type","assay__description","Activity_value","Smiles"
"CHEMBL1006","Dopamine D3 receptor","Unspecified","IC50","DRUGMATRIX: Dopamine D3 radioligand binding (ligand: [3H] Spiperone)",1929.0,"NCCCNCCSP(=O)(O)O"
"CHEMBL1289","Dopamine D3 receptor","Unspecified","IC50","DRUGMATRIX: Dopamine D3 radioligand binding (ligand: [3H] Spiperone)",488.0,"Clc1cc(Cl)c(OCC#CI)cc1Cl"
"CHEMBL964","Dopamine D3 receptor","Unspecified","IC50","DRUGMATRIX: Dopamine D3 radioligand binding (ligand: [3H] Spiperone)",1084.0,"CCN(CC)C(=S)SSC(=S)N(CC)CC"
"CHEMBL270299","Dopamine D3 receptor","Unspecified","IC50","DRUGMATRIX: Dopamine D3 radioligand binding (ligand: [3H] Spiperone)",3460.0,"CC(C)(C)c1ccc(S(=O)(=O)/C=C/C#N)cc1"
"CHEMBL202420","Dopamine D3 receptor","J. Med. Chem., (2006) 49:4:1420","IC50","Inhibitory activity against dopamine D3",10000.0,"CCCC(C(=O)c1ccc(Br)cc1)N1CCCC1"
"CHEMBL202939","Dopamine D3 receptor","J. Med. Chem., (2006) 49:4:1420","IC50","Inhibitory activity against dopamine D3",10000.0,"CCC(CC(=O)c1ccc(C)cc1)N1CCCC1"
"CHEMBL203403","Dopamine D3 receptor","J. Med. Chem., (2006) 49:4:1420","IC50","Inhibitory activity against dopamine D3",10000.0,"CCCC(C(=O)c1ccccc1C)N1CCCC1"
"CHEMBL203563","Dopamine D3 receptor","J. Med. Chem., (2006) 49:4:1420","IC50","Inhibitory activity against dopamine D3",10000.0,"CCCC(C(=O)c1ccc(O)cc1)N1CCCC1"
"CHEMBL204254","Dopamine D3 receptor","J. Med. Chem., (2006) 49:4:1420","IC50","Inhibitory activity against dopamine D3",10000.0,"CCCC(C(=O)c1cccc(C)c1)N1CCCC1"
"CHEMBL372312","Dopamine D3 receptor","J. Med. Chem., (2006) 49:4:1420","IC50","Inhibitory activity against dopamine D3",10000.0,"CCC[C@@H](C(=O)c1ccc(C)cc1)N1CCCC1"
"CHEMBL290106","Dopamine D3 receptor","Unspecified","IC50","DRUGMATRIX: Dopamine D3 radioligand binding (ligand: [3H] Spiperone)",4218.0,"Oc1c(Cl)cc(Cl)cc1Sc1cc(Cl)cc(Cl)c1O"
"CHEMBL377498","Dopamine D3 receptor","J. Med. Chem., (2006) 49:4:1420","IC50","Inhibitory activity against dopamine D3",10000.0,"CCC(CC(=O)c1ccc(Cl)c(Cl)c1)N1CCCC1"
"CHEMBL381127","Dopamine D3 receptor","J. Med. Chem., (2006) 49:4:1420","IC50","Inhibitory activity against dopamine D3",10000.0,"CCCC(C(=O)c1ccc(OC)cc1)N1CCCC1"
"CHEMBL379446","Dopamine D3 receptor","J. Med. Chem., (2006) 49:4:1420","IC50","Inhibitory activity against dopamine D3",10000.0,"CCCC(C(=O)c1ccc([N+](=O)[O-])cc1)N1CCCC1"
"CHEMBL411","Dopamine D3 receptor","Unspecified","IC50","DRUGMATRIX: Dopamine D3 radioligand binding (ligand: [3H] Spiperone)",8796.0,"CC/C(=C(/CC)c1ccc(O)cc1)c1ccc(O)cc1"
"CHEMBL445","Dopamine D3 receptor","Unspecified","IC50","DRUGMATRIX: Dopamine D3 radioligand binding (ligand: [3H] Spiperone)",179.0,"CNCCC=C1c2ccccc2CCc2ccccc21"
"CHEMBL508112","Dopamine D3 receptor","Unspecified","IC50","DRUGMATRIX: Dopamine D3 radioligand binding (ligand: [3H] Spiperone)",851.0,"c1ccc2sc(SSc3nc4ccccc4s3)nc2c1"
"CHEMBL564","Dopamine D3 receptor","Unspecified","IC50","DRUGMATRIX: Dopamine D3 radioligand binding (ligand: [3H] Spiperone)",205.0,"CN(C)CCCN1c2ccccc2Sc2ccccc21"
"CHEMBL643","Dopamine D3 receptor","Unspecified","IC50","DRUGMATRIX: Dopamine D3 radioligand binding (ligand: [3H] Spiperone)",559.0,"CC(CN1c2ccccc2Sc2ccccc21)N(C)C"
"CHEMBL6437","Dopamine D3 receptor","Bioorg. Med. Chem. Lett., (2002) 12:2:249","IC50","Binding affinity for human cloned Dopamine receptor D3",3890.45,"CN1CCN2c3ccccc3Cc3ccccc3C2C1"
"CHEMBL648","Dopamine D3 receptor","Unspecified","IC50","DRUGMATRIX: Dopamine D3 radioligand binding (ligand: [3H] Spiperone)",2992.0,"CN1CCN(C(c2ccccc2)c2ccccc2)CC1"
"CHEMBL86","Dopamine D3 receptor","Unspecified","IC50","DRUGMATRIX: Dopamine D3 radioligand binding (ligand: [3H] Spiperone)",200.0,"CCN(CC)CCNC(=O)c1cc(Cl)c(N)cc1OC"
"CHEMBL1628227","Dopamine D3 receptor","Unspecified","IC50","DRUGMATRIX: Dopamine D3 radioligand binding (ligand: [3H] Spiperone)",1393.0,"CN(C)CCC=C1c2ccccc2COc2ccccc21"
"CHEMBL204490","Dopamine D3 receptor","J. Med. Chem., (2006) 49:4:1420","IC50","Inhibitory activity against dopamine D3",10000.0,"CCCC(C(=O)c1ccc(C(F)(F)F)cc1)N1CCCC1"
"CHEMBL204759","Dopamine D3 receptor","J. Med. Chem., (2006) 49:4:1420","IC50","Inhibitory activity against dopamine D3",10000.0,"CCCC(C(=O)c1ccc2ccccc2c1)N1CCCC1"
"CHEMBL21731","Dopamine D3 receptor","Unspecified","IC50","DRUGMATRIX: Dopamine D3 radioligand binding (ligand: [3H] Spiperone)",645.0,"CNCCCC12CCC(c3ccccc31)c1ccccc12"
"CHEMBL379679","Dopamine D3 receptor","J. Med. Chem., (2006) 49:4:1420","IC50","Inhibitory activity against dopamine D3",10000.0,"CCCC(C(=O)c1ccc(NC(C)=O)cc1)N1CCCC1"
"CHEMBL576315","Dopamine D3 receptor","Bioorg. Med. Chem., (2009) 17:14:5153","IC50","Displacement of [3H]spiperone from human cloned dopamine D3 receptor expressed in CHO-K1 cells",5000.0,"NCCn1cc(S(=O)(=O)c2ccccc2)c2cccnc21"
"CHEMBL629","Dopamine D3 receptor","Unspecified","IC50","DRUGMATRIX: Dopamine D3 radioligand binding (ligand: [3H] Spiperone)",182.0,"CN(C)CCC=C1c2ccccc2CCc2ccccc21"
"CHEMBL71","Dopamine D3 receptor","Unspecified","IC50","DRUGMATRIX: Dopamine D3 radioligand binding (ligand: [3H] Spiperone)",12.0,"CN(C)CCCN1c2ccccc2Sc2ccc(Cl)cc21"
"CHEMBL81485","Dopamine D3 receptor","Bioorg. Med. Chem. Lett., (2002) 12:2:243","IC50","Binding affinity for human cloned Dopamine receptor D3",338.84,"CNCC1CC2c3ccccc3Cc3ccccc3N2O1"
"CHEMBL1113","Dopamine D3 receptor","Unspecified","IC50","DRUGMATRIX: Dopamine D3 radioligand binding (ligand: [3H] Spiperone)",134.0,"Clc1ccc2c(c1)C(N1CCNCC1)=Nc1ccccc1O2"
"CHEMBL1123","Dopamine D3 receptor","Unspecified","IC50","DRUGMATRIX: Dopamine D3 radioligand binding (ligand: [3H] Spiperone)",1210.0,"CCN(CC)CCOC(=O)C1(C2CCCCC2)CCCCC1"
"CHEMBL1172","Dopamine D3 receptor","Unspecified","IC50","DRUGMATRIX: Dopamine D3 radioligand binding (ligand: [3H] Spiperone)",1906.0,"Clc1ccc2c(c1)CCc1cccnc1C2=C1CCNCC1"
"CHEMBL331077","Dopamine D3 receptor","Bioorg. Med. Chem. Lett., (2002) 12:24:3573","IC50","Binding affinity against Dopamine receptor D3",1659.59,"CN(C)CC1CC2c3ccccc3Cc3ccncc3N2O1"
"CHEMBL331188","Dopamine D3 receptor","Bioorg. Med. Chem. Lett., (2002) 12:24:3573","IC50","Binding affinity against Dopamine receptor D3",1000.0,"CN(C)CC1CC2c3cccnc3Cc3ccccc3N2O1"
"CHEMBL3335555","Dopamine D3 receptor","ACS Med. Chem. Lett., (2014) 5:9:1060","IC50","Inhibition of human dopamine D3 receptor",8170.0,"Oc1ccc(CN2CCO[C@H](CCc3ccccc3)C2)cc1"
"CHEMBL369997","Dopamine D3 receptor","J. Med. Chem., (2006) 49:4:1420","IC50","Inhibitory activity against dopamine D3",10000.0,"CCCC(C(=O)c1ccc(-c2cccs2)cc1)N1CCCC1"
"CHEMBL395110","Dopamine D3 receptor","Unspecified","IC50","DRUGMATRIX: Dopamine D3 radioligand binding (ligand: [3H] Spiperone)",2006.0,"CN1CCCC(CN2c3ccccc3Sc3ccccc32)C1"
"CHEMBL415","Dopamine D3 receptor","Unspecified","IC50","DRUGMATRIX: Dopamine D3 radioligand binding (ligand: [3H] Spiperone)",139.0,"CN(C)CCCN1c2ccccc2CCc2ccc(Cl)cc21"
"CHEMBL516","Dopamine D3 receptor","Unspecified","IC50","DRUGMATRIX: Dopamine D3 radioligand binding (ligand: [3H] Spiperone)",48.0,"CN1CCC(=C2c3ccccc3C=Cc3ccccc32)CC1"
"CHEMBL531","Dopamine D3 receptor","Unspecified","IC50","DRUGMATRIX: Dopamine D3 radioligand binding (ligand: [3H] Spiperone)",5.39,"CCCN1C[C@H](CSC)C[C@@H]2c3cccc4[nH]cc(c34)C[C@H]21"
"CHEMBL534","Dopamine D3 receptor","Unspecified","IC50","DRUGMATRIX: Dopamine D3 radioligand binding (ligand: [3H] Spiperone)",1963.0,"CN1CCC(=C2c3ccccc3CC(=O)c3sccc32)CC1"
"CHEMBL565745","Dopamine D3 receptor","Bioorg. Med. Chem., (2009) 17:14:5153","IC50","Displacement of [3H]spiperone from human cloned dopamine D3 receptor expressed in CHO-K1 cells",5000.0,"NCCn1cc(S(=O)(=O)c2cccc(Cl)c2)c2cccnc21"
"CHEMBL715","Dopamine D3 receptor","Unspecified","IC50","DRUGMATRIX: Dopamine D3 radioligand binding (ligand: [3H] Spiperone)",78.0,"Cc1cc2c(s1)Nc1ccccc1N=C2N1CCN(C)CC1"
"CHEMBL83658","Dopamine D3 receptor","Bioorg. Med. Chem. Lett., (2002) 12:2:249","IC50","Binding affinity for human cloned Dopamine receptor D3",169.82,"CN(C)CC1CC2c3ccccc3Cc3ccccc3N2O1"
"CHEMBL84158","Dopamine D3 receptor","Unspecified","IC50","DRUGMATRIX: Dopamine D3 radioligand binding (ligand: [3H] Spiperone)",1149.0,"CCN(CC)CCNC(=O)c1cc(S(C)(=O)=O)ccc1OC"
"CHEMBL926","Dopamine D3 receptor","Unspecified","IC50","DRUGMATRIX: Dopamine D3 radioligand binding (ligand: [3H] Spiperone)",4985.0,"CC(CCc1ccc(O)cc1)NCCc1ccc(O)c(O)c1"
"CHEMBL1201203","Dopamine D3 receptor","Unspecified","IC50","DRUGMATRIX: Dopamine D3 radioligand binding (ligand: [3H] Spiperone)",654.0,"CN1[C@H]2CC[C@@H]1C[C@H](OC(c1ccccc1)c1ccccc1)C2"
"CHEMBL2113241","Dopamine D3 receptor","J. Med. Chem., (2006) 49:14:4374","IC50","Binding affinity to D3 receptor",10000.0,"Cc1coc2ccc(N3C[C@@]4(CN5CCC4CC5)OC3=O)cc12"
"CHEMBL21343","Dopamine D3 receptor","Bioorg. Med. Chem. Lett., (2009) 19:21:6185","IC50","Inhibition of dopamine D3 receptor",10000.0,"CCN(CC)C(=O)[C@@H]1C=C2c3cccc4[nH]cc(c34)C[C@H]2NC1"
"CHEMBL2180639","Dopamine D3 receptor","J. Med. Chem., (2012) 55:22:10302","IC50","Antagonist activity at human dopamine D3 receptor expressed in CHOp cells assessed as inhibition of quinpirol-induced mitogenesis incubated for 24 hrs by [3H]thymidine incorporation assay",953.0,"Oc1cccc(CCN(CCc2ccccc2)CC2CCC2)c1"
"CHEMBL26","Dopamine D3 receptor","Unspecified","IC50","DRUGMATRIX: Dopamine D3 radioligand binding (ligand: [3H] Spiperone)",169.0,"CCN1CCCC1CNC(=O)c1cc(S(N)(=O)=O)ccc1OC"
"CHEMBL267044","Dopamine D3 receptor","Unspecified","IC50","DRUGMATRIX: Dopamine D3 radioligand binding (ligand: [3H] Spiperone)",123.0,"CCN1CCC[C@H]1CNC(=O)c1cc(S(N)(=O)=O)ccc1OC"
"CHEMBL313189","Dopamine D3 receptor","Bioorg. Med. Chem. Lett., (2002) 12:2:243","IC50","Binding affinity for human cloned Dopamine receptor D3",1000.0,"CN(C)CCC1CC2c3ccccc3Cc3ccccc3N2O1"
"CHEMBL315772","Dopamine D3 receptor","Bioorg. Med. Chem. Lett., (2002) 12:2:249","IC50","Binding affinity for human cloned Dopamine receptor D3",0.55,"CN(C)CC1CC2c3ccccc3Cc3ccc(Cl)cc3N2O1"
"CHEMBL3335539","Dopamine D3 receptor","ACS Med. Chem. Lett., (2014) 5:9:1060","IC50","Inhibition of human dopamine D3 receptor",8170.0,"COc1ccc(CN2CCOC(CCc3ccccc3)C2)cc1"
"CHEMBL415300","Dopamine D3 receptor","J. Med. Chem., (1999) 42:12:2235","IC50","Binding affinity towards human Dopamine receptor D3",120.0,"CN1CCN(C2=Nc3ccccc3Nc3ccc(Cl)cc32)CC1"
"CHEMBL42","Dopamine D3 receptor","Unspecified","IC50","DRUGMATRIX: Dopamine D3 radioligand binding (ligand: [3H] Spiperone)",258.0,"CN1CCN(C2=Nc3cc(Cl)ccc3Nc3ccccc32)CC1"
"CHEMBL555670","Dopamine D3 receptor","Bioorg. Med. Chem. Lett., (1998) 8:15:2033","IC50","Binding affinity to cloned human Dopamine receptor D3 expressed in CHO cells by [3H]spiperone displacement.",80.0,"Clc1ccc(N2CCN(Cc3c[nH]c4ncccc34)CC2)cc1"
"CHEMBL588119","Dopamine D3 receptor","Unspecified","IC50","DRUGMATRIX: Dopamine D3 radioligand binding (ligand: [3H] Spiperone)",2103.9,"CCCCCCCCN[C@H](C)[C@@H](O)c1ccc(SC(C)C)cc1"
"CHEMBL7002","Dopamine D3 receptor","Unspecified","IC50","DRUGMATRIX: Dopamine D3 radioligand binding (ligand: [3H] Spiperone)",26704.0,"CC1(COc2ccc(CC3SC(=O)NC3=O)cc2)CCCCC1"
"CHEMBL831","Dopamine D3 receptor","J. Med. Chem., (1999) 42:12:2235","IC50","Binding affinity towards human Dopamine receptor D3",22.0,"CN1CCN(C2=Nc3ccccc3Oc3ccc(Cl)cc32)CC1"
"CHEMBL84931","Dopamine D3 receptor","Bioorg. Med. Chem. Lett., (2002) 12:2:249","IC50","Binding affinity for human cloned Dopamine receptor D3",14.13,"CN(C)CC1CC2c3ccccc3Cc3ccc(F)cc3N2O1"
"CHEMBL85735","Dopamine D3 receptor","Bioorg. Med. Chem. Lett., (2002) 12:2:249","IC50","Binding affinity for human cloned Dopamine receptor D3",1000.0,"Cc1ccc2c(c1)N1OC(CN(C)C)CC1c1ccccc1C2"
"CHEMBL936","Dopamine D3 receptor","Unspecified","IC50","DRUGMATRIX: Dopamine D3 radioligand binding (ligand: [3H] Spiperone)",2311.0,"OC(CCCN1CCCCC1)(c1ccccc1)c1ccccc1"
"CHEMBL119443","Dopamine D3 receptor","Unspecified","IC50","DRUGMATRIX: Dopamine D3 radioligand binding (ligand: [3H] Spiperone)",567.0,"C[C@@H](CO)NC(=O)[C@@H]1C=C2c3cccc4[nH]cc(c34)C[C@H]2N(C)C1"
"CHEMBL1221","Dopamine D3 receptor","Unspecified","IC50","DRUGMATRIX: Dopamine D3 radioligand binding (ligand: [3H] Spiperone)",3104.0,"Clc1ccc(CSC(Cn2ccnc2)c2ccc(Cl)cc2Cl)cc1"
"CHEMBL1626","Dopamine D3 receptor","Unspecified","IC50","DRUGMATRIX: Dopamine D3 radioligand binding (ligand: [3H] Spiperone)",7.34,"CN1CCC[C@@H]1CCO[C@](C)(c1ccccc1)c1ccc(Cl)cc1"
"CHEMBL314107","Dopamine D3 receptor","Bioorg. Med. Chem. Lett., (2002) 12:2:249","IC50","Binding affinity for human cloned Dopamine receptor D3",1000.0,"CN(C)CC1CC2c3cc(F)ccc3Cc3ccc(F)cc3N2O1"
"CHEMBL3335535","Dopamine D3 receptor","ACS Med. Chem. Lett., (2014) 5:9:1060","IC50","Inhibition of human dopamine D3 receptor",31800.0,"c1ccc(CCC2CN(Cc3nc4ccccc4[nH]3)CCO2)cc1"
"CHEMBL3335536","Dopamine D3 receptor","ACS Med. Chem. Lett., (2014) 5:9:1060","IC50","Inhibition of human dopamine D3 receptor",76400.0,"c1ccc(CC[C@H]2CN(Cc3nc4ccccc4[nH]3)CCO2)cc1"
"CHEMBL3335537","Dopamine D3 receptor","ACS Med. Chem. Lett., (2014) 5:9:1060","IC50","Inhibition of human dopamine D3 receptor",46200.0,"c1ccc(CC[C@@H]2CN(Cc3nc4ccccc4[nH]3)CCO2)cc1"
"CHEMBL445102","Dopamine D3 receptor","J. Med. Chem., (2008) 51:19:6095","IC50","Antagonist activity at dopamine D3 receptor",90.4,"OC1(c2ccc(Cl)cc2)CCN(Cc2c[nH]c3ccccc23)CC1"
"CHEMBL571858","Dopamine D3 receptor","Bioorg. Med. Chem., (2009) 17:14:5153","IC50","Displacement of [3H]spiperone from human cloned dopamine D3 receptor expressed in CHO-K1 cells",5000.0,"CN(C)CCn1cc(S(=O)(=O)c2cccc(F)c2)c2cccnc21"
"CHEMBL584046","Dopamine D3 receptor","Bioorg. Med. Chem., (2009) 17:14:5153","IC50","Displacement of [3H]spiperone from human cloned dopamine D3 receptor expressed in CHO-K1 cells",5000.0,"CN(C)CCn1cc(S(=O)(=O)c2cccc(Cl)c2)c2cccnc21"
"CHEMBL64597","Dopamine D3 receptor","Bioorg. Med. Chem. Lett., (1998) 8:15:2033","IC50","Binding affinity to cloned human Dopamine receptor D3 expressed in CHO cells by [3H]spiperone displacement.",200.0,"c1cnc(N2CCN(Cc3cccc(-c4ccsc4)c3)CC2)nc1"
"CHEMBL808","Dopamine D3 receptor","Unspecified","IC50","DRUGMATRIX: Dopamine D3 radioligand binding (ligand: [3H] Spiperone)",4756.0,"Clc1ccc(COC(Cn2ccnc2)c2ccc(Cl)cc2Cl)cc1"
"CHEMBL104","Dopamine D3 receptor","Unspecified","IC50","DRUGMATRIX: Dopamine D3 radioligand binding (ligand: [3H] Spiperone)",2647.0,"Clc1ccccc1C(c1ccccc1)(c1ccccc1)n1ccnc1"
"CHEMBL114484","Dopamine D3 receptor","J. Med. Chem., (2001) 44:21:3391","IC50","Inhibition of human dopamine receptor D3",154.0,"Cc1ccc(CN2CCC(n3c(O)nc4ccccc43)CC2)c(Cl)c1"
"CHEMBL1201356","Dopamine D3 receptor","Unspecified","IC50","DRUGMATRIX: Dopamine D3 radioligand binding (ligand: [3H] Spiperone)",167.0,"CC[C@@H](CO)NC(=O)[C@@H]1C=C2c3cccc4[nH]cc(c34)C[C@H]2N(C)C1"
"CHEMBL1219","Dopamine D3 receptor","Unspecified","IC50","DRUGMATRIX: Dopamine D3 radioligand binding (ligand: [3H] Spiperone)",2326.0,"COCCCOc1ccnc(C[S+]([O-])c2nc3ccccc3[nH]2)c1C"
"CHEMBL1479","Dopamine D3 receptor","Unspecified","IC50","DRUGMATRIX: Dopamine D3 radioligand binding (ligand: [3H] Spiperone)",28860.0,"C#C[C@]1(O)CC[C@H]2[C@@H]3CCC4=Cc5oncc5C[C@]4(C)[C@H]3CC[C@@]21C"
"CHEMBL157138","Dopamine D3 receptor","Unspecified","IC50","DRUGMATRIX: Dopamine D3 radioligand binding (ligand: [3H] Spiperone)",0.173,"CCN(CC)C(=O)N[C@H]1C=C2c3cccc4[nH]cc(c34)C[C@H]2N(C)C1"
"CHEMBL2393243","Dopamine D3 receptor","Unspecified","IC50","Displacement of [3H]-methylspiperone from dopamine D3 receptor (unknown origin) after 30 mins",271.5,"c1ccc(Cc2nc3c(c(Nc4ccccc4)n2)CCNCC3)cc1"
"CHEMBL250699","Dopamine D3 receptor","Proc. Natl. Acad. Sci. U.S.A., (2007) 104:20:8520","IC50","Displacement of [3H]spiperone from dopamine D3 receptor",10000.0,"COc1cc(NC(=O)c2ccc(-c3ccc(Cl)cc3)o2)cc(OC)c1"
"CHEMBL479","Dopamine D3 receptor","Unspecified","IC50","DRUGMATRIX: Dopamine D3 radioligand binding (ligand: [3H] Spiperone)",9.89,"CSc1ccc2c(c1)N(CCC1CCCCN1C)c1ccccc1S2"
"CHEMBL479952","Dopamine D3 receptor","Bioorg. Med. Chem. Lett., (2008) 18:14:3844","IC50","Displacement of [3H]spiperone from human cloned dopamine D3 receptor",10000.0,"O=C(Nc1ccc(Oc2cccnc2)nc1)c1c[nH]c2ccccc12"
"CHEMBL55","Dopamine D3 receptor","Unspecified","IC50","DRUGMATRIX: Dopamine D3 radioligand binding (ligand: [3H] Spiperone)",3998.0,"N=C(N)c1ccc(OCCCCCOc2ccc(C(=N)N)cc2)cc1"
"CHEMBL64119","Dopamine D3 receptor","Bioorg. Med. Chem. Lett., (1998) 8:15:2033","IC50","Binding affinity to cloned human Dopamine receptor D3 expressed in CHO cells by [3H]spiperone displacement.",5500.0,"CC(C)Oc1cccnc1N(C)C1CCN(Cc2ccccc2)CC1"
"CHEMBL672","Dopamine D3 receptor","Unspecified","IC50","DRUGMATRIX: Dopamine D3 radioligand binding (ligand: [3H] Spiperone)",137533.0,"CC(C)OC(=O)C(C)(C)Oc1ccc(C(=O)c2ccc(Cl)cc2)cc1"
"CHEMBL728","Dopamine D3 receptor","Unspecified","IC50","DRUGMATRIX: Dopamine D3 radioligand binding (ligand: [3H] Spiperone)",13.0,"CN1CCN(CCCN2c3ccccc3Sc3ccc(Cl)cc32)CC1"
"CHEMBL91","Dopamine D3 receptor","Unspecified","IC50","DRUGMATRIX: Dopamine D3 radioligand binding (ligand: [3H] Spiperone)",3199.0,"Clc1ccc(COC(Cn2ccnc2)c2ccc(Cl)cc2Cl)c(Cl)c1"
"CHEMBL1065","Dopamine D3 receptor","Unspecified","IC50","DRUGMATRIX: Dopamine D3 radioligand binding (ligand: [3H] Spiperone)",172.0,"CC[C@@H](CO)NC(=O)[C@@H]1C=C2c3cccc4c3c(cn4C)C[C@H]2N(C)C1"
"CHEMBL1082723","Dopamine D3 receptor","Science, (2010) 329:5996:1175","IC50","Binding affinity to human recombinant dopamine D3 receptor",10000.0,"C[C@H]1Cc2c([nH]c3cc(Cl)c(F)cc23)[C@@]2(N1)C(=O)Nc1ccc(Cl)cc12"
"CHEMBL1222138","Dopamine D3 receptor","Bioorg. Med. Chem. Lett., (2010) 20:17:5221","IC50","Displacement of [3H]spiperone from human dopamine D3 receptor expressed in CHOKI cells",2893.0,"CC(C)N(c1cccc(N2CCN(C)CC2)c1)S(=O)(=O)c1ccccc1"
"CHEMBL1231","Dopamine D3 receptor","Unspecified","IC50","DRUGMATRIX: Dopamine D3 radioligand binding (ligand: [3H] Spiperone)",428.8,"CCN(CC)CC#CCOC(=O)C(O)(c1ccccc1)C1CCCCC1"
"CHEMBL1262","Dopamine D3 receptor","Unspecified","IC50","DRUGMATRIX: Dopamine D3 radioligand binding (ligand: [3H] Spiperone)",1993.7,"Clc1ccc(CO/N=C(\Cn2ccnc2)c2ccc(Cl)cc2Cl)c(Cl)c1"
"CHEMBL220808","Dopamine D3 receptor","J. Med. Chem., (2008) 51:3:347","IC50","Binding affinity to human dopaminergic D3 receptor",6.0,"Fc1ccc(-c2cncc(CNC[C@H]3CCc4ccccc4O3)c2)cc1"
"CHEMBL2393244","Dopamine D3 receptor","Unspecified","IC50","Displacement of [3H]-methylspiperone from dopamine D3 receptor (unknown origin) after 30 mins",674.3,"Fc1cccc(Nc2nc(Cc3ccccc3)nc3c2CCNCC3)c1"
"CHEMBL2393245","Dopamine D3 receptor","Unspecified","IC50","Displacement of [3H]-methylspiperone from dopamine D3 receptor (unknown origin) after 30 mins",807.3,"Clc1cccc(Nc2nc(Cc3ccccc3)nc3c2CCNCC3)c1"
"CHEMBL291380","Dopamine D3 receptor","Bioorg. Med. Chem. Lett., (1998) 8:15:2033","IC50","Binding affinity to cloned human Dopamine receptor D3 expressed in CHO cells by [3H]spiperone displacement.",320.0,"Fc1ccccc1-c1cccc(CN2CCN(c3ncccn3)CC2)c1"
"CHEMBL302183","Dopamine D3 receptor","Bioorg. Med. Chem. Lett., (1998) 8:15:2033","IC50","Binding affinity to cloned human Dopamine receptor D3 expressed in CHO cells by [3H]spiperone displacement.",150.0,"Fc1ccc(-c2cncc(CN3CCN(c4ncccn4)CC3)c2)cc1"
"CHEMBL302904","Dopamine D3 receptor","Bioorg. Med. Chem. Lett., (1998) 8:15:2033","IC50","Binding affinity to cloned human Dopamine receptor D3 expressed in CHO cells by [3H]spiperone displacement.",33.0,"Fc1ccc(-c2cncc(CN3CCN(c4ccccc4)CC3)c2)cc1"
"CHEMBL303519","Dopamine D3 receptor","Bioorg. Med. Chem. Lett., (1998) 8:15:2033","IC50","Binding affinity to cloned human Dopamine receptor D3 expressed in CHO cells by [3H]spiperone displacement.",5600.0,"c1cnc(N2CCN(Cc3cccc4c3Cc3ccccc3-4)CC2)nc1"
"CHEMBL304692","Dopamine D3 receptor","Bioorg. Med. Chem. Lett., (1998) 8:15:2033","IC50","Binding affinity to cloned human Dopamine receptor D3 expressed in CHO cells by [3H]spiperone displacement.",4000.0,"c1cnc(N2CCN(Cc3cccc4c3-c3ccccc3C4)CC2)nc1"
"CHEMBL3084502","Dopamine D3 receptor","J. Med. Chem., (2008) 51:19:6095","IC50","Antagonist activity at dopamine D3 receptor",12.3,"O[C@@]1(c2ccc(Cl)cc2)C[C@@H]2CC[C@H](C1)N2Cc1c[nH]c2ccccc12"
"CHEMBL3084512","Dopamine D3 receptor","J. Med. Chem., (2008) 51:19:6095","IC50","Antagonist activity at dopamine D3 receptor",4.2,"O[C@]1(c2ccc(Cl)cc2)C[C@@H]2CC[C@H](C1)N2Cc1csc2ccccc12"
"CHEMBL3084515","Dopamine D3 receptor","J. Med. Chem., (2008) 51:19:6095","IC50","Antagonist activity at dopamine D3 receptor",0.85,"O[C@]1(c2ccc(Cl)cc2)C[C@@H]2CC[C@H](C1)N2Cc1coc2ccccc12"
"CHEMBL3335538","Dopamine D3 receptor","ACS Med. Chem. Lett., (2014) 5:9:1060","IC50","Inhibition of human dopamine D3 receptor",8170.0,"FC(F)(F)Oc1ccc(CN2CCOC(CCc3ccccc3)C2)cc1"
"CHEMBL3335554","Dopamine D3 receptor","ACS Med. Chem. Lett., (2014) 5:9:1060","IC50","Inhibition of human dopamine D3 receptor",8170.0,"FC(F)(F)Oc1ccc(CN2CCO[C@H](CCc3ccccc3)C2)cc1"
"CHEMBL516452","Dopamine D3 receptor","Bioorg. Med. Chem. Lett., (2008) 18:14:3844","IC50","Displacement of [3H]spiperone from human cloned dopamine D3 receptor",10000.0,"O=C(Nc1ccc(Oc2cccnc2Cl)nc1)c1c[nH]c2ccccc12"
"CHEMBL54","Dopamine D3 receptor","Unspecified","IC50","DRUGMATRIX: Dopamine D3 radioligand binding (ligand: [3H] Spiperone)",20.0,"O=C(CCCN1CCC(O)(c2ccc(Cl)cc2)CC1)c1ccc(F)cc1"
"CHEMBL59942","Dopamine D3 receptor","Bioorg. Med. Chem. Lett., (1998) 8:15:2033","IC50","Binding affinity to cloned human Dopamine receptor D3 expressed in CHO cells by [3H]spiperone displacement.",59.0,"Fc1ccc(-c2cccc(CN3CCN(c4ncccn4)CC3)c2)cc1"
"CHEMBL60957","Dopamine D3 receptor","Bioorg. Med. Chem. Lett., (1998) 8:15:2033","IC50","Binding affinity to cloned human Dopamine receptor D3 expressed in CHO cells by [3H]spiperone displacement.",480.0,"Fc1ccc(-c2cncc(CN3CCN(c4cnccn4)CC3)c2)cc1"
"CHEMBL61657","Dopamine D3 receptor","Bioorg. Med. Chem. Lett., (1998) 8:15:2033","IC50","Binding affinity to cloned human Dopamine receptor D3 expressed in CHO cells by [3H]spiperone displacement.",300.0,"Fc1ccc(-c2cncc(CN3CCN(c4ccccn4)CC3)c2)cc1"
"CHEMBL621","Dopamine D3 receptor","Unspecified","IC50","DRUGMATRIX: Dopamine D3 radioligand binding (ligand: [3H] Spiperone)",3743.0,"O=c1n(CCCN2CCN(c3cccc(Cl)c3)CC2)nc2ccccn12"
"CHEMBL62829","Dopamine D3 receptor","Bioorg. Med. Chem. Lett., (1998) 8:15:2033","IC50","Binding affinity to cloned human Dopamine receptor D3 expressed in CHO cells by [3H]spiperone displacement.",200.0,"Fc1cccc(-c2cccc(CN3CCN(c4ncccn4)CC3)c2)c1"
"CHEMBL114379","Dopamine D3 receptor","J. Med. Chem., (2001) 44:21:3391","IC50","Inhibition of human dopamine receptor D3",1910.0,"Oc1nc2ccccc2n1C1CCN(Cc2cc3c(cc2Cl)OCO3)CC1"
"CHEMBL1221497","Dopamine D3 receptor","Bioorg. Med. Chem. Lett., (2010) 20:17:5221","IC50","Displacement of [3H]spiperone from human dopamine D3 receptor expressed in CHOKI cells",2102.0,"CN1CCN(c2cccc(NS(=O)(=O)c3ccc4ccccc4c3)c2)CC1"
"CHEMBL1255588","Dopamine D3 receptor","Unspecified","IC50","Binding affinity to human dopamine D3 receptor by radioligand displacement assay",1.9,"CC(C)(C)[C@@]1(O)CCN2C[C@@H]3c4ccccc4CCc4cccc(c43)[C@H]2C1"
"CHEMBL1909072","Dopamine D3 receptor","Unspecified","IC50","DRUGMATRIX: Dopamine D3 radioligand binding (ligand: [3H] Spiperone)",4.67,"NC(=O)C1CCN(CCCN2c3ccccc3Sc3ccc(Cl)cc32)CC1"
"CHEMBL2393246","Dopamine D3 receptor","Unspecified","IC50","Displacement of [3H]-methylspiperone from dopamine D3 receptor (unknown origin) after 30 mins",940.7,"COc1cccc(Nc2nc(Cc3ccccc3)nc3c2CCNCC3)c1"
"CHEMBL291824","Dopamine D3 receptor","Bioorg. Med. Chem. Lett., (1998) 8:15:2033","IC50","Binding affinity to cloned human Dopamine receptor D3 expressed in CHO cells by [3H]spiperone displacement.",200.0,"Fc1ccc(-c2cncc(CN3CCN(c4ccc(F)cc4)CC3)c2)cc1"
"CHEMBL292943","Dopamine D3 receptor","Bioorg. Med. Chem. Lett., (1998) 8:15:2033","IC50","Binding affinity to cloned human Dopamine receptor D3 expressed in CHO cells by [3H]spiperone displacement.",72.0,"COc1ccc(-c2cccc(CN3CCN(c4ncccn4)CC3)c2)cc1"
"CHEMBL306474","Dopamine D3 receptor","J. Med. Chem., (1999) 42:12:2235","IC50","Binding affinity towards human Dopamine receptor D3",350.0,"CN1CCN(C2=Nc3ccccc3Oc3ccc(OS(C)(=O)=O)cc32)CC1"
"CHEMBL3084503","Dopamine D3 receptor","J. Med. Chem., (2008) 51:19:6095","IC50","Antagonist activity at dopamine D3 receptor",10.2,"O[C@]1(c2ccc(Cl)c(Cl)c2)C[C@@H]2CC[C@H](C1)N2Cc1c[nH]c2ccccc12"
"CHEMBL325750","Dopamine D3 receptor","J. Med. Chem., (2001) 44:21:3391","IC50","Inhibition of human dopamine receptor D3",29.0,"O=C1NCN(c2ccccc2)C12CCN(Cc1ccc3nsnc3c1)CC2"
"CHEMBL326962","Dopamine D3 receptor","J. Med. Chem., (2001) 44:21:3391","IC50","Inhibition of human dopamine receptor D3",160.0,"O=C1NCN(c2ccccc2)C12CCN(Cc1ccc3c(c1)OCO3)CC2"
"CHEMBL480127","Dopamine D3 receptor","Bioorg. Med. Chem. Lett., (2008) 18:14:3844","IC50","Displacement of [3H]spiperone from human cloned dopamine D3 receptor",10000.0,"Cc1ccc2[nH]cc(C(=O)Nc3ccc(Oc4cccnc4C)nc3)c2c1"
"CHEMBL519103","Dopamine D3 receptor","Bioorg. Med. Chem. Lett., (2008) 18:14:3844","IC50","Displacement of [3H]spiperone from human cloned dopamine D3 receptor",10000.0,"Cc1ccc2c(C(=O)Nc3ccc(Oc4cccnc4C)nc3)c[nH]c2c1"
"CHEMBL565552","Dopamine D3 receptor","Bioorg. Med. Chem., (2009) 17:14:5153","IC50","Displacement of [3H]spiperone from human cloned dopamine D3 receptor expressed in CHO-K1 cells",1558.0,"CN(C)CCn1cc(S(=O)(=O)c2cccc3ccccc23)c2cccnc21"
"CHEMBL61682","Dopamine D3 receptor","Bioorg. Med. Chem. Lett., (1998) 8:15:2033","IC50","Binding affinity to cloned human Dopamine receptor D3 expressed in CHO cells by [3H]spiperone displacement.",8.0,"Fc1ccc(-c2cncc(CN3CCN(c4ccccc4F)CC3)c2)cc1"
"CHEMBL64487","Dopamine D3 receptor","Bioorg. Med. Chem. Lett., (1998) 8:15:2033","IC50","Binding affinity to cloned human Dopamine receptor D3 expressed in CHO cells by [3H]spiperone displacement.",710.0,"COc1ccccc1-c1cccc(CN2CCN(c3ncccn3)CC2)c1"
"CHEMBL64671","Dopamine D3 receptor","Bioorg. Med. Chem. Lett., (1998) 8:15:2033","IC50","Binding affinity to cloned human Dopamine receptor D3 expressed in CHO cells by [3H]spiperone displacement.",1100.0,"COc1cccc(-c2cccc(CN3CCN(c4ncccn4)CC3)c2)c1"
"CHEMBL71327","Dopamine D3 receptor","J. Med. Chem., (2005) 48:11:3663","IC50","Mitogenic stimulation or antagonism of 30 nM quinpirole-stimulated mitogenesis in CHO cells expressing human dopamine D3 receptor",7.71,"O=C(NC/C=C/CN1CCN(c2cccc(Cl)c2Cl)CC1)c1ccccc1"
"CHEMBL716","Dopamine D3 receptor","Unspecified","IC50","DRUGMATRIX: Dopamine D3 radioligand binding (ligand: [3H] Spiperone)",1163.2,"OCCOCCN1CCN(C2=Nc3ccccc3Sc3ccccc32)CC1"
"CHEMBL71865","Dopamine D3 receptor","J. Med. Chem., (2005) 48:11:3663","IC50","Mitogenic stimulation or antagonism of 30 nM quinpirole-stimulated mitogenesis in CHO cells expressing human dopamine D3 receptor",6.0,"O=C(NC/C=C\CN1CCN(c2cccc(Cl)c2Cl)CC1)c1ccccc1"
"CHEMBL8514","Dopamine D3 receptor","Unspecified","IC50","Antagonist activity against human recombinant dopmaine D3 receptor expressed in CHOK1 cells assessed as reduction in dopamine-induced cAMP levels",16.0,"CC(C)(C)[C@]1(O)CCN2C[C@H]3c4ccccc4CCc4cccc(c43)[C@@H]2C1"
"CHEMBL1108","Dopamine D3 receptor","Unspecified","IC50","DRUGMATRIX: Dopamine D3 radioligand binding (ligand: [3H] Spiperone)",2.77,"O=C(CCCN1CC=C(n2c(=O)[nH]c3ccccc32)CC1)c1ccc(F)cc1"
"CHEMBL115652","Dopamine D3 receptor","J. Med. Chem., (2001) 44:21:3391","IC50","Inhibition of human dopamine receptor D3",2120.0,"O=C1NCN(c2ccccc2)C12CCN(Cc1cc3c(cc1Cl)OCO3)CC2"
"CHEMBL1222362","Dopamine D3 receptor","Bioorg. Med. Chem. Lett., (2010) 20:17:5221","IC50","Displacement of [3H]spiperone from human dopamine D3 receptor expressed in CHOKI cells",2416.0,"CN1CCN(c2cccc(N(C)S(=O)(=O)c3ccc4ccccc4c3)c2)CC1"
"CHEMBL180060","Dopamine D3 receptor","J. Med. Chem., (2005) 48:11:3663","IC50","Mitogenic stimulation or antagonism of 30 nM quinpirole-stimulated mitogenesis in CHO cells expressing human dopamine D3 receptor",24.1,"O=C(NC/C=C/CN1CCN(c2cccc(Cl)c2Cl)CC1)c1ccc(I)cc1"
"CHEMBL195057","Dopamine D3 receptor","J. Med. Chem., (2005) 48:11:3663","IC50","Mitogenic stimulation or antagonism of 30 nM quinpirole-stimulated mitogenesis in CHO cells expressing human dopamine D3 receptor",1.0,"O=C(NC/C=C/CN1CCN(c2cccc(Cl)c2Cl)CC1)c1ccc(O)cc1"
"CHEMBL302374","Dopamine D3 receptor","J. Med. Chem., (2005) 48:11:3663","IC50","Mitogenic stimulation or antagonism of 30 nM quinpirole-stimulated mitogenesis in CHO cells expressing human dopamine D3 receptor",31.7,"O=C(NCCCCN1CCN(c2cccc(Cl)c2Cl)CC1)c1ccc(I)cc1"
"CHEMBL43064","Dopamine D3 receptor","Unspecified","IC50","DRUGMATRIX: Dopamine D3 radioligand binding (ligand: [3H] Spiperone)",252.0,"C(=C/c1ccccc1)\CN1CCN(C(c2ccccc2)c2ccccc2)CC1"
"CHEMBL480699","Dopamine D3 receptor","Bioorg. Med. Chem. Lett., (2008) 18:14:3844","IC50","Displacement of [3H]spiperone from human cloned dopamine D3 receptor",10000.0,"COc1ccc2[nH]cc(C(=O)Nc3ccc(Oc4cccnc4C)nc3)c2c1"
"CHEMBL49","Dopamine D3 receptor","Unspecified","IC50","DRUGMATRIX: Dopamine D3 radioligand binding (ligand: [3H] Spiperone)",44.0,"O=C1CC2(CCCC2)CC(=O)N1CCCCN1CCN(c2ncccn2)CC1"
"CHEMBL64894","Dopamine D3 receptor","Unspecified","IC50","DRUGMATRIX: Dopamine D3 radioligand binding (ligand: [3H] Spiperone)",831.0,"CN(C)c1ccc(C(=C2C=CC(=[N+](C)C)C=C2)c2ccc(N(C)C)cc2)cc1"
"CHEMBL7568","Dopamine D3 receptor","Unspecified","IC50","DRUGMATRIX: Dopamine D3 radioligand binding (ligand: [3H] Spiperone)",1318.0,"CCN(CC)CCCC(C)Nc1c2ccc(Cl)cc2nc2ccc(OC)cc12"
"CHEMBL83","Dopamine D3 receptor","Unspecified","IC50","DRUGMATRIX: Dopamine D3 radioligand binding (ligand: [3H] Spiperone)",1072.0,"CC/C(=C(\c1ccccc1)c1ccc(OCCN(C)C)cc1)c1ccccc1"
"CHEMBL8412","Dopamine D3 receptor","J. Med. Chem., (2004) 47:19:4677","IC50","Inhibition of dopamine D3 receptor",1200.0,"O=C1c2ccccc2S(=O)(=O)N1CCCCN1CCN(c2ncccn2)CC1"
"CHEMBL1222364","Dopamine D3 receptor","Bioorg. Med. Chem. Lett., (2010) 20:17:5221","IC50","Displacement of [3H]spiperone from human dopamine D3 receptor expressed in CHOKI cells",1171.0,"CCN(c1cccc(N2CCN(C)CC2)c1)S(=O)(=O)c1ccc2ccccc2c1"
"CHEMBL267930","Dopamine D3 receptor","J. Med. Chem., (2013) 56:11:4671","IC50","Antagonist activity at dopamine D3 receptor (unknown origin) expressed in CHOK1 cells coexpressing Galpha15 assessed as inhibition of agonist-induced response incubated for 60 mins in incubator followed by 15 mins at room temperature by FLIPR assay",97.0,"O=C(CCCN1CCC2(CC1)C(=O)NCN2c1ccccc1)c1ccc(F)cc1"
"CHEMBL325674","Dopamine D3 receptor","J. Med. Chem., (2001) 44:21:3391","IC50","Inhibition of human dopamine receptor D3",3180.0,"O=C(OC1CCc2ccccc21)N1CCC2(CC1)C(=O)NCN2c1ccccc1"
"CHEMBL3358509","Dopamine D3 receptor","J. Med. Chem., (2014) 57:22:9578","IC50","Antagonist activity at human dopamine D3 receptor expressed in CHO-K1 cells assessed as reduction in dopamine-induced response by [35S]GTPgammaS binding assay",258.0,"O=C(NCCCCN1CCN(c2ccccc2)CC1)c1ccc2ncccc2c1"
"CHEMBL370713","Dopamine D3 receptor","J. Med. Chem., (2005) 48:11:3663","IC50","Mitogenic stimulation or antagonism of 30 nM quinpirole-stimulated mitogenesis in CHO cells expressing human dopamine D3 receptor",4.79,"COc1ccc(C(=O)NC/C=C/CN2CCN(c3cccc(Cl)c3Cl)CC2)cc1"
"CHEMBL496739","Dopamine D3 receptor","J. Med. Chem., (2009) 52:1:151","IC50","Antagonist activity at human dopamine D3 receptor expressed in CHO-K1 cells by [35S]GTPgammaS binding assay",143.0,"Cc1cccc(N2CCN(CCCCNC(=O)c3cc4ccccc4o3)CC2)c1"
"CHEMBL954","Dopamine D3 receptor","Unspecified","IC50","DRUGMATRIX: Dopamine D3 radioligand binding (ligand: [3H] Spiperone)",1319.0,"CCN(CC)CCOc1ccc(/C(=C(/Cl)c2ccccc2)c2ccccc2)cc1"
"CHEMBL1222134","Dopamine D3 receptor","Bioorg. Med. Chem. Lett., (2010) 20:17:5221","IC50","Displacement of [3H]spiperone from human dopamine D3 receptor expressed in CHOKI cells",248.0,"CC(C)N(c1cccc(N2CCN(C)CC2)c1)S(=O)(=O)c1ccc2ccccc2c1"
"CHEMBL1222234","Dopamine D3 receptor","Bioorg. Med. Chem. Lett., (2010) 20:17:5221","IC50","Displacement of [3H]spiperone from human dopamine D3 receptor expressed in CHOKI cells",1195.0,"CC(C)N(c1cccc(N2CCN(C)CC2)c1)S(=O)(=O)c1cccc2ccccc12"
"CHEMBL1222363","Dopamine D3 receptor","Bioorg. Med. Chem. Lett., (2010) 20:17:5221","IC50","Displacement of [3H]spiperone from human dopamine D3 receptor expressed in CHOKI cells",2508.0,"CCCN(c1cccc(N2CCN(C)CC2)c1)S(=O)(=O)c1ccc2ccccc2c1"
"CHEMBL124444","Dopamine D3 receptor","J. Med. Chem., (2009) 52:8:2559","IC50","Antagonist activity at human D3 receptor expressed in HEK293 cells assessed as inhibition of quinpirole-stimulated mitogenesis",2.39,"COc1ccccc1N1CCN(CCCCNC(=O)c2cc3ccccc3o2)CC1"
"CHEMBL139926","Dopamine D3 receptor","J. Med. Chem., (2009) 52:8:2559","IC50","Antagonist activity at human D3 receptor expressed in HEK293 cells assessed as inhibition of quinpirole-stimulated mitogenesis",9.01,"O=C(NCCCCN1CCN(c2cccc(Cl)c2Cl)CC1)c1cc2ccccc2o1"
"CHEMBL1627304","Dopamine D3 receptor","J. Med. Chem., (2009) 52:8:2559","IC50","Antagonist activity at human D3 receptor expressed in HEK293 cells assessed as inhibition of quinpirole-stimulated mitogenesis",1.09,"COc1ccccc1N1CCN(C/C=C/CNC(=O)c2cc3ccccc3s2)CC1"
"CHEMBL1627323","Dopamine D3 receptor","J. Med. Chem., (2009) 52:8:2559","IC50","Antagonist activity at human D3 receptor expressed in HEK293 cells assessed as inhibition of quinpirole-stimulated mitogenesis",7.0,"O=C(NC/C=C/CN1CCN(c2cccc(Cl)c2Cl)CC1)c1cc2ccccc2[nH]1"
"CHEMBL1627324","Dopamine D3 receptor","J. Med. Chem., (2009) 52:8:2559","IC50","Antagonist activity at human D3 receptor expressed in HEK293 cells assessed as inhibition of quinpirole-stimulated mitogenesis",14.9,"COc1ccccc1N1CCN(C/C=C/CNC(=O)c2cc3ccccc3o2)CC1"
"CHEMBL175734","Dopamine D3 receptor","J. Med. Chem., (2009) 52:8:2559","IC50","Antagonist activity at human D3 receptor expressed in HEK293 cells assessed as inhibition of quinpirole-stimulated mitogenesis",9.62,"O=C(NC/C=C/CN1CCN(c2cccc(Cl)c2Cl)CC1)c1cc2ccccc2s1"
"CHEMBL19215","Dopamine D3 receptor","Unspecified","IC50","DRUGMATRIX: Dopamine D3 radioligand binding (ligand: [3H] Spiperone)",7.69,"CN1C[C@H](CNC(=O)OCc2ccccc2)C[C@@H]2c3cccc4c3c(cn4C)C[C@H]21"
"CHEMBL194493","Dopamine D3 receptor","J. Med. Chem., (2005) 48:11:3663","IC50","Mitogenic stimulation or antagonism of 30 nM quinpirole-stimulated mitogenesis in CHO cells expressing human dopamine D3 receptor",2.2,"O=C(NC/C=C/CN1CCN(c2cccc(Cl)c2Cl)CC1)c1ccc([N+](=O)[O-])cc1"
"CHEMBL194837","Dopamine D3 receptor","J. Med. Chem., (2005) 48:18:5684","IC50","Inhibitory concentration against dopamine receptor D3",1.3,"Cc1cc(OCCN(C)C)nc2ccc(NC(=O)COc3ccc(Cl)cc3Cl)cc12"
"CHEMBL198949","Dopamine D3 receptor","Bioorg. Med. Chem. Lett., (2005) 15:23:5160","IC50","Inhibition of human dopamine receptor D3",1000.0,"CC(=O)Nc1cc(Cl)ccc1/C=C/C(=O)N1CCN(Cc2ccc(F)cc2)C[C@H]1C"
"CHEMBL219916","Dopamine D3 receptor","Unspecified","IC50","DRUGMATRIX: Dopamine D3 radioligand binding (ligand: [3H] Spiperone)",18.0,"O=c1[nH]c2ccccc2n1CCCN1CCC(n2c(=O)[nH]c3cc(Cl)ccc32)CC1"
"CHEMBL30008","Dopamine D3 receptor","Unspecified","IC50","DRUGMATRIX: Dopamine D3 radioligand binding (ligand: [3H] Spiperone)",97.0,"Fc1ccc(C(c2ccc(F)cc2)N2CCN(C/C=C/c3ccccc3)CC2)cc1"
"CHEMBL3322993","Dopamine D3 receptor","J. Med. Chem., (2014) 57:16:7042","IC50","Antagonist activity against human D3R expressed in CHO cells assessed as inhibition of quinpirole-induced mitogenesis after 24 hrs by [3H]thymidine uptake assay",3.0,"COc1ccccc1N1CCN(CCCCNC(=O)c2cn3ccccc3n2)CC1"
"CHEMBL3322994","Dopamine D3 receptor","J. Med. Chem., (2014) 57:16:7042","IC50","Antagonist activity against human D3R expressed in CHO cells assessed as inhibition of quinpirole-induced mitogenesis after 24 hrs by [3H]thymidine uptake assay",7.2,"O=C(NCCCCN1CCN(c2cccc(Cl)c2Cl)CC1)c1cn2ccccc2n1"
"CHEMBL366904","Dopamine D3 receptor","J. Med. Chem., (2009) 52:8:2559","IC50","Antagonist activity at human D3 receptor expressed in HEK293 cells assessed as inhibition of quinpirole-stimulated mitogenesis",18.7,"O=C(NC/C=C/CN1CCN(c2cccc(Cl)c2Cl)CC1)c1cc2ccccc2o1"
"CHEMBL399203","Dopamine D3 receptor","Bioorg. Med. Chem. Lett., (2007) 17:14:3864","IC50","Inhibition of dopamine D3 receptor",3200.0,"O=[N+]([O-])c1cc(O)c2c(c1)S(=O)(=O)N=C(Nc1ccccc1Oc1ccccc1)N2"
"CHEMBL424294","Dopamine D3 receptor","J. Med. Chem., (2009) 52:8:2559","IC50","Antagonist activity at human D3 receptor expressed in HEK293 cells assessed as inhibition of quinpirole-stimulated mitogenesis",0.22,"COc1ccccc1N1CCN(CCCCNC(=O)c2cc3ccccc3s2)CC1"
"CHEMBL430798","Dopamine D3 receptor","J. Med. Chem., (1999) 42:12:2235","IC50","Binding affinity towards human Dopamine receptor D3",29.0,"CN1CCN(C2=Nc3ccccc3Oc3ccc(OS(=O)(=O)C(F)(F)F)cc32)CC1"
"CHEMBL59725","Dopamine D3 receptor","J. Med. Chem., (2009) 52:8:2559","IC50","Antagonist activity at human D3 receptor expressed in HEK293 cells assessed as inhibition of quinpirole-stimulated mitogenesis",4.94,"O=C(NCCCCN1CCN(c2cccc(Cl)c2Cl)CC1)c1cc2ccccc2s1"
"CHEMBL72292","Dopamine D3 receptor","J. Med. Chem., (1999) 42:12:2235","IC50","Binding affinity towards human Dopamine receptor D3",53.0,"CN1CCN(C2=Nc3ccccc3Nc3ccc(OS(=O)(=O)C(F)(F)F)cc32)CC1"
"CHEMBL723","Dopamine D3 receptor","Unspecified","IC50","DRUGMATRIX: Dopamine D3 radioligand binding (ligand: [3H] Spiperone)",577.0,"COc1ccccc1OCCNCC(O)COc1cccc2[nH]c3ccccc3c12"
"CHEMBL726","Dopamine D3 receptor","Unspecified","IC50","DRUGMATRIX: Dopamine D3 radioligand binding (ligand: [3H] Spiperone)",0.594,"OCCN1CCN(CCCN2c3ccccc3Sc3ccc(C(F)(F)F)cc32)CC1"
"CHEMBL73589","Dopamine D3 receptor","J. Med. Chem., (1999) 42:12:2235","IC50","Binding affinity towards human Dopamine receptor D3",8.0,"CN1CCN(C2=Nc3ccccc3Sc3ccc(OS(=O)(=O)C(F)(F)F)cc32)CC1"
"CHEMBL85","Dopamine D3 receptor","Unspecified","IC50","DRUGMATRIX: Dopamine D3 radioligand binding (ligand: [3H] Spiperone)",24.0,"Cc1nc2n(c(=O)c1CCN1CCC(c3noc4cc(F)ccc34)CC1)CCCC2"
"CHEMBL115280","Dopamine D3 receptor","J. Med. Chem., (2001) 44:21:3391","IC50","Inhibition of human dopamine receptor D3",149.0,"O=C1NCN(c2ccccc2)C12CCN(Cc1cccc(Oc3ccccc3)c1)CC2"
"CHEMBL1221449","Dopamine D3 receptor","Bioorg. Med. Chem. Lett., (2010) 20:17:5221","IC50","Displacement of [3H]spiperone from human dopamine D3 receptor expressed in CHOKI cells",1426.0,"CN1CCN(c2cccc(N(CC3CC3)S(=O)(=O)c3ccc4ccccc4c3)c2)CC1"
"CHEMBL14460","Dopamine D3 receptor","Bioorg. Med. Chem. Lett., (2008) 18:14:3844","IC50","Displacement of [3H]spiperone from human cloned dopamine D3 receptor",1000.0,"Cc1cc2c(cc1C(F)(F)F)N(C(=O)Nc1ccc(Oc3cccnc3C)nc1)CC2"
"CHEMBL1627305","Dopamine D3 receptor","J. Med. Chem., (2015) 58:15:6195","IC50","Antagonist activity at human dopamine D3 receptor expressed in CHO cells assessed as inhibition of quinpirole-stimulated mitogenesis",30.0,"O=C(NCCC(O)CN1CCN(c2cccc(Cl)c2Cl)CC1)c1cc2ccccc2[nH]1"
"CHEMBL1627306","Dopamine D3 receptor","J. Med. Chem., (2009) 52:8:2559","IC50","Antagonist activity at human D3 receptor expressed in HEK293 cells assessed as inhibition of quinpirole-stimulated mitogenesis",18.2,"O=C(NCC[C@@H](O)CN1CCN(c2cccc(Cl)c2Cl)CC1)c1cc2ccccc2[nH]1"
"CHEMBL1627307","Dopamine D3 receptor","J. Med. Chem., (2009) 52:8:2559","IC50","Antagonist activity at human D3 receptor expressed in HEK293 cells assessed as inhibition of quinpirole-stimulated mitogenesis",6.6,"O=C(NCC[C@H](O)CN1CCN(c2cccc(Cl)c2Cl)CC1)c1cc2ccccc2[nH]1"
"CHEMBL1627308","Dopamine D3 receptor","J. Med. Chem., (2009) 52:8:2559","IC50","Antagonist activity at human D3 receptor expressed in HEK293 cells assessed as inhibition of quinpirole-stimulated mitogenesis",12.1,"COc1ccccc1N1CCN(CC(O)CCNC(=O)c2cc3ccccc3[nH]2)CC1"
"CHEMBL1627316","Dopamine D3 receptor","J. Med. Chem., (2009) 52:8:2559","IC50","Antagonist activity at human D3 receptor expressed in HEK293 cells assessed as inhibition of quinpirole-stimulated mitogenesis",13.7,"O=C(NCCC(O)CN1CCN(c2cccc(Cl)c2Cl)CC1)c1cc2ccccc2o1"
"CHEMBL1627317","Dopamine D3 receptor","J. Med. Chem., (2009) 52:8:2559","IC50","Antagonist activity at human D3 receptor expressed in HEK293 cells assessed as inhibition of quinpirole-stimulated mitogenesis",11.2,"COc1ccccc1N1CCN(CC(O)CCNC(=O)c2cc3ccccc3o2)CC1"
"CHEMBL1627320","Dopamine D3 receptor","J. Med. Chem., (2009) 52:8:2559","IC50","Antagonist activity at human D3 receptor expressed in HEK293 cells assessed as inhibition of quinpirole-stimulated mitogenesis",39.1,"COc1ccccc1N1CCN(CC(O)CCNC(=O)c2cc3ccccc3s2)CC1"
"CHEMBL1627321","Dopamine D3 receptor","J. Med. Chem., (2009) 52:8:2559","IC50","Antagonist activity at human D3 receptor expressed in HEK293 cells assessed as inhibition of quinpirole-stimulated mitogenesis",25.7,"O=C(NCC(O)CCN1CCN(c2cccc(Cl)c2Cl)CC1)c1cc2ccccc2[nH]1"
"CHEMBL1642116","Dopamine D3 receptor","Bioorg. Med. Chem. Lett., (2011) 21:2:698","IC50","Displacement of [3H]spiperone from human dopamine D3 receptor expressed in cells",1300.0,"CN1CCN(c2ccc3c(c2)N(S(=O)(=O)c2ccc4ccccc4c2)CCC3=O)CC1"
"CHEMBL1642117","Dopamine D3 receptor","Bioorg. Med. Chem. Lett., (2011) 21:2:698","IC50","Displacement of [3H]spiperone from human dopamine D3 receptor expressed in cells",2922.0,"CN1CCN(c2cccc3c2C(=O)CCN3S(=O)(=O)c2ccc3ccccc3c2)CC1"
"CHEMBL1774385","Dopamine D3 receptor","J. Med. Chem., (2011) 54:10:3581","IC50","Antagonist activity at human dopamine D3 receptor expressed in CHOp cells assessed as inhibition of quinpirole-induced mitogenesis",440.0,"COc1ccccc1N1CCN(CC(F)CCNC(=O)c2cc3ccccc3o2)CC1"
"CHEMBL1774386","Dopamine D3 receptor","J. Med. Chem., (2011) 54:10:3581","IC50","Antagonist activity at human dopamine D3 receptor expressed in CHOp cells assessed as inhibition of quinpirole-induced mitogenesis",430.0,"O=C(NCCC(F)CN1CCN(c2cccc(Cl)c2Cl)CC1)c1cc2ccccc2o1"
"CHEMBL1774534","Dopamine D3 receptor","J. Med. Chem., (2011) 54:10:3581","IC50","Antagonist activity at human dopamine D3 receptor expressed in CHOp cells assessed as inhibition of quinpirole-induced mitogenesis",820.0,"COc1ccccc1N1CCN(CC(F)CCNC(=O)c2cc3ccccc3[nH]2)CC1"
"CHEMBL1774535","Dopamine D3 receptor","J. Med. Chem., (2011) 54:10:3581","IC50","Antagonist activity at human dopamine D3 receptor expressed in CHO-K1 cells assessed as inhibition of dopamine-induced recruitment of beta-arrestin-2 after 90 mins by beta-galactosidase assay",1220.0,"O=C(NCCC(F)CN1CCN(c2cccc(Cl)c2Cl)CC1)c1cc2ccccc2[nH]1"
"CHEMBL1774538","Dopamine D3 receptor","J. Med. Chem., (2011) 54:10:3581","IC50","Antagonist activity at human dopamine D3 receptor expressed in CHO-K1 cells assessed as inhibition of dopamine-induced recruitment of beta-arrestin-2 after 90 mins by beta-galactosidase assay",3210.0,"COc1ccccc1N1CCN(CC(F)CCNC(=O)c2cc3ccccc3s2)CC1"
"CHEMBL1774539","Dopamine D3 receptor","J. Med. Chem., (2011) 54:10:3581","IC50","Antagonist activity at human dopamine D3 receptor expressed in CHO-K1 cells assessed as inhibition of dopamine-induced recruitment of beta-arrestin-2 after 90 mins by beta-galactosidase assay",3770.0,"O=C(NCCC(F)CN1CCN(c2cccc(Cl)c2Cl)CC1)c1cc2ccccc2s1"
"CHEMBL182379","Dopamine D3 receptor","J. Med. Chem., (2009) 52:8:2559","IC50","Antagonist activity at human D3 receptor expressed in HEK293 cells assessed as inhibition of quinpirole-stimulated mitogenesis",22.9,"COc1ccccc1N1CCN(CCCCNC(=O)c2cc3cc(I)ccc3o2)CC1"
"CHEMBL184383","Dopamine D3 receptor","J. Med. Chem., (2009) 52:8:2559","IC50","Antagonist activity at human D3 receptor expressed in HEK293 cells assessed as inhibition of quinpirole-stimulated mitogenesis",520.0,"O=C(NCCCCN1CCN(c2cccc(Cl)c2Cl)CC1)c1cc2cc(I)ccc2o1"
"CHEMBL540612","Dopamine D3 receptor","J. Med. Chem., (2014) 57:11:4962","IC50","Antagonist activity at human dopamine D3 receptor expressed in human U2OS cells assessed as inhibition of pramipexole-stimulated beta-arrestin recruitment",13.0,"COc1ccccc1N1CCN(CCCCNC(=O)c2ccc3ccccc3c2)CC1"
"CHEMBL262724","Dopamine D3 receptor","J. Med. Chem., (2005) 48:11:3663","IC50","Mitogenic stimulation or antagonism of 30 nM quinpirole-stimulated mitogenesis in CHO cells expressing human dopamine D3 receptor",26.8,"O=C(NCCCCN1CCN(c2cccc(Cl)c2Cl)CC1)c1cnc2ccccc2n1"
"CHEMBL633","Dopamine D3 receptor","Unspecified","IC50","DRUGMATRIX: Dopamine D3 radioligand binding (ligand: [3H] Spiperone)",1208.0,"CCCCc1oc2ccccc2c1C(=O)c1cc(I)c(OCCN(CC)CC)c(I)c1"
"CHEMBL68740","Dopamine D3 receptor","J. Med. Chem., (2015) 58:15:6195","IC50","Antagonist activity at human dopamine D3 receptor expressed in CHO cells assessed as inhibition of quinpirole-stimulated mitogenesis",52.0,"O=C(NCCCCN1CCN(c2cccc(Cl)c2Cl)CC1)c1cc2cc(F)ccc2[nH]1"
"CHEMBL70319","Dopamine D3 receptor","J. Med. Chem., (1999) 42:12:2235","IC50","Binding affinity towards human Dopamine receptor D3",52.0,"CN1CCN(C2=Nc3cc(Cl)ccc3Nc3ccc(OS(=O)(=O)C(F)(F)F)cc32)CC1"
"CHEMBL1086626","Dopamine D3 receptor","Bioorg. Med. Chem. Lett., (2010) 20:5:1705","IC50","Inhibition of dopamine D3 receptor",334.0,"Cc1[nH]c(-c2ccccc2)cc1C(=O)NCCCN1CCN(c2cccc(Cl)c2Cl)CC1"
"CHEMBL1627310","Dopamine D3 receptor","J. Med. Chem., (2009) 52:8:2559","IC50","Antagonist activity at human D3 receptor expressed in HEK293 cells assessed as inhibition of quinpirole-stimulated mitogenesis",23.9,"O=C(NCCC(O)CN1CCN(c2cccc(Cl)c2Cl)CC1)c1cc2cc(F)ccc2[nH]1"
"CHEMBL1627311","Dopamine D3 receptor","J. Med. Chem., (2009) 52:8:2559","IC50","Antagonist activity at human D3 receptor expressed in HEK293 cells assessed as inhibition of quinpirole-stimulated mitogenesis",1.76,"COc1ccccc1N1CCN(CC(O)CCNC(=O)c2cc3cc(F)ccc3[nH]2)CC1"
"CHEMBL1627312","Dopamine D3 receptor","J. Med. Chem., (2009) 52:8:2559","IC50","Antagonist activity at human D3 receptor expressed in HEK293 cells assessed as inhibition of quinpirole-stimulated mitogenesis",38.0,"O=C(NCCC(O)CN1CCN(c2cccc(Cl)c2Cl)CC1)c1cc2cc(I)ccc2[nH]1"
"CHEMBL1627313","Dopamine D3 receptor","J. Med. Chem., (2009) 52:8:2559","IC50","Antagonist activity at human D3 receptor expressed in HEK293 cells assessed as inhibition of quinpirole-stimulated mitogenesis",173.0,"COc1ccccc1N1CCN(CC(O)CCNC(=O)c2cc3cc(I)ccc3[nH]2)CC1"
"CHEMBL1627318","Dopamine D3 receptor","J. Med. Chem., (2009) 52:8:2559","IC50","Antagonist activity at human D3 receptor expressed in HEK293 cells assessed as inhibition of quinpirole-stimulated mitogenesis",217.0,"O=C(NCCC(O)CN1CCN(c2cccc(Cl)c2Cl)CC1)c1cc2cc(I)ccc2o1"
"CHEMBL1627319","Dopamine D3 receptor","J. Med. Chem., (2009) 52:8:2559","IC50","Antagonist activity at human D3 receptor expressed in HEK293 cells assessed as inhibition of quinpirole-stimulated mitogenesis",14.5,"COc1ccccc1N1CCN(CC(O)CCNC(=O)c2cc3cc(I)ccc3o2)CC1"
"CHEMBL1642118","Dopamine D3 receptor","Bioorg. Med. Chem. Lett., (2011) 21:2:698","IC50","Displacement of [3H]spiperone from human dopamine D3 receptor expressed in cells",1520.0,"CC1CC(=O)c2ccc(N3CCN(C)CC3)cc2N1S(=O)(=O)c1ccc2ccccc2c1"
"CHEMBL1642123","Dopamine D3 receptor","Bioorg. Med. Chem. Lett., (2011) 21:2:698","IC50","Displacement of [3H]spiperone from human dopamine D3 receptor expressed in cells",482.0,"CC1CC(=O)c2c(N3CCN(C)CC3)cccc2N1S(=O)(=O)c1ccc2ccccc2c1"
"CHEMBL1729","Dopamine D3 receptor","Unspecified","IC50","DRUGMATRIX: Dopamine D3 radioligand binding (ligand: [3H] Spiperone)",144.0,"COc1cc(N)c(Cl)cc1C(=O)NC1CCN(CCCOc2ccc(F)cc2)CC1OC"
"CHEMBL1774542","Dopamine D3 receptor","J. Med. Chem., (2011) 54:10:3581","IC50","Antagonist activity at human dopamine D3 receptor expressed in CHOp cells assessed as inhibition of quinpirole-induced mitogenesis",255.0,"O=C(NCCC(F)CN1CCN(c2cccc(Cl)c2Cl)CC1)c1ccc2ccccc2c1"
"CHEMBL266393","Dopamine D3 receptor","Bioorg. Med. Chem. Lett., (2001) 11:8:1069","IC50","Percent inhibition towards dopamine D3 receptor",489.0,"COc1nsnc1N1CCN(C[C@@H](Cc2cccnc2)NC(=O)C2(C)CCCCC2)CC1"
"CHEMBL3216758","Dopamine D3 receptor","J. Med. Chem., (2011) 54:18:6305","IC50","Inhibition of dopamine D3 receptor by competition binding assay",2189.0,"Cc1nc(C(=O)NCCN2CCN(c3cccc(Cl)c3Cl)CC2)c(C)n1-c1ccccc1"
"CHEMBL3322995","Dopamine D3 receptor","J. Med. Chem., (2014) 57:16:7042","IC50","Antagonist activity against D3R in human U2OS cells assessed as inhibition of (+)-PD128907-induced beta-arrestin translocation by beta-galactosidase based beta-arrestin recruitment assay",1.8,"O=C(NCCCCN1CCN(c2cccc(C(F)(F)F)c2)CC1)c1cn2ccccc2n1"
"CHEMBL3322998","Dopamine D3 receptor","J. Med. Chem., (2014) 57:16:7042","IC50","Antagonist activity against human D3R expressed in CHO cells assessed as inhibition of quinpirole-induced mitogenesis after 24 hrs by [3H]thymidine uptake assay",120.0,"O=C(NCCCCN1CCN(c2ccnc3ccccc23)CC1)c1cn2ccccc2n1"
"CHEMBL3323003","Dopamine D3 receptor","J. Med. Chem., (2014) 57:16:7042","IC50","Antagonist activity against human D3R expressed in CHO cells assessed as inhibition of quinpirole-induced mitogenesis after 24 hrs by [3H]thymidine uptake assay",940.0,"O=C(NCCCCN1CCN(c2ncnc3ccccc23)CC1)c1cn2ccccc2n1"
"CHEMBL3597637","Dopamine D3 receptor","J. Med. Chem., (2015) 58:15:6195","IC50","Antagonist activity at human dopamine D3 receptor expressed in CHO cells assessed as inhibition of quinpirole-stimulated mitogenesis",59.0,"COc1c(Cl)cccc1N1CCN(CCCCNC(=O)c2cnc3ccccc3c2)CC1"
"CHEMBL3597643","Dopamine D3 receptor","J. Med. Chem., (2015) 58:15:6195","IC50","Antagonist activity at human dopamine D3 receptor expressed in CHO cells assessed as inhibition of quinpirole-stimulated mitogenesis",8.0,"O=C(NCCCCN1CCN(c2cccc3ccccc23)CC1)c1cc2ccccc2[nH]1"
"CHEMBL3597649","Dopamine D3 receptor","J. Med. Chem., (2015) 58:15:6195","IC50","Antagonist activity at human dopamine D3 receptor expressed in CHO cells assessed as inhibition of quinpirole-stimulated mitogenesis",47.0,"COc1ccccc1N1CCN(CC(O)CCNC(=O)c2cnc3ccccc3c2)CC1"
"CHEMBL584554","Dopamine D3 receptor","Bioorg. Med. Chem. Lett., (2009) 19:21:6185","IC50","Inhibition of dopamine D3 receptor",660.0,"CCN(CC)C(=O)[C@@H]1C=C2c3cccc4[nH]cc(c34)C[C@H]2N(C(=O)Nc2ccccc2)C1"
"CHEMBL1086754","Dopamine D3 receptor","Bioorg. Med. Chem. Lett., (2010) 20:5:1705","IC50","Inhibition of dopamine D3 receptor",915.0,"Cc1c(C(=O)NCCCN2CCN(c3cccc(Cl)c3Cl)CC2)cc(-c2ccccc2)n1C"
"CHEMBL115222","Dopamine D3 receptor","J. Med. Chem., (2001) 44:21:3391","IC50","Inhibition of human dopamine receptor D3",1930.0,"CNC(=O)CN1CN(c2ccccc2)C2(CCN(Cc3cc4c(cc3Cl)OCO4)CC2)C1=O"
"CHEMBL1627309","Dopamine D3 receptor","J. Med. Chem., (2009) 52:8:2559","IC50","Antagonist activity at human D3 receptor expressed in HEK293 cells assessed as inhibition of quinpirole-stimulated mitogenesis",6.51,"CCCOc1ccccc1N1CCN(CC(O)CCNC(=O)c2cc3ccccc3[nH]2)CC1"
"CHEMBL1627314","Dopamine D3 receptor","J. Med. Chem., (2009) 52:8:2559","IC50","Antagonist activity at human D3 receptor expressed in HEK293 cells assessed as inhibition of quinpirole-stimulated mitogenesis",1.51,"COc1ccc2[nH]c(C(=O)NCCC(O)CN3CCN(c4cccc(Cl)c4Cl)CC3)cc2c1"
"CHEMBL1627315","Dopamine D3 receptor","J. Med. Chem., (2009) 52:8:2559","IC50","Antagonist activity at human D3 receptor expressed in HEK293 cells assessed as inhibition of quinpirole-stimulated mitogenesis",1.58,"COc1ccc2[nH]c(C(=O)NCCC(O)CN3CCN(c4ccccc4OC)CC3)cc2c1"
"CHEMBL1642126","Dopamine D3 receptor","Bioorg. Med. Chem. Lett., (2011) 21:2:698","IC50","Displacement of [3H]spiperone from human dopamine D3 receptor expressed in cells",623.0,"CCC1CC(=O)c2c(N3CCN(C)CC3)cccc2N1S(=O)(=O)c1ccc2ccccc2c1"
"CHEMBL1642128","Dopamine D3 receptor","Bioorg. Med. Chem. Lett., (2011) 21:2:698","IC50","Displacement of [3H]spiperone from human dopamine D3 receptor expressed in cells",180.0,"Cc1cc(N2CCN(C)CC2)c2c(c1)N(S(=O)(=O)c1ccc3ccccc3c1)C(C)CC2=O"
"CHEMBL1774532","Dopamine D3 receptor","J. Med. Chem., (2011) 54:10:3581","IC50","Antagonist activity at human dopamine D3 receptor expressed in CHO-K1 cells assessed as inhibition of dopamine-induced recruitment of beta-arrestin-2 after 90 mins by beta-galactosidase assay",1240.0,"COc1ccc2oc(C(=O)NCCC(F)CN3CCN(c4ccccc4OC)CC3)cc2c1"
"CHEMBL1774533","Dopamine D3 receptor","J. Med. Chem., (2011) 54:10:3581","IC50","Antagonist activity at human dopamine D3 receptor expressed in CHOp cells assessed as inhibition of quinpirole-induced mitogenesis",1430.0,"COc1ccc2oc(C(=O)NCCC(F)CN3CCN(c4cccc(Cl)c4Cl)CC3)cc2c1"
"CHEMBL1774540","Dopamine D3 receptor","J. Med. Chem., (2011) 54:10:3581","IC50","Antagonist activity at human dopamine D3 receptor expressed in CHO-K1 cells assessed as inhibition of dopamine-induced recruitment of beta-arrestin-2 after 90 mins by beta-galactosidase assay",2990.0,"COc1ccc2[nH]c(C(=O)NCCC(F)CN3CCN(c4ccccc4OC)CC3)cc2c1"
"CHEMBL1774541","Dopamine D3 receptor","J. Med. Chem., (2011) 54:10:3581","IC50","Antagonist activity at human dopamine D3 receptor expressed in CHOp cells assessed as inhibition of quinpirole-induced mitogenesis",320.0,"COc1ccc2[nH]c(C(=O)NCCC(F)CN3CCN(c4cccc(Cl)c4Cl)CC3)cc2c1"
"CHEMBL180010","Dopamine D3 receptor","J. Med. Chem., (2007) 50:17:4135","IC50","Antagonist activity at human dopamine D3 receptor expressed in HEK293 cells by mitogenesis assay",3.0,"O=C(NC/C=C/CN1CCN(c2cccc(Cl)c2Cl)CC1)c1ccc(-c2ccccn2)cc1"
"CHEMBL2392349","Dopamine D3 receptor","Unspecified","IC50","Inhibition of human dopamine D3 receptor",24.0,"COc1ccccc1N1CCN(CCCCCN2Cc3ccc4ccccc4c3C2=O)CC1"
"CHEMBL241973","Dopamine D3 receptor","J. Med. Chem., (2007) 50:17:4135","IC50","Antagonist activity at human dopamine D3 receptor expressed in HEK293 cells by mitogenesis assay",2.9,"COc1ccccc1N1CCN(CCCCNC(=O)c2ccc(-c3ccccn3)cc2)CC1"
"CHEMBL3216098","Dopamine D3 receptor","J. Med. Chem., (2011) 54:18:6305","IC50","Inhibition of dopamine D3 receptor by competition binding assay",493.0,"Cc1nc(C(=O)NCCCN2CCN(c3cccc(Cl)c3Cl)CC2)c(C)n1-c1ccccc1"
"CHEMBL3597635","Dopamine D3 receptor","J. Med. Chem., (2015) 58:15:6195","IC50","Antagonist activity at human dopamine D3 receptor expressed in CHO cells assessed as inhibition of quinpirole-stimulated mitogenesis",7.4,"O=C(NCCCCN1CCN(c2cccc3ccccc23)CC1)c1cnc2ccccc2c1"
"CHEMBL394541","Dopamine D3 receptor","Unspecified","IC50","BindingDB_Patents: Binding Assay. Methods for performing in vitro dopamine receptor binding studies are described in Huang et al. J. Med. Chem. 44:1815-1826 (2001) and Luedtke et al. Synapse 38:438-439 (2000). These papers describe radioactively labeled dopamine receptor selective ligands binding with picomolar affinity and nonselectivity to D2 and D3 dopamine receptors expressed in Sf9 and HEK 293 cells. 125I-IABN binds with 7- to 10-fold lower affinity to human D4.4 dopamine receptors expressed in HEK 293 cells. Dissociation constants (Kd) calculated from kinetic experiments were found to be in agreement with equilibrium Kd values obtained from saturation binding studies. Saturation plots of the binding of 125I-IABN with rat caudate membrane preparations were monophasic and exhibited low nonspecific binding.",42.6,"COc1ccccc1N1CCN(C/C=C/CNC(=O)c2ccc(-c3ccccn3)cc2)CC1"
"CHEMBL460291","Dopamine D3 receptor","Unspecified","IC50","DRUGMATRIX: Dopamine D3 radioligand binding (ligand: [3H] Spiperone)",6170.0,"CCOC(=O)C1=C(C)NC(C)=C(C(=O)OCC)C1c1ccccc1/C=C/C(=O)OC(C)(C)C"
"CHEMBL69451","Dopamine D3 receptor","J. Med. Chem., (2005) 48:11:3663","IC50","Mitogenic stimulation or antagonism of 30 nM quinpirole-stimulated mitogenesis in CHO cells expressing human dopamine D3 receptor",6.31,"O=C(NCCCCN1CCN(c2cccc(Cl)c2Cl)CC1)c1ccc(-c2ccccn2)cc1"
"CHEMBL6966","Dopamine D3 receptor","Unspecified","IC50","DRUGMATRIX: Dopamine D3 radioligand binding (ligand: [3H] Spiperone)",186.0,"COc1ccc(CCN(C)CCCC(C#N)(c2ccc(OC)c(OC)c2)C(C)C)cc1OC"
"CHEMBL110365","Dopamine D3 receptor","J. Med. Chem., (2007) 50:17:4135","IC50","Antagonist activity at human dopamine D3 receptor expressed in HEK293 cells by mitogenesis assay",2.2,"COc1ccccc1N1CCN(CCCCNC(=O)c2ccc3c(c2)Cc2ccccc2-3)CC1"
"CHEMBL1221452","Dopamine D3 receptor","Bioorg. Med. Chem. Lett., (2010) 20:17:5221","IC50","Displacement of [3H]spiperone from human dopamine D3 receptor expressed in CHOKI cells",943.0,"CN1CCN(c2cccc(N(Cc3ccccc3)S(=O)(=O)c3ccc4ccccc4c3)c2)CC1"
"CHEMBL1774383","Dopamine D3 receptor","J. Med. Chem., (2011) 54:10:3581","IC50","Antagonist activity at human dopamine D3 receptor expressed in CHO-K1 cells assessed as inhibition of dopamine-induced recruitment of beta-arrestin-2 after 90 mins by beta-galactosidase assay",699.0,"COc1ccccc1N1CCN(CC(F)CCNC(=O)c2ccc(-c3ccccn3)cc2)CC1"
"CHEMBL1774384","Dopamine D3 receptor","J. Med. Chem., (2011) 54:10:3581","IC50","Antagonist activity at human dopamine D3 receptor expressed in CHOp cells assessed as inhibition of quinpirole-induced mitogenesis",256.0,"O=C(NCCC(F)CN1CCN(c2cccc(Cl)c2Cl)CC1)c1ccc(-c2ccccn2)cc1"
"CHEMBL189118","Dopamine D3 receptor","J. Med. Chem., (2005) 48:18:5684","IC50","Inhibitory concentration against dopamine receptor D3",2300.0,"Cc1cc(N(C)CCN(C)C)nc2ccc(NC(=O)/C=C/c3ccc(OC(F)(F)F)cc3)cc12"
"CHEMBL231156","Dopamine D3 receptor","J. Med. Chem., (2007) 50:17:4135","IC50","Antagonist activity at human dopamine D3 receptor expressed in HEK293 cells by mitogenesis assay",14.3,"O=C(NC[C@H]1C[C@@H]1CN1CCN(c2cccc(Cl)c2Cl)CC1)c1ccc(-c2ccccn2)cc1"
"CHEMBL2387229","Dopamine D3 receptor","J. Med. Chem., (2013) 56:11:4671","IC50","Antagonist activity at dopamine D3 receptor (unknown origin) expressed in CHOK1 cells coexpressing Galpha15 assessed as inhibition of agonist-induced response incubated for 60 mins in incubator followed by 15 mins at room temperature by FLIPR assay",24.8,"Cc1cc(=O)oc2c(Cl)c(OCCCCN3CCC(c4noc5cc(F)ccc45)CC3)ccc12"
"CHEMBL2392351","Dopamine D3 receptor","Unspecified","IC50","Inhibition of human dopamine D3 receptor",31.0,"COc1ccccc1N1CCN(CCCCCN2Cc3c(Cl)nc4ccccc4c3C2=O)CC1"
"CHEMBL242644","Dopamine D3 receptor","Unspecified","IC50","BindingDB_Patents: Binding Assay. Methods for performing in vitro dopamine receptor binding studies are described in Huang et al. J. Med. Chem. 44:1815-1826 (2001) and Luedtke et al. Synapse 38:438-439 (2000). These papers describe radioactively labeled dopamine receptor selective ligands binding with picomolar affinity and nonselectivity to D2 and D3 dopamine receptors expressed in Sf9 and HEK 293 cells. 125I-IABN binds with 7- to 10-fold lower affinity to human D4.4 dopamine receptors expressed in HEK 293 cells. Dissociation constants (Kd) calculated from kinetic experiments were found to be in agreement with equilibrium Kd values obtained from saturation binding studies. Saturation plots of the binding of 125I-IABN with rat caudate membrane preparations were monophasic and exhibited low nonspecific binding.",12.8,"COc1ccccc1N1CCN(CC(O)CCNC(=O)c2ccc(-c3ccccn3)cc2)CC1"
"CHEMBL244562","Dopamine D3 receptor","Unspecified","IC50","BindingDB_Patents: Binding Assay. Methods for performing in vitro dopamine receptor binding studies are described in Huang et al. J. Med. Chem. 44:1815-1826 (2001) and Luedtke et al. Synapse 38:438-439 (2000). These papers describe radioactively labeled dopamine receptor selective ligands binding with picomolar affinity and nonselectivity to D2 and D3 dopamine receptors expressed in Sf9 and HEK 293 cells. 125I-IABN binds with 7- to 10-fold lower affinity to human D4.4 dopamine receptors expressed in HEK 293 cells. Dissociation constants (Kd) calculated from kinetic experiments were found to be in agreement with equilibrium Kd values obtained from saturation binding studies. Saturation plots of the binding of 125I-IABN with rat caudate membrane preparations were monophasic and exhibited low nonspecific binding.",1.0,"O=C(NC/C=C/CN1CCN(c2cccc(Cl)c2Cl)CC1)c1ccc(-c2cccc(=O)[nH]2)cc1"
"CHEMBL244773","Dopamine D3 receptor","Unspecified","IC50","BindingDB_Patents: Binding Assay. Methods for performing in vitro dopamine receptor binding studies are described in Huang et al. J. Med. Chem. 44:1815-1826 (2001) and Luedtke et al. Synapse 38:438-439 (2000). These papers describe radioactively labeled dopamine receptor selective ligands binding with picomolar affinity and nonselectivity to D2 and D3 dopamine receptors expressed in Sf9 and HEK 293 cells. 125I-IABN binds with 7- to 10-fold lower affinity to human D4.4 dopamine receptors expressed in HEK 293 cells. Dissociation constants (Kd) calculated from kinetic experiments were found to be in agreement with equilibrium Kd values obtained from saturation binding studies. Saturation plots of the binding of 125I-IABN with rat caudate membrane preparations were monophasic and exhibited low nonspecific binding.",25.6,"Cc1cccnc1-c1ccc(C(=O)NC/C=C/CN2CCN(c3cccc(Cl)c3Cl)CC2)cc1"
"CHEMBL244774","Dopamine D3 receptor","Unspecified","IC50","BindingDB_Patents: Binding Assay. Methods for performing in vitro dopamine receptor binding studies are described in Huang et al. J. Med. Chem. 44:1815-1826 (2001) and Luedtke et al. Synapse 38:438-439 (2000). These papers describe radioactively labeled dopamine receptor selective ligands binding with picomolar affinity and nonselectivity to D2 and D3 dopamine receptors expressed in Sf9 and HEK 293 cells. 125I-IABN binds with 7- to 10-fold lower affinity to human D4.4 dopamine receptors expressed in HEK 293 cells. Dissociation constants (Kd) calculated from kinetic experiments were found to be in agreement with equilibrium Kd values obtained from saturation binding studies. Saturation plots of the binding of 125I-IABN with rat caudate membrane preparations were monophasic and exhibited low nonspecific binding.",1.2,"O=C(NC/C=C/CN1CCN(c2cccc(Cl)c2Cl)CC1)c1ccc(-c2cccc[n+]2[O-])cc1"
"CHEMBL244989","Dopamine D3 receptor","Unspecified","IC50","BindingDB_Patents: Binding Assay. Methods for performing in vitro dopamine receptor binding studies are described in Huang et al. J. Med. Chem. 44:1815-1826 (2001) and Luedtke et al. Synapse 38:438-439 (2000). These papers describe radioactively labeled dopamine receptor selective ligands binding with picomolar affinity and nonselectivity to D2 and D3 dopamine receptors expressed in Sf9 and HEK 293 cells. 125I-IABN binds with 7- to 10-fold lower affinity to human D4.4 dopamine receptors expressed in HEK 293 cells. Dissociation constants (Kd) calculated from kinetic experiments were found to be in agreement with equilibrium Kd values obtained from saturation binding studies. Saturation plots of the binding of 125I-IABN with rat caudate membrane preparations were monophasic and exhibited low nonspecific binding.",18.9,"COc1ccccc1N1CCN(C/C=C/CNC(=O)c2ccc3c(c2)Cc2ccccc2-3)CC1"
"CHEMBL244990","Dopamine D3 receptor","Unspecified","IC50","BindingDB_Patents: Binding Assay. Methods for performing in vitro dopamine receptor binding studies are described in Huang et al. J. Med. Chem. 44:1815-1826 (2001) and Luedtke et al. Synapse 38:438-439 (2000). These papers describe radioactively labeled dopamine receptor selective ligands binding with picomolar affinity and nonselectivity to D2 and D3 dopamine receptors expressed in Sf9 and HEK 293 cells. 125I-IABN binds with 7- to 10-fold lower affinity to human D4.4 dopamine receptors expressed in HEK 293 cells. Dissociation constants (Kd) calculated from kinetic experiments were found to be in agreement with equilibrium Kd values obtained from saturation binding studies. Saturation plots of the binding of 125I-IABN with rat caudate membrane preparations were monophasic and exhibited low nonspecific binding.",1.0,"O=C(NCCC(O)CN1CCN(c2cccc(Cl)c2Cl)CC1)c1ccc(-c2ccccn2)cc1"
"CHEMBL296419","Dopamine D3 receptor","Unspecified","IC50","DRUGMATRIX: Dopamine D3 radioligand binding (ligand: [3H] Spiperone)",436.0,"COc1ccc(CCN2CCC(Nc3nc4ccccc4n3Cc3ccc(F)cc3)CC2)cc1"
"CHEMBL300780","Dopamine D3 receptor","J. Med. Chem., (2007) 50:17:4135","IC50","Antagonist activity at human dopamine D3 receptor expressed in HEK293 cells by mitogenesis assay",14.4,"O=C(NCCCCN1CCN(c2cccc(Cl)c2Cl)CC1)c1ccc2c(c1)Cc1ccccc1-2"
"CHEMBL304605","Dopamine D3 receptor","J. Med. Chem., (2005) 48:11:3663","IC50","Mitogenic stimulation or antagonism of 30 nM quinpirole-stimulated mitogenesis in CHO cells expressing human dopamine D3 receptor",173.0,"O=C(NC/C=C/CN1CCN(c2cccc(Cl)c2Cl)CC1)c1ccc2c(c1)Cc1ccccc1-2"
"CHEMBL3099899","Dopamine D3 receptor","Bioorg. Med. Chem. Lett., (2013) 23:24:6620","IC50","Inhibition of human dopamine D3 receptor",9540.0,"COc1ccc(CNC(=O)c2cc(-c3cc(Cl)cc(Cl)c3)cnc2-c2cccnc2)cc1OC"
"CHEMBL3265067","Dopamine D3 receptor","J. Med. Chem., (2014) 57:11:4962","IC50","Antagonist activity at human dopamine D3 receptor expressed in human U2OS cells assessed as inhibition of pramipexole-stimulated beta-arrestin recruitment",327.0,"CCCN(CC[C@]1(O)C[C@@H](NC(=O)c2ccc3ccccc3c2)C1)[C@@H]1C[C@H]1c1ccc(Cl)cc1"
"CHEMBL3597636","Dopamine D3 receptor","J. Med. Chem., (2015) 58:15:6195","IC50","Antagonist activity at human dopamine D3 receptor expressed in CHO cells assessed as inhibition of quinpirole-stimulated mitogenesis",72.0,"O=C(NCCC(O)CN1CCN(c2cccc3ccccc23)CC1)c1cnc2ccccc2c1"
"CHEMBL390253","Dopamine D3 receptor","J. Med. Chem., (2007) 50:17:4135","IC50","Antagonist activity at human dopamine D3 receptor expressed in HEK293 cells by mitogenesis assay",5.4,"O=C(NCC(O)CCN1CCN(c2cccc(Cl)c2Cl)CC1)c1ccc(-c2ccccn2)cc1"
"CHEMBL398175","Dopamine D3 receptor","Unspecified","IC50","BindingDB_Patents: Binding Assay. Methods for performing in vitro dopamine receptor binding studies are described in Huang et al. J. Med. Chem. 44:1815-1826 (2001) and Luedtke et al. Synapse 38:438-439 (2000). These papers describe radioactively labeled dopamine receptor selective ligands binding with picomolar affinity and nonselectivity to D2 and D3 dopamine receptors expressed in Sf9 and HEK 293 cells. 125I-IABN binds with 7- to 10-fold lower affinity to human D4.4 dopamine receptors expressed in HEK 293 cells. Dissociation constants (Kd) calculated from kinetic experiments were found to be in agreement with equilibrium Kd values obtained from saturation binding studies. Saturation plots of the binding of 125I-IABN with rat caudate membrane preparations were monophasic and exhibited low nonspecific binding.",6.7,"Cc1cccc(-c2ccc(C(=O)NC/C=C/CN3CCN(c4cccc(Cl)c4Cl)CC3)cc2)n1"
"CHEMBL69571","Dopamine D3 receptor","J. Med. Chem., (2005) 48:11:3663","IC50","Mitogenic stimulation or antagonism of 30 nM quinpirole-stimulated mitogenesis in CHO cells expressing human dopamine D3 receptor",114.0,"O=C(NC/C=C/CN1CCN(c2cccc(Cl)c2Cl)CC1)c1cccc2c1-c1ccccc1C2"
"CHEMBL81","Dopamine D3 receptor","Unspecified","IC50","DRUGMATRIX: Dopamine D3 radioligand binding (ligand: [3H] Spiperone)",1565.0,"O=C(c1ccc(OCCN2CCCCC2)cc1)c1c(-c2ccc(O)cc2)sc2cc(O)ccc12"
"CHEMBL841","Dopamine D3 receptor","Unspecified","IC50","DRUGMATRIX: Dopamine D3 radioligand binding (ligand: [3H] Spiperone)",1337.0,"CN(C)C(=O)C(CCN1CCC(O)(c2ccc(Cl)cc2)CC1)(c1ccccc1)c1ccccc1"
"CHEMBL1086756","Dopamine D3 receptor","Bioorg. Med. Chem. Lett., (2010) 20:5:1705","IC50","Inhibition of dopamine D3 receptor",1072.0,"CCCn1c(-c2ccccc2)cc(C(=O)NCCCN2CCN(c3cccc(Cl)c3Cl)CC2)c1C"
"CHEMBL116735","Dopamine D3 receptor","J. Med. Chem., (2001) 44:21:3391","IC50","Inhibition of human dopamine receptor D3",977.0,"O=C(CCc1ccc(F)cc1)N1CCN(CCCC(c2ccc(F)cc2)c2ccc(F)cc2)CC1"
"CHEMBL117537","Dopamine D3 receptor","J. Med. Chem., (2001) 44:21:3391","IC50","Inhibition of human dopamine receptor D3",758.0,"O=C(CCCc1ccccc1)N1CCN(CCCC(c2ccc(F)cc2)c2ccc(F)cc2)CC1"
"CHEMBL17157","Dopamine D3 receptor","Unspecified","IC50","DRUGMATRIX: Dopamine D3 radioligand binding (ligand: [3H] Spiperone)",1503.0,"CC(C)(C)c1ccc(C(O)CCCN2CCC(C(O)(c3ccccc3)c3ccccc3)CC2)cc1"
"CHEMBL1773087","Dopamine D3 receptor","J. Med. Chem., (2011) 54:10:3581","IC50","Antagonist activity at human dopamine D3 receptor expressed in CHOp cells assessed as inhibition of quinpirole-induced mitogenesis",918.0,"CN(CCC(F)CN1CCN(c2cccc(Cl)c2Cl)CC1)Cc1ccc2c(c1)Cc1ccccc1-2"
"CHEMBL1774536","Dopamine D3 receptor","J. Med. Chem., (2011) 54:10:3581","IC50","Antagonist activity at human dopamine D3 receptor expressed in CHOp cells assessed as inhibition of quinpirole-induced mitogenesis",214.0,"COc1ccccc1N1CCN(CC(F)CCNC(=O)c2ccc3c(c2)Cc2ccccc2-3)CC1"
"CHEMBL1774537","Dopamine D3 receptor","J. Med. Chem., (2011) 54:10:3581","IC50","Antagonist activity at human dopamine D3 receptor expressed in CHOp cells assessed as inhibition of quinpirole-induced mitogenesis",800.0,"O=C(NCCC(F)CN1CCN(c2cccc(Cl)c2Cl)CC1)c1ccc2c(c1)Cc1ccccc1-2"
"CHEMBL242218","Dopamine D3 receptor","Unspecified","IC50","BindingDB_Patents: Binding Assay. Methods for performing in vitro dopamine receptor binding studies are described in Huang et al. J. Med. Chem. 44:1815-1826 (2001) and Luedtke et al. Synapse 38:438-439 (2000). These papers describe radioactively labeled dopamine receptor selective ligands binding with picomolar affinity and nonselectivity to D2 and D3 dopamine receptors expressed in Sf9 and HEK 293 cells. 125I-IABN binds with 7- to 10-fold lower affinity to human D4.4 dopamine receptors expressed in HEK 293 cells. Dissociation constants (Kd) calculated from kinetic experiments were found to be in agreement with equilibrium Kd values obtained from saturation binding studies. Saturation plots of the binding of 125I-IABN with rat caudate membrane preparations were monophasic and exhibited low nonspecific binding.",3.9,"COc1ccccc1N1CCN(CC(O)CCNC(=O)c2ccc3c(c2)Cc2ccccc2-3)CC1"
"CHEMBL305660","Dopamine D3 receptor","Unspecified","IC50","DRUGMATRIX: Dopamine D3 radioligand binding (ligand: [3H] Spiperone)",121.6,"CC(C)(C)c1ccc(C(=O)CCCN2CCC(OC(c3ccccc3)c3ccccc3)CC2)cc1"
"CHEMBL396024","Dopamine D3 receptor","Unspecified","IC50","BindingDB_Patents: Binding Assay. Methods for performing in vitro dopamine receptor binding studies are described in Huang et al. J. Med. Chem. 44:1815-1826 (2001) and Luedtke et al. Synapse 38:438-439 (2000). These papers describe radioactively labeled dopamine receptor selective ligands binding with picomolar affinity and nonselectivity to D2 and D3 dopamine receptors expressed in Sf9 and HEK 293 cells. 125I-IABN binds with 7- to 10-fold lower affinity to human D4.4 dopamine receptors expressed in HEK 293 cells. Dissociation constants (Kd) calculated from kinetic experiments were found to be in agreement with equilibrium Kd values obtained from saturation binding studies. Saturation plots of the binding of 125I-IABN with rat caudate membrane preparations were monophasic and exhibited low nonspecific binding.",42.0,"O=C(NCCC(O)CN1CCN(c2cccc(Cl)c2Cl)CC1)c1ccc2c(c1)Cc1ccccc1-2"
"CHEMBL1306","Dopamine D3 receptor","Unspecified","IC50","DRUGMATRIX: Dopamine D3 radioligand binding (ligand: [3H] Spiperone)",4712.0,"CC(C)N1CCN(c2ccc(OC[C@H]3CO[C@](Cn4cncn4)(c4ccc(Cl)cc4Cl)O3)cc2)CC1"
"CHEMBL325516","Dopamine D3 receptor","J. Med. Chem., (2001) 44:21:3391","IC50","Inhibition of human dopamine receptor D3",456.0,"O=C(OCCc1ccc(F)cc1)N1CCN(CCCC(c2ccc(F)cc2)c2ccc(F)cc2)CC1"
"CHEMBL3323011","Dopamine D3 receptor","J. Med. Chem., (2014) 57:16:7042","IC50","Antagonist activity against human D3R expressed in CHO cells assessed as inhibition of quinpirole-induced mitogenesis after 24 hrs by [3H]thymidine uptake assay",157.0,"CC(C)(C)c1nc(N2CCN(CCCCNC(=O)c3cn4ccccc4n3)CC2)cc(C(F)(F)F)n1"
"CHEMBL3323012","Dopamine D3 receptor","J. Med. Chem., (2014) 57:16:7042","IC50","Antagonist activity against D3R in human U2OS cells assessed as inhibition of (+)-PD128907-induced beta-arrestin translocation by beta-galactosidase based beta-arrestin recruitment assay",5.6,"CC(C)(C)c1nc(N2CCN(CCCCNC(=O)c3cc4ccccc4[nH]3)CC2)cc(C(F)(F)F)n1"
"CHEMBL3323013","Dopamine D3 receptor","J. Med. Chem., (2014) 57:16:7042","IC50","Antagonist activity against human D3R expressed in CHO cells assessed as inhibition of quinpirole-induced mitogenesis after 24 hrs by [3H]thymidine uptake assay",208.0,"CC(C)(C)c1nc(N2CCN(CCCCNC(=O)c3nc4ccccc4[nH]3)CC2)cc(C(F)(F)F)n1"
"CHEMBL3323015","Dopamine D3 receptor","J. Med. Chem., (2014) 57:16:7042","IC50","Antagonist activity against human D3R expressed in CHO cells assessed as inhibition of quinpirole-induced mitogenesis after 24 hrs by [3H]thymidine uptake assay",51.0,"CC(C)(C)c1nc(N2CCN(CCCCNC(=O)c3cn4cccnc4n3)CC2)cc(C(F)(F)F)n1"
"CHEMBL3323016","Dopamine D3 receptor","J. Med. Chem., (2014) 57:16:7042","IC50","Antagonist activity against human D3R expressed in CHO cells assessed as inhibition of quinpirole-induced mitogenesis after 24 hrs by [3H]thymidine uptake assay",245.0,"CC(C)(C)c1nc(N2CCN(CCCCNC(=O)c3cn4ccncc4n3)CC2)cc(C(F)(F)F)n1"
"CHEMBL1221512","Dopamine D3 receptor","Unspecified","IC50","DRUGMATRIX: Dopamine D3 radioligand binding (ligand: [3H] Spiperone)",28.0,"CC[C@H](C)[C@@H](CO[C@@H](Cc1ccccc1)C(=O)N[C@@H](CCS(C)(=O)=O)C(=O)OC(C)C)NC[C@@H](N)CS"
"CHEMBL242434","Dopamine D3 receptor","Unspecified","IC50","BindingDB_Patents: Binding Assay. Methods for performing in vitro dopamine receptor binding studies are described in Huang et al. J. Med. Chem. 44:1815-1826 (2001) and Luedtke et al. Synapse 38:438-439 (2000). These papers describe radioactively labeled dopamine receptor selective ligands binding with picomolar affinity and nonselectivity to D2 and D3 dopamine receptors expressed in Sf9 and HEK 293 cells. 125I-IABN binds with 7- to 10-fold lower affinity to human D4.4 dopamine receptors expressed in HEK 293 cells. Dissociation constants (Kd) calculated from kinetic experiments were found to be in agreement with equilibrium Kd values obtained from saturation binding studies. Saturation plots of the binding of 125I-IABN with rat caudate membrane preparations were monophasic and exhibited low nonspecific binding.",5.4,"CC(=O)OC(CCNC(=O)c1ccc(-c2ccccn2)cc1)CN1CCN(c2cccc(Cl)c2Cl)CC1"
"CHEMBL326263","Dopamine D3 receptor","J. Med. Chem., (2001) 44:21:3391","IC50","Inhibition of human dopamine receptor D3",195.0,"N#Cc1ccc(CCOC(=O)N2CCN(CCCC(c3ccc(F)cc3)c3ccc(F)cc3)CC2)cc1"
"CHEMBL3323017","Dopamine D3 receptor","J. Med. Chem., (2014) 57:16:7042","IC50","Antagonist activity against human D3R expressed in CHO cells assessed as inhibition of quinpirole-induced mitogenesis after 24 hrs by [3H]thymidine uptake assay",637.0,"CC(C)(C)c1nc(N2CCN(CCCCNC(=O)c3cn4nc(Cl)ccc4n3)CC2)cc(C(F)(F)F)n1"
"CHEMBL461571","Dopamine D3 receptor","Bioorg. Med. Chem. Lett., (2008) 18:17:4798","IC50","Displacement of radioligand from dopamine D3 receptor",837.0,"Cc1c(C(=O)c2ccc(Cl)cc2)c2ccc(OC(F)(F)F)cc2n1Cc1cccc(O[C@H](C)C(=O)O)c1"
"CHEMBL1092929","Dopamine D3 receptor","Bioorg. Med. Chem. Lett., (2010) 20:7:2099","IC50","Inhibition of dopamine D3 (receptor)",10000.0,"O=C(CNC(=O)c1cccc(C(F)(F)F)c1)N[C@@H]1CCN(CCC2CCN(C(=O)c3ccccc3)CC2)C1"
"CHEMBL1093469","Dopamine D3 receptor","Bioorg. Med. Chem. Lett., (2010) 20:7:2099","IC50","Inhibition of dopamine D3 (receptor)",10000.0,"O=C(CNC(=O)c1cccc(C(F)(F)F)c1)N[C@@H]1CCN(CCN2CCN(C(=O)c3ccccc3)CC2)C1"
"CHEMBL113956","Dopamine D3 receptor","J. Med. Chem., (2001) 44:21:3391","IC50","Inhibition of human dopamine receptor D3",341.0,"CCOc1ccc(CCNC(=O)N2CCN(CCCC(c3ccc(F)cc3)c3ccc(F)cc3)CC2)cc1"
"CHEMBL116463","Dopamine D3 receptor","J. Med. Chem., (2001) 44:21:3391","IC50","Inhibition of human dopamine receptor D3",538.0,"N#Cc1ccc(CCOC(=O)NC2CCN(CCCC(c3ccc(F)cc3)c3ccc(F)cc3)CC2)cc1"
"CHEMBL141343","Dopamine D3 receptor","Unspecified","IC50","DRUGMATRIX: Dopamine D3 radioligand binding (ligand: [3H] Spiperone)",5196.0,"Cc1c(C)c2c(c(C)c1O)CCC(C)(CN1CCN(c3cc(N4CCCC4)nc(N4CCCC4)n3)CC1)O2"
"CHEMBL1088874","Dopamine D3 receptor","Bioorg. Med. Chem. Lett., (2010) 20:7:2099","IC50","Inhibition of dopamine D3 (receptor)",10000.0,"O=C(CNC(=O)c1cccc(C(F)(F)F)c1)N[C@@H]1CCN(CCC2CCN(C(=O)c3ccccc3Cl)CC2)C1"
"CHEMBL1089881","Dopamine D3 receptor","Bioorg. Med. Chem. Lett., (2010) 20:7:2099","IC50","Inhibition of dopamine D3 (receptor)",10000.0,"O=C(CNC(=O)c1cccc(C(F)(F)F)c1)N[C@@H]1CCN(CCC2CCN(C(=O)c3ccccc3F)CC2)C1"
"CHEMBL1092238","Dopamine D3 receptor","Bioorg. Med. Chem. Lett., (2010) 20:7:2099","IC50","Inhibition of dopamine D3 (receptor)",10000.0,"O=C(CNC(=O)c1cccc(C(F)(F)F)c1)N[C@@H]1CCN(CCN2CCN(C(=O)c3ccccc3Cl)CC2)C1"
"CHEMBL1093802","Dopamine D3 receptor","Bioorg. Med. Chem. Lett., (2010) 20:7:2099","IC50","Inhibition of dopamine D3 (receptor)",10000.0,"O=C(CNC(=O)c1cccc(C(F)(F)F)c1)N[C@@H]1CCN(CCN2CCN(C(=O)c3ccccc3F)CC2)C1"
"CHEMBL3323117","Dopamine D3 receptor","J. Med. Chem., (2014) 57:16:7042","IC50","Antagonist activity against human D3R expressed in CHO cells assessed as inhibition of dopamine-induced [35S]GTPgammaS binding by dopamine potency shift assay",19.0,"CC(C)(C)c1nc(N2CCN(CCCCNC(=O)[C@H]3CC[C@H](c4ccccc4)CC3)CC2)cc(C(F)(F)F)n1"
"CHEMBL1089793","Dopamine D3 receptor","Bioorg. Med. Chem. Lett., (2010) 20:7:2099","IC50","Inhibition of dopamine D3 (receptor)",10000.0,"O=C(CNC(=O)c1cccc(C(F)(F)F)c1)N[C@@H]1CCN(CCN2CCN(C(=O)c3cc(F)ccc3F)CC2)C1"
"CHEMBL1092921","Dopamine D3 receptor","Bioorg. Med. Chem. Lett., (2010) 20:7:2099","IC50","Inhibition of dopamine D3 (receptor)",10000.0,"O=C(CNC(=O)c1cccc(C(F)(F)F)c1)N[C@@H]1CCN(CCC2CCN(C(=O)c3cc(F)ccc3F)CC2)C1"
"CHEMBL3323019","Dopamine D3 receptor","J. Med. Chem., (2014) 57:16:7042","IC50","Antagonist activity against D3R in human U2OS cells assessed as inhibition of (+)-PD128907-induced beta-arrestin translocation by beta-galactosidase based beta-arrestin recruitment assay",14.0,"CN(C)Cc1c(C(=O)NCCCCN2CCN(c3cc(C(F)(F)F)nc(C(C)(C)C)n3)CC2)[nH]c2ccccc12"
"CHEMBL3323112","Dopamine D3 receptor","J. Med. Chem., (2014) 57:16:7042","IC50","Antagonist activity against D3R in human U2OS cells assessed as inhibition of (+)-PD128907-induced beta-arrestin translocation by beta-galactosidase based beta-arrestin recruitment assay",7.2,"CN(C)Cc1c(C(=O)NCCCCN2CCN(c3cc(C(F)(F)F)nc(C(C)(C)C)n3)CC2)nc2ccccn12"
"CHEMBL3323114","Dopamine D3 receptor","J. Med. Chem., (2014) 57:16:7042","IC50","Antagonist activity against D3R in human U2OS cells assessed as inhibition of (+)-PD128907-induced beta-arrestin translocation by beta-galactosidase based beta-arrestin recruitment assay",29.0,"CN(C)Cc1cccc2nc(C(=O)NCCCCN3CCN(c4cc(C(F)(F)F)nc(C(C)(C)C)n4)CC3)cn12"
"CHEMBL1385840","Dopamine D3 receptor","Unspecified","IC50","DRUGMATRIX: Dopamine D3 radioligand binding (ligand: [3H] Spiperone)",2.86,"CC(C)[C@H]1C(=O)N2CCC[C@H]2[C@]2(O)O[C@](NC(=O)[C@@H]3C=C4c5cccc6[nH]cc(c56)C[C@H]4N(C)C3)(C(C)C)C(=O)N12"
"CHEMBL787","Dopamine D3 receptor","Unspecified","IC50","DRUGMATRIX: Dopamine D3 radioligand binding (ligand: [3H] Spiperone)",7747.0,"CC(C)(O)c1ccccc1CC[C@@H](SCC1(CC(=O)O)CC1)c1cccc(/C=C/c2ccc3ccc(Cl)cc3n2)c1"
"CHEMBL1403281","Dopamine D3 receptor","Unspecified","IC50","DRUGMATRIX: Dopamine D3 radioligand binding (ligand: [3H] Spiperone)",0.589,"CC(C)C[C@H]1C(=O)N2CCC[C@H]2[C@]2(O)O[C@](NC(=O)[C@@H]3C=C4c5cccc6[nH]cc(c56)C[C@H]4N(C)C3)(C(C)C)C(=O)N12"
"CHEMBL1732","Dopamine D3 receptor","Unspecified","IC50","DRUGMATRIX: Dopamine D3 radioligand binding (ligand: [3H] Spiperone)",5.34,"CN1C[C@H](C(=O)N[C@]2(C)O[C@@]3(O)[C@@H]4CCCN4C(=O)[C@H](Cc4ccccc4)N3C2=O)C[C@@H]2c3cccc4[nH]cc(c34)C[C@H]21"
"CHEMBL367169","Dopamine D3 receptor","Bioorg. Med. Chem. Lett., (2004) 14:4:947","IC50","Inhibitory activity against human dopamine receptor D3 at 10 uM",4000.0,"CCn1nc(Cc2ccc(C#N)cc2)cc1C1CCN(C[C@H]2CN([C@@H](C(=O)O)C(C)(C)C)C[C@@H]2c2cccc(F)c2)CC1"
"CHEMBL442","Dopamine D3 receptor","Unspecified","IC50","DRUGMATRIX: Dopamine D3 radioligand binding (ligand: [3H] Spiperone)",4.31,"CN1C[C@H](C(=O)N[C@]2(C)O[C@@]3(O)[C@@H]4CCCN4C(=O)[C@H](Cc4ccccc4)N3C2=O)C=C2c3cccc4[nH]cc(c34)C[C@H]21"
"CHEMBL493","Dopamine D3 receptor","Unspecified","IC50","DRUGMATRIX: Dopamine D3 radioligand binding (ligand: [3H] Spiperone)",0.596,"CC(C)C[C@H]1C(=O)N2CCC[C@H]2[C@]2(O)O[C@](NC(=O)[C@@H]3C=C4c5cccc6[nH]c(Br)c(c56)C[C@H]4N(C)C3)(C(C)C)C(=O)N12"
"CHEMBL1255837","Dopamine D3 receptor","Unspecified","IC50","DRUGMATRIX: Dopamine D3 radioligand binding (ligand: [3H] Spiperone)",2.29,"CC(C)[C@@]1(NC(=O)[C@@H]2C[C@@H]3c4cccc5[nH]cc(c45)C[C@H]3N(C)C2)O[C@@]2(O)[C@@H]3CCCN3C(=O)[C@H](Cc3ccccc3)N2C1=O"
"CHEMBL440554","Dopamine D3 receptor","Bioorg. Med. Chem. Lett., (2004) 14:4:947","IC50","Inhibitory activity against human dopamine receptor D3 at 10 uM",2700.0,"CC[C@H](C)[C@H](C(=O)O)N1C[C@H](CN2CCC(c3cc(Cc4ccc(OC(F)(F)F)cc4)nn3CC)CC2)[C@@H](c2cccc(F)c2)C1"
"CHEMBL114","Dopamine D3 receptor","Unspecified","IC50","DRUGMATRIX: Dopamine D3 radioligand binding (ligand: [3H] Spiperone)",15366.0,"CC(C)(C)NC(=O)[C@@H]1C[C@@H]2CCCC[C@@H]2CN1C[C@@H](O)[C@H](Cc1ccccc1)NC(=O)[C@H](CC(N)=O)NC(=O)c1ccc2ccccc2n1"
"CHEMBL1909065","Dopamine D3 receptor","Unspecified","IC50","DRUGMATRIX: Dopamine D3 radioligand binding (ligand: [3H] Spiperone)",27.0,"CO[C@H]1C[C@@H](O[C@H]2C[C@H]([C@H]3O[C@](C)(O)[C@H](C)C[C@@H]3C)O[C@H]2[C@]2(C)CC[C@H]([C@]3(C)CC[C@]4(C[C@H](O)[C@@H](C)[C@@H]([C@@H](C)[C@@H]5O[C@](O)(CC(=O)O)[C@@H](C)[C@H](OC)[C@H]5OC)O4)O3)O2)O[C@@H](C)[C@@H]1OC"
"CHEMBL1200633","Dopamine D3 receptor","Unspecified","IC50","DRUGMATRIX: Dopamine D3 radioligand binding (ligand: [3H] Spiperone)",2209.2,"CC[C@H](C)[C@H]1O[C@]2(CC[C@@H]1C)C[C@@H]1C[C@@H](C/C=C(\C)[C@@H](O[C@H]3C[C@H](OC)[C@@H](O[C@H]4C[C@H](OC)[C@@H](O)[C@H](C)O4)[C@H](C)O3)[C@@H](C)/C=C/C=C3\CO[C@@H]4[C@H](O)C(C)=C[C@@H](C(=O)O1)[C@]34O)O2.CO[C@H]1C[C@H](O[C@H]2[C@H](C)O[C@@H](O[C@@H]3/C(C)=C/C[C@@H]4C[C@@H](C[C@]5(CC[C@H](C)[C@@H](C(C)C)O5)O4)OC(=O)[C@@H]4C=C(C)[C@@H](O)[C@H]5OC/C(=C\C=C\[C@@H]3C)[C@@]45O)C[C@@H]2OC)O[C@@H](C)[C@@H]1O"
