"chemblId","target__name","reference","bioactivity__type","assay__description","Activity_value","Smiles"
"CHEMBL92694","Histamine H2 receptor","J. Med. Chem., (1995) 38:2:266","Ki","Binding affinity against human H2 receptor by the displacement of [125I]iodoaminopotentidine, bound to membranes of CHO cells.",1.0E12,"NCc1c[nH]cn1"
"CHEMBL90","Histamine H2 receptor","J. Med. Chem., (2015) 58:18:7119","Ki","Binding affinity to histamine H2 receptor (unknown origin)",5000.0,"NCCc1c[nH]cn1"
"CHEMBL275443","Histamine H2 receptor","Bioorg. Med. Chem. Lett., (2010) 20:24:7191","Ki","Displacement of [125I]iodoaminopotentidine from human histamine H2 receptor expressed in CHO cells",7943.28,"Cc1nc[nH]c1CCN"
"CHEMBL91353","Histamine H2 receptor","J. Med. Chem., (1995) 38:2:266","Ki","Binding affinity against human H2 receptor by the displacement of [125I]iodoaminopotentidine, bound to membranes of CHO cells.",1.0E12,"NCCCc1c[nH]cn1"
"CHEMBL12344","Histamine H2 receptor","Bioorg. Med. Chem. Lett., (2010) 20:24:7191","Ki","Displacement of [125I]iodoaminopotentidine from human histamine H2 receptor expressed in CHO cells",25118.86,"CN(C)CCCSC(=N)N"
"CHEMBL1632408","Histamine H2 receptor","Bioorg. Med. Chem. Lett., (2010) 20:24:7191","Ki","Displacement of [125I]iodoaminopotentidine from human histamine H2 receptor expressed in CHO cells",10000.0,"Cc1nc(N)[se]c1CCN"
"CHEMBL293762","Histamine H2 receptor","Bioorg. Med. Chem. Lett., (2010) 20:24:7191","Ki","Displacement of [125I]iodoaminopotentidine from human histamine H2 receptor expressed in CHO cells",6309.57,"Cc1nc(N)sc1CCN"
"CHEMBL90019","Histamine H2 receptor","J. Med. Chem., (1995) 38:2:266","Ki","Binding affinity against human H2 receptor by the displacement of [125I]iodoaminopotentidine bound to membranes of CHO cells.",1.25892541179417E12,"NCCCCc1c[nH]cn1"
"CHEMBL417096","Histamine H2 receptor","J. Med. Chem., (1995) 38:2:266","Ki","Binding affinity against human H2 receptor by the displacement of [125I]iodoaminopotentidine, bound to membranes of CHO cells.",3.98107170553497E12,"NCCCCCc1c[nH]cn1"
"CHEMBL18661","Histamine H2 receptor","J. Med. Chem., (2005) 48:6:2100","Ki","Displacement of [125I]aminopotentidine binding to CHO cell membranes expressing human histamine H2 receptor",10000.0,"c1nc(CC2CCNCC2)c[nH]1"
"CHEMBL554031","Histamine H2 receptor","J. Med. Chem., (1995) 38:2:266","Ki","Binding affinity against human H2 receptor by the displacement of [125I]iodoaminopotentidine, bound to membranes of CHO cells.",5.01187233627271E12,"NCCCCCCc1c[nH]cn1"
"CHEMBL175782","Histamine H2 receptor","J. Med. Chem., (2005) 48:6:2100","Ki","Displacement of [125I]aminopotentidine binding to CHO cell membranes expressing human histamine H2 receptor",10000.0,"CN1CCC(Cc2c[nH]cn2)CC1"
"CHEMBL30713","Histamine H2 receptor","Bioorg. Med. Chem. Lett., (2013) 23:11:3411","Ki","Displacement of [3H]Tiotidine from human recombinant histamine H2 receptor expressed in HEK293 cells after 1 to 1.5 hrs by scintillation counting analysis",10000.0,"CC(N)Cc1c[nH]c2ccccc12"
"CHEMBL12160","Histamine H2 receptor","J. Med. Chem., (1995) 38:12:2244","Ki","Displacement of [125 I]iodoaminopotentidine bound to membranes of CHO cells expressing human H2 receptors",3981.07,"C/N=C(\S)NCCCCc1c[nH]cn1"
"CHEMBL1794855","Histamine H2 receptor","Bioorg. Med. Chem. Lett., (2004) 14:14:3651","Ki","Affinity towards histamine H2 receptor",10000.0,"CCN(C)C1CCCc2ccncc21"
"CHEMBL434785","Histamine H2 receptor","Bioorg. Med. Chem. Lett., (2002) 12:15:2035","Ki","Binding affinity towards Histamine H2 receptor from human membranes",19054.61,"N[C@@H](C(=O)O)C1Cc2ccccc2C1"
"CHEMBL90063","Histamine H2 receptor","J. Med. Chem., (1995) 38:2:266","Ki","Binding affinity against human H2 receptor by the displacement of [125I]iodoaminopotentidine, bound to membranes of CHO cells.",3.16227766016838E13,"NCCCCCCCCc1c[nH]cn1"
"CHEMBL44220","Histamine H2 receptor","J. Med. Chem., (1995) 38:12:2244","Ki","Displacement of [125 I]iodoaminopotentidine bound to membranes of CHO cells expressing human H2 receptors",19952.62,"C/N=C(\S)NCCCCCc1c[nH]cn1"
"CHEMBL72424","Histamine H2 receptor","J. Med. Chem., (1995) 38:12:2244","Ki","Displacement of [125 I]iodoaminopotentidine bound to membranes of CHO cells expressing human H2 receptors",10000.0,"CC/N=C(\S)NCCCCCc1c[nH]cn1"
"CHEMBL94249","Histamine H2 receptor","J. Med. Chem., (1995) 38:2:266","Ki","Binding affinity against human H2 receptor by the displacement of [125I]iodoaminopotentidine, bound to membranes of CHO cells.",5.01187233627271E13,"NCCCCCCCCCCc1c[nH]cn1"
"CHEMBL1672288","Histamine H2 receptor","J. Med. Chem., (2011) 54:3:901","Ki","Binding affinity to histamine H2 receptor",10000.0,"N#Cc1cc(F)cc(C#Cc2csc(F)n2)c1"
"CHEMBL30","Histamine H2 receptor","Unspecified","Ki","Binding affinity to human histamine H2 receptor by radioligand displacement assay",140.0,"CN/C(=N\CCSCc1nc[nH]c1C)NC#N"
"CHEMBL308717","Histamine H2 receptor","J. Med. Chem., (1995) 38:12:2244","Ki","Displacement of [125 I]iodoaminopotentidine bound to membranes of CHO cells expressing human H2 receptors",5011.87,"CCC/N=C(\S)NCCCCCc1c[nH]cn1"
"CHEMBL70603","Histamine H2 receptor","J. Med. Chem., (1995) 38:12:2244","Ki","Displacement of [125 I]iodoaminopotentidine bound to membranes of CHO cells expressing human H2 receptors",10000.0,"CC(C)/N=C(\S)NCCCCCc1c[nH]cn1"
"CHEMBL1098230","Histamine H2 receptor","J. Med. Chem., (2010) 53:9:3840","Ki","Inhibition of histamine H2 receptor",1000.0,"CC(C)(C)c1ccc(SCCc2c[nH]cn2)cc1"
"CHEMBL1282","Histamine H2 receptor","Unspecified","Ki","DRUGMATRIX: Histamine H2 radioligand binding (ligand: [125I] Aminopotentidine)",1481.0,"CC(C)Cn1cnc2c(N)nc3ccccc3c21"
"CHEMBL229429","Histamine H2 receptor","J. Med. Chem., (2007) 50:14:3256","Ki","Binding affinity to from histamine H2 receptor",10000.0,"N#Cc1cc(F)cc(C#Cc2csc(CF)n2)c1"
"CHEMBL402377","Histamine H2 receptor","Bioorg. Med. Chem. Lett., (2008) 18:1:355","Ki","Antagonist activity at histamine H2 receptor by [35S]GTP-gamma-S binding assay",1000.0,"C[C@H]1CCCN1CCc1ccc2ccccc2c1"
"CHEMBL1201353","Histamine H2 receptor","Unspecified","Ki","DRUGMATRIX: Histamine H2 radioligand binding (ligand: [125I] Aminopotentidine)",8228.0,"CN(C)CC[C@@H](c1ccc(Cl)cc1)c1ccccn1"
"CHEMBL129198","Histamine H2 receptor","J. Med. Chem., (2008) 51:22:7094","Ki","Binding affinity to human histamine H2 receptor",8511.38,"CN1CCN(C(=O)c2cc3cc(Cl)ccc3[nH]2)CC1"
"CHEMBL1632411","Histamine H2 receptor","Bioorg. Med. Chem. Lett., (2010) 20:24:7191","Ki","Binding affinity to human recombinant histamine H2 receptor expressed in human SK-N-MC cells by radioligand displacement assay",1000.0,"CN1CCC(/C(=N/O)c2cc3ccccc3[nH]2)CC1"
"CHEMBL1915534","Histamine H2 receptor","Bioorg. Med. Chem. Lett., (2011) 21:21:6591","Ki","Antagonist activity at histamine H2 receptor",8820.0,"CC(C)(C)CCNc1cc(N[C@H]2CCNC2)ncn1"
"CHEMBL2376800","Histamine H2 receptor","Bioorg. Med. Chem. Lett., (2013) 23:9:2663","Ki","Displacement of [3H]histamine from human histamine H2 receptor expressed in HEK cells",14125.38,"CCc1cnc2c(N3CC(NC)C3)nc(N)nc2c1"
"CHEMBL2432045","Histamine H2 receptor","Bioorg. Med. Chem., (2013) 21:19:6038","Ki","Inhibition of histamine H2 receptor (unknown origin) by PDSP assay",3471.0,"c1ccc(CN[C@H]2C3C4CC5C6C4CC3C6C52)cc1"
"CHEMBL319231","Histamine H2 receptor","Bioorg. Med. Chem. Lett., (2002) 12:21:3055","Ki","Binding affinity towards human Histamine H2 receptor (For compound 11)",31000.0,"CC(=O)c1ccc(OCCCN2CC[C@H](N)C2)cc1"
"CHEMBL1172775","Histamine H2 receptor","Bioorg. Med. Chem., (2010) 18:14:5441","Ki","Displacement of [125I]aminopotentidine from human histamine H2 receptor expressed in CHO-K1 cells after 1 hr by liquid scintillation counting",1000.0,"COc1ccc(N2CCC(Cc3c[nH]cn3)CC2)cc1"
"CHEMBL14638","Histamine H2 receptor","J. Med. Chem., (2008) 51:17:5423","Ki","Displacement of [3H]tiotidine from human histamine H2 receptor",10000.0,"O=C(c1ccc(OCCCc2c[nH]cn2)cc1)C1CC1"
"CHEMBL1632412","Histamine H2 receptor","Bioorg. Med. Chem. Lett., (2010) 20:24:7191","Ki","Binding affinity to human recombinant histamine H2 receptor expressed in human SK-N-MC cells by radioligand displacement assay",1000.0,"Cc1ccc2[nH]c(/C(=N\O)C3CCN(C)CC3)cc2c1"
"CHEMBL1632413","Histamine H2 receptor","Bioorg. Med. Chem. Lett., (2010) 20:24:7191","Ki","Binding affinity to human recombinant histamine H2 receptor expressed in human SK-N-MC cells by radioligand displacement assay",1000.0,"CN1CCN(/C(=N\O)c2cc3cc(Cl)ccc3[nH]2)CC1"
"CHEMBL1632414","Histamine H2 receptor","Bioorg. Med. Chem. Lett., (2010) 20:24:7191","Ki","Binding affinity to human recombinant histamine H2 receptor expressed in human SK-N-MC cells by radioligand displacement assay",1000.0,"CN1CCC(/C(=N/O)c2nc3cc(Cl)ccc3[nH]2)CC1"
"CHEMBL1643899","Histamine H2 receptor","Bioorg. Med. Chem., (2013) 21:19:6038","Ki","Inhibition of histamine H2 receptor (unknown origin) by PDSP assay",2148.0,"Fc1cccc(CN[C@H]2C3C4CC5C6C4CC3C6C52)c1"
"CHEMBL1915535","Histamine H2 receptor","Bioorg. Med. Chem. Lett., (2011) 21:21:6591","Ki","Antagonist activity at histamine H2 receptor",3560.0,"CN1CCN(c2cc(NCCC(C)(C)C)ncn2)CC1"
"CHEMBL2203551","Histamine H2 receptor","ACS Med. Chem. Lett., (2012) 3:12:1054","Ki","Displacement of [3H]tiotidine from human recombinant histamine H2 receptor after 1.5 hrs by microbeta scintillation counting analysis",5157.0,"c1ccc(OCc2cc(OC[C@@H]3CCCN3)no2)cc1"
"CHEMBL2376801","Histamine H2 receptor","Bioorg. Med. Chem. Lett., (2013) 23:9:2663","Ki","Displacement of [3H]histamine from human histamine H2 receptor expressed in HEK cells",3162.28,"CCc1cnc2c(N3CC[C@@H](NC)C3)nc(N)nc2c1"
"CHEMBL2391541","Histamine H2 receptor","Bioorg. Med. Chem. Lett., (2013) 23:11:3411","Ki","Displacement of [3H]Tiotidine from human recombinant histamine H2 receptor expressed in HEK293 cells after 1 to 1.5 hrs by scintillation counting analysis",4265.8,"C=CCN(CC=C)CCc1c[nH]c2ccc(OC)cc12"
"CHEMBL2432048","Histamine H2 receptor","Bioorg. Med. Chem., (2013) 21:19:6038","Ki","Inhibition of histamine H2 receptor (unknown origin) by PDSP assay",3896.0,"c1ccc(CCN[C@H]2C3C4CC5C6C4CC3C6C52)cc1"
"CHEMBL2432055","Histamine H2 receptor","Bioorg. Med. Chem., (2013) 21:19:6038","Ki","Inhibition of histamine H2 receptor (unknown origin) by PDSP assay",10000.0,"CN(Cc1ccccc1)[C@H]1C2C3CC4C5C3CC2C5C41"
"CHEMBL260374","Histamine H2 receptor","J. Med. Chem., (2008) 51:17:5423","Ki","Displacement of [3H]tiotidine from human histamine H2 receptor",10000.0,"S=C(NC1CCCCC1)N1CCC(c2cnc[nH]2)CC1"
"CHEMBL269646","Histamine H2 receptor","Bioorg. Med. Chem. Lett., (2013) 23:6:1834","Ki","Displacement of [125I]Aminopotentidine from human recombinant histamine H2 receptor expressed in CHOK1 cells after 2 hrs",18.0,"C/N=C(\NC#N)NCCSCc1csc(N=C(N)N)n1"
"CHEMBL310087","Histamine H2 receptor","J. Med. Chem., (1995) 38:12:2244","Ki","Displacement of [125 I]iodoaminopotentidine bound to membranes of CHO cells expressing human H2 receptors",12589.25,"S=C(NCCCCCc1c[nH]cn1)Nc1ccccc1"
"CHEMBL3544974","Histamine H2 receptor","Bioorg. Med. Chem. Lett., (2014) 24:2:576","Ki","Displacement of [3H]Cimetidine from histamine H2 receptor (unknown origin)",5.7,"CN1CC2c3ccccc3Oc3ccc(Cl)cc3C2C1"
"CHEMBL445","Histamine H2 receptor","Unspecified","Ki","DRUGMATRIX: Histamine H2 radioligand binding (ligand: [125I] Aminopotentidine)",2295.0,"CNCCC=C1c2ccccc2CCc2ccccc21"
"CHEMBL564","Histamine H2 receptor","Unspecified","Ki","DRUGMATRIX: Histamine H2 radioligand binding (ligand: [125I] Aminopotentidine)",2810.0,"CN(C)CCCN1c2ccccc2Sc2ccccc21"
"CHEMBL643","Histamine H2 receptor","Unspecified","Ki","DRUGMATRIX: Histamine H2 radioligand binding (ligand: [125I] Aminopotentidine)",1146.0,"CC(CN1c2ccccc2Sc2ccccc21)N(C)C"
"CHEMBL6437","Histamine H2 receptor","Unspecified","Ki","DRUGMATRIX: Histamine H2 radioligand binding (ligand: [125I] Aminopotentidine)",992.0,"CN1CCN2c3ccccc3Cc3ccccc3C2C1"
"CHEMBL72571","Histamine H2 receptor","J. Med. Chem., (1995) 38:12:2244","Ki","Displacement of [125 I]iodoaminopotentidine bound to membranes of CHO cells expressing human H2 receptors",3981.07,"S=C(NCCCCCc1c[nH]cn1)NC1CCCCC1"
"CHEMBL900","Histamine H2 receptor","Unspecified","Ki","DRUGMATRIX: Histamine H2 radioligand binding (ligand: [125I] Aminopotentidine)",6845.0,"Cc1ccccc1C(OCCN(C)C)c1ccccc1"
"CHEMBL902","Histamine H2 receptor","Unspecified","Ki","DRUGMATRIX: Histamine H2 radioligand binding (ligand: [125I] Aminopotentidine)",41.0,"N=C(N)Nc1nc(CSCCC(=N)NS(N)(=O)=O)cs1"
"CHEMBL1628227","Histamine H2 receptor","Unspecified","Ki","DRUGMATRIX: Histamine H2 radioligand binding (ligand: [125I] Aminopotentidine)",1836.0,"CN(C)CCC=C1c2ccccc2COc2ccccc21"
"CHEMBL1643900","Histamine H2 receptor","Bioorg. Med. Chem., (2013) 21:19:6038","Ki","Inhibition of histamine H2 receptor (unknown origin) by PDSP assay",4423.0,"Fc1cccc(CCN[C@H]2C3C4CC5C6C4CC3C6C52)c1"
"CHEMBL21731","Histamine H2 receptor","Unspecified","Ki","DRUGMATRIX: Histamine H2 radioligand binding (ligand: [125I] Aminopotentidine)",393.0,"CNCCCC12CCC(c3ccccc31)c1ccccc12"
"CHEMBL2204360","Histamine H2 receptor","J. Med. Chem., (2011) 54:9:3206","Ki","Binding affinity to human histamine H2 receptor",180.0,"Cc1ccc(Sc2ccccc2N2CCNCC2)c(C)c1"
"CHEMBL2432039","Histamine H2 receptor","Bioorg. Med. Chem., (2013) 21:19:6038","Ki","Inhibition of histamine H2 receptor (unknown origin) by PDSP assay",6268.0,"C1C2C3CC4C2C2C1C3[C@H](NCC13C5C6C7C5C1C7C63)C42"
"CHEMBL2432058","Histamine H2 receptor","Bioorg. Med. Chem., (2013) 21:19:6038","Ki","Inhibition of histamine H2 receptor (unknown origin) by PDSP assay",3038.0,"CN(CCc1ccccc1)[C@H]1C2C3CC4C5C3CC2C5C41"
"CHEMBL526307","Histamine H2 receptor","Bioorg. Med. Chem. Lett., (2009) 19:6:1628","Ki","Inhibition of histamine H2 receptor",1.0E8,"COc1cc(C(C)C)c(Oc2cnc(N)nc2N)cc1I"
"CHEMBL629","Histamine H2 receptor","Unspecified","Ki","DRUGMATRIX: Histamine H2 radioligand binding (ligand: [125I] Aminopotentidine)",718.0,"CN(C)CCC=C1c2ccccc2CCc2ccccc21"
"CHEMBL70811","Histamine H2 receptor","J. Med. Chem., (1995) 38:12:2244","Ki","Displacement of [125 I]iodoaminopotentidine bound to membranes of CHO cells expressing human H2 receptors",1584.89,"S=C(NCCCCCc1c[nH]cn1)NCc1ccccc1"
"CHEMBL71","Histamine H2 receptor","Unspecified","Ki","DRUGMATRIX: Histamine H2 radioligand binding (ligand: [125I] Aminopotentidine)",2582.0,"CN(C)CCCN1c2ccccc2Sc2ccc(Cl)cc21"
"CHEMBL1123","Histamine H2 receptor","Unspecified","Ki","DRUGMATRIX: Histamine H2 radioligand binding (ligand: [125I] Aminopotentidine)",1598.0,"CCN(CC)CCOC(=O)C1(C2CCCCC2)CCCCC1"
"CHEMBL1172","Histamine H2 receptor","Unspecified","Ki","DRUGMATRIX: Histamine H2 radioligand binding (ligand: [125I] Aminopotentidine)",1080.0,"Clc1ccc2c(c1)CCc1cccnc1C2=C1CCNCC1"
"CHEMBL1172754","Histamine H2 receptor","Bioorg. Med. Chem., (2010) 18:14:5441","Ki","Displacement of [125I]aminopotentidine from human histamine H2 receptor expressed in CHO-K1 cells after 1 hr by liquid scintillation counting",1000.0,"FC(F)(F)c1ccc(N2CCC(Cc3c[nH]cn3)CC2)cc1"
"CHEMBL1242950","Histamine H2 receptor","J. Med. Chem., (2010) 53:17:6386","Ki","Binding affinity to human histamine H2 receptor by radioligand displacement assay",1000.0,"CCCCC1CCN(CCCC(=O)c2ccccc2C)CC1"
"CHEMBL12608","Histamine H2 receptor","Bioorg. Med. Chem. Lett., (2010) 20:24:7191","Ki","Displacement of [125I]iodoaminopotentidine from human histamine H2 receptor expressed in CHO cells",501.19,"Cc1[nH]cnc1CSCCNC(=N)NCCCc1c[nH]cn1"
"CHEMBL1643902","Histamine H2 receptor","Bioorg. Med. Chem., (2013) 21:19:6038","Ki","Inhibition of histamine H2 receptor (unknown origin) by PDSP assay",4450.0,"CN(CCc1cccc(F)c1)[C@H]1C2C3CC4C5C3CC2C5C41"
"CHEMBL2205824","Histamine H2 receptor","Bioorg. Med. Chem. Lett., (2012) 22:19:6053","Ki","Binding affinity to Histamine H2 receptor",9794.0,"COc1cccc(CN2C3C4C5CC6C7C5C3C7C2(O)C64)c1"
"CHEMBL2205825","Histamine H2 receptor","Bioorg. Med. Chem. Lett., (2012) 22:19:6053","Ki","Binding affinity to Histamine H2 receptor",7267.0,"COc1ccc(CN2C3C4C5CC6C7C5C3C7C2(O)C64)cc1"
"CHEMBL2376803","Histamine H2 receptor","Bioorg. Med. Chem. Lett., (2013) 23:9:2663","Ki","Displacement of [3H]histamine from human histamine H2 receptor expressed in HEK cells",2818.38,"CNC1CN(c2nc(N)nc3cc(C4CCCC4)cnc23)C1"
"CHEMBL2429890","Histamine H2 receptor","Bioorg. Med. Chem., (2013) 21:19:6038","Ki","Inhibition of histamine H2 receptor (unknown origin) by PDSP assay",1157.0,"c1cc2c(cc1CN[C@H]1C3C4CC5C6C4CC3C6C51)OCO2"
"CHEMBL2432044","Histamine H2 receptor","Bioorg. Med. Chem., (2013) 21:19:6038","Ki","Inhibition of histamine H2 receptor (unknown origin) by PDSP assay",10000.0,"CN(CCc1ccccc1)[C@H]1C2C3CC4C2C(=O)C2C4C3C21"
"CHEMBL305929","Histamine H2 receptor","J. Med. Chem., (1995) 38:12:2244","Ki","Displacement of [125 I]iodoaminopotentidine bound to membranes of CHO cells expressing human H2 receptors",3162.28,"S=C(NCCCCCc1c[nH]cn1)NCCc1ccccc1"
"CHEMBL3104091","Histamine H2 receptor","Bioorg. Med. Chem. Lett., (2014) 24:2:576","Ki","Displacement of [3H]Cimetidine from histamine H2 receptor (unknown origin)",81.28,"CN1CCc2c(c3cccc4c3n2-c2ccccc2CC4)C1"
"CHEMBL3104092","Histamine H2 receptor","Bioorg. Med. Chem. Lett., (2014) 24:2:576","Ki","Displacement of [3H]Cimetidine from histamine H2 receptor (unknown origin)",10000.0,"CN1CCc2c(c3cccc4c3n2Cc2ccccc2C4)C1"
"CHEMBL3104093","Histamine H2 receptor","Bioorg. Med. Chem. Lett., (2014) 24:2:576","Ki","Displacement of [3H]Cimetidine from histamine H2 receptor (unknown origin)",943.0,"CN1CCc2c(c3cccc4c3n2CCc2ccccc2-4)C1"
"CHEMBL3217984","Histamine H2 receptor","MedChemComm, (2012) 3:5:580","Ki","Binding affinity to H2 histamine receptor (unknown origin) by PDSP assay",79.43,"CN1CCC2C(C1)c1cccc3c1N2c1ccccc1CS3"
"CHEMBL415","Histamine H2 receptor","Unspecified","Ki","DRUGMATRIX: Histamine H2 radioligand binding (ligand: [125I] Aminopotentidine)",2015.0,"CN(C)CCCN1c2ccccc2CCc2ccc(Cl)cc21"
"CHEMBL429914","Histamine H2 receptor","Bioorg. Med. Chem. Lett., (2008) 18:1:355","Ki","Antagonist activity at histamine H2 receptor by [35S]GTP-gamma-S binding assay",1000.0,"C[C@@H]1CCCN1CCc1ccc(OCc2ccccc2)cc1"
"CHEMBL516","Histamine H2 receptor","Unspecified","Ki","DRUGMATRIX: Histamine H2 radioligand binding (ligand: [125I] Aminopotentidine)",195.0,"CN1CCC(=C2c3ccccc3C=Cc3ccccc32)CC1"
"CHEMBL534","Histamine H2 receptor","Unspecified","Ki","DRUGMATRIX: Histamine H2 radioligand binding (ligand: [125I] Aminopotentidine)",4060.0,"CN1CCC(=C2c3ccccc3CC(=O)c3sccc32)CC1"
"CHEMBL65849","Histamine H2 receptor","Bioorg. Med. Chem. Lett., (2003) 13:13:2131","Ki","Compound was tested for its binding affinity towards human H2 receptor",10131.0,"CN(C)CCCNc1c2c(nc3ccccc13)CCCCC2"
"CHEMBL72372","Histamine H2 receptor","J. Med. Chem., (1995) 38:12:2244","Ki","Displacement of [125 I]iodoaminopotentidine bound to membranes of CHO cells expressing human H2 receptors",1584.89,"S=C(NCCCCCc1c[nH]cn1)NCc1ccc(Cl)cc1"
"CHEMBL1201203","Histamine H2 receptor","Unspecified","Ki","DRUGMATRIX: Histamine H2 radioligand binding (ligand: [125I] Aminopotentidine)",1185.0,"CN1[C@H]2CC[C@@H]1C[C@H](OC(c1ccccc1)c1ccccc1)C2"
"CHEMBL213912","Histamine H2 receptor","J. Med. Chem., (2006) 49:15:4512","Ki","Displacement of [3H]APT from human histamine H2 receptor transfected in COS7 cells",8709.64,"CN1CCN(C2=Nc3ccc(Cl)cc3Oc3ccccc32)CC1"
"CHEMBL2205811","Histamine H2 receptor","Bioorg. Med. Chem. Lett., (2012) 22:19:6053","Ki","Binding affinity to Histamine H2 receptor",948.0,"COc1cccc(CCN2C3C4C5CC6C7C5C3C7C2(O)C64)c1"
"CHEMBL2205812","Histamine H2 receptor","Bioorg. Med. Chem. Lett., (2012) 22:19:6053","Ki","Binding affinity to Histamine H2 receptor",400.0,"COc1ccc(CCN2C3C4C5CC6C7C5C3C7C2(O)C64)cc1"
"CHEMBL2432046","Histamine H2 receptor","Bioorg. Med. Chem., (2013) 21:19:6038","Ki","Inhibition of histamine H2 receptor (unknown origin) by PDSP assay",1480.0,"COc1ccc(CN[C@H]2C3C4CC5C6C4CC3C6C52)cc1OC"
"CHEMBL2432062","Histamine H2 receptor","Bioorg. Med. Chem., (2013) 21:19:6038","Ki","Inhibition of histamine H2 receptor (unknown origin) by PDSP assay",8517.0,"CN(Cc1ccc2c(c1)OCO2)[C@H]1C2C3CC4C5C3CC2C5C41"
"CHEMBL25688","Histamine H2 receptor","Bioorg. Med. Chem. Lett., (2002) 12:21:3077","Ki","Binding affinity at human cortical Histamine 2 receptor",67608.3,"N#Cc1ccc(-c2ccc(OCCCN3CCCC3)cc2)cc1"
"CHEMBL302445","Histamine H2 receptor","Bioorg. Med. Chem. Lett., (2002) 12:15:2031","Ki","Binding affinity for the human Histamine H2 receptor",14454.4,"CCCCCC(=O)c1ccc(OCCCN2CCNCC2)cc1"
"CHEMBL42","Histamine H2 receptor","Unspecified","Ki","DRUGMATRIX: Histamine H2 radioligand binding (ligand: [125I] Aminopotentidine)",3550.0,"CN1CCN(C2=Nc3cc(Cl)ccc3Nc3ccccc32)CC1"
"CHEMBL588119","Histamine H2 receptor","Unspecified","Ki","DRUGMATRIX: Histamine H2 radioligand binding (ligand: [125I] Aminopotentidine)",88.5,"CCCCCCCCN[C@H](C)[C@@H](O)c1ccc(SC(C)C)cc1"
"CHEMBL593103","Histamine H2 receptor","Bioorg. Med. Chem., (2009) 17:20:7186","Ki","Displacement of [3H]tiotidine from GsalphaS-fused human histamine H2 receptor expressed in Sf9 cells",1000.0,"CN1CCN(c2cc(NCc3ccc(F)cc3)nc(N)n2)CC1"
"CHEMBL594721","Histamine H2 receptor","Bioorg. Med. Chem., (2009) 17:20:7186","Ki","Displacement of [3H]tiotidine from GsalphaS-fused human histamine H2 receptor expressed in Sf9 cells",1000.0,"CN1CCN(c2cc(NCc3ccccc3Cl)nc(N)n2)CC1"
"CHEMBL594731","Histamine H2 receptor","Bioorg. Med. Chem., (2009) 17:20:7186","Ki","Displacement of [3H]tiotidine from GsalphaS-fused human histamine H2 receptor expressed in Sf9 cells",1000.0,"Cc1ccccc1CNc1cc(N2CCN(C)CC2)nc(N)n1"
"CHEMBL104669","Histamine H2 receptor","Bioorg. Med. Chem. Lett., (2002) 12:21:3077","Ki","Binding affinity at human cortical Histamine 2 receptor",16982.44,"N#Cc1ccc(-c2ccc(OCCCN3CC[C@@H](O)C3)cc2)cc1"
"CHEMBL105267","Histamine H2 receptor","Bioorg. Med. Chem. Lett., (2002) 12:21:3077","Ki","Binding affinity at human cortical Histamine 2 receptor",7413.1,"N#Cc1ccc(-c2ccc(OCCCN3CC[C@@H](N)C3)cc2)cc1"
"CHEMBL105594","Histamine H2 receptor","Bioorg. Med. Chem. Lett., (2002) 12:21:3077","Ki","Binding affinity to the human cortical histamine H2 receptor",22908.68,"N#Cc1ccc(-c2ccc(OCCCN3CCNCC3)cc2)cc1"
"CHEMBL106483","Histamine H2 receptor","Bioorg. Med. Chem. Lett., (2002) 12:21:3077","Ki","Binding affinity to the human cortical histamine H2 receptor",38018.94,"N#Cc1ccc(-c2ccc(OCCCN3CCOCC3)cc2)cc1"
"CHEMBL1078642","Histamine H2 receptor","J. Med. Chem., (2009) 52:20:6297","Ki","Displacement of [3H]tiotidine from human histamine H2 receptor expressed in Sf9 cells",4073.8,"N#C/N=C(/NCCCCc1c[nH]cn1)NCCSc1ccccc1"
"CHEMBL1243335","Histamine H2 receptor","J. Med. Chem., (2010) 53:17:6445","Ki","Binding affinity to human histamine H2 receptor",10000.0,"CC(C)(C)c1ccc(SCC(c2ccccn2)c2c[nH]cn2)cc1"
"CHEMBL1243366","Histamine H2 receptor","J. Med. Chem., (2010) 53:17:6445","Ki","Binding affinity to human histamine H2 receptor",10000.0,"CC(C)(C)c1ccc(SCC(c2cccnc2)c2c[nH]cn2)cc1"
"CHEMBL1243367","Histamine H2 receptor","J. Med. Chem., (2010) 53:17:6445","Ki","Binding affinity to human histamine H2 receptor",10000.0,"FC(F)(F)c1ccc(SCC(c2ccncc2)c2c[nH]cn2)cc1"
"CHEMBL1243394","Histamine H2 receptor","J. Med. Chem., (2010) 53:17:6445","Ki","Binding affinity to human histamine H2 receptor",10000.0,"FC(F)(F)c1ccc(SC[C@H](c2c[nH]cn2)C2CCNCC2)cc1"
"CHEMBL1243395","Histamine H2 receptor","J. Med. Chem., (2010) 53:17:6445","Ki","Binding affinity to human histamine H2 receptor",10000.0,"FC(F)(F)c1ccc(SC[C@@H](c2c[nH]cn2)C2CCNCC2)cc1"
"CHEMBL1626","Histamine H2 receptor","Unspecified","Ki","DRUGMATRIX: Histamine H2 radioligand binding (ligand: [125I] Aminopotentidine)",364.0,"CN1CCC[C@@H]1CCO[C@](C)(c1ccccc1)c1ccc(Cl)cc1"
"CHEMBL1923729","Histamine H2 receptor","Bioorg. Med. Chem. Lett., (2011) 21:23:7076","Ki","Binding affinity to human histamine H2 receptor",10000.0,"C[C@@H]1CCCN1CCCOc1ccc(-c2ccc(=O)n(C)c2)cc1"
"CHEMBL2037604","Histamine H2 receptor","Bioorg. Med. Chem., (2012) 20:12:3880","Ki","Binding affinity to human histamine H2 receptor",10000.0,"C[C@H](COc1ccc(-c2cn[nH]c(=O)c2)cc1)CN1CCC[C@H]1C"
"CHEMBL2205827","Histamine H2 receptor","Bioorg. Med. Chem., (2013) 21:19:6038","Ki","Inhibition of histamine H2 receptor (unknown origin) by PDSP assay",3581.0,"COc1ccc(CN2C3C4C5CC6C7C5C3C7C2(O)C64)cc1OC"
"CHEMBL2432056","Histamine H2 receptor","Bioorg. Med. Chem., (2013) 21:19:6038","Ki","Inhibition of histamine H2 receptor (unknown origin) by PDSP assay",1868.0,"COc1ccc(CN(C)[C@H]2C3C4CC5C6C4CC3C6C52)cc1OC"
"CHEMBL303824","Histamine H2 receptor","Bioorg. Med. Chem. Lett., (2003) 13:13:2131","Ki","Compound was tested for its binding affinity towards human H2 receptor",1729.0,"CN1CCCC1CCNc1c2c(nc3ccccc13)CCCCC2"
"CHEMBL318801","Histamine H2 receptor","Bioorg. Med. Chem. Lett., (2002) 12:21:3077","Ki","Binding affinity at human cortical Histamine 2 receptor",19054.61,"N#Cc1ccc(-c2ccc(OCCCN3CC[C@H](O)C3)cc2)cc1"
"CHEMBL3417585","Histamine H2 receptor","Unspecified","Ki","Inhibition of human H2R",10000.0,"C[C@@H]1CCCN1CCCOc1ccc(C2=NNC(=O)[C@@H]3C[C@H]23)cc1"
"CHEMBL3417586","Histamine H2 receptor","Unspecified","Ki","Inhibition of human H2R",10000.0,"C[C@@H]1CCCN1CCCOc1ccc(C2=NNC(=O)[C@H]3C[C@@H]23)cc1"
"CHEMBL481153","Histamine H2 receptor","Bioorg. Med. Chem. Lett., (2013) 23:13:3822","Ki","Antagonist activity at histamine H2 receptor (unknown origin) by PDSP assay",540.0,"O=C(OCCN1CCCC1)N1c2ccccc2Sc2ccccc21"
"CHEMBL519240","Histamine H2 receptor","J. Med. Chem., (2008) 51:22:7094","Ki","Binding affinity to human histamine H2 receptor",9120.11,"Nc1nc2c(c(N3CCNCC3)n1)CCC1=C2[C@@H]2CCCC[C@@H]2O1"
"CHEMBL595180","Histamine H2 receptor","Bioorg. Med. Chem., (2009) 17:20:7186","Ki","Displacement of [3H]tiotidine from GsalphaS-fused human histamine H2 receptor expressed in Sf9 cells",1000.0,"CN1CCN(c2cc(NCc3c(Cl)cccc3Cl)nc(N)n2)CC1"
"CHEMBL62840","Histamine H2 receptor","Bioorg. Med. Chem. Lett., (2002) 12:15:2031","Ki","Binding affinity for the human Histamine H2 receptor",39810.72,"CCOC(=O)N1CCN(CCCOc2ccc(C(C)=O)cc2)CC1"
"CHEMBL66388","Histamine H2 receptor","Bioorg. Med. Chem. Lett., (2003) 13:13:2131","Ki","Compound was tested for its binding affinity towards human H2 receptor",3781.0,"c1ccc2c(NCCCN3CCCC3)c3c(nc2c1)CCCCC3"
"CHEMBL808","Histamine H2 receptor","Unspecified","Ki","DRUGMATRIX: Histamine H2 radioligand binding (ligand: [125I] Aminopotentidine)",1565.0,"Clc1ccc(COC(Cn2ccnc2)c2ccc(Cl)cc2Cl)cc1"
"CHEMBL102416","Histamine H2 receptor","Bioorg. Med. Chem. Lett., (2002) 12:21:3077","Ki","Binding affinity to the human cortical histamine H2 receptor",10000.0,"N#Cc1ccc(-c2ccc(OCCCN3CCC(O)CC3)cc2)cc1"
"CHEMBL102452","Histamine H2 receptor","Bioorg. Med. Chem. Lett., (2002) 12:21:3077","Ki","Binding affinity at human cortical Histamine 2 receptor",33884.42,"N#Cc1ccc(-c2ccc(OCCCN3CCC(N)CC3)cc2)cc1"
"CHEMBL102984","Histamine H2 receptor","Bioorg. Med. Chem. Lett., (2002) 12:21:3077","Ki","Binding affinity to the human cortical histamine H2 receptor",18620.87,"CC1CCCCN1CCCOc1ccc(-c2ccc(C#N)cc2)cc1"
"CHEMBL104","Histamine H2 receptor","Unspecified","Ki","DRUGMATRIX: Histamine H2 radioligand binding (ligand: [125I] Aminopotentidine)",5079.0,"Clc1ccccc1C(c1ccccc1)(c1ccccc1)n1ccnc1"
"CHEMBL104994","Histamine H2 receptor","Bioorg. Med. Chem. Lett., (2002) 12:21:3055","Ki","Binding affinity to the human Histamine H2 receptor",22000.0,"CC(=O)c1ccc(OCCCN2CC[C@H](NC(=O)[C@@H](N)CO)C2)cc1"
"CHEMBL105762","Histamine H2 receptor","Bioorg. Med. Chem. Lett., (2002) 12:21:3077","Ki","Binding affinity to the human cortical histamine H2 receptor",9120.11,"C[C@@H]1CC[C@@H](C)N1CCCOc1ccc(-c2ccc(C#N)cc2)cc1"
"CHEMBL105967","Histamine H2 receptor","Bioorg. Med. Chem. Lett., (2002) 12:21:3077","Ki","Binding affinity to the human cortical histamine H2 receptor",7762.47,"N#Cc1ccc(-c2ccc(OCCCN3CCCNCC3)cc2)cc1"
"CHEMBL106545","Histamine H2 receptor","Bioorg. Med. Chem. Lett., (2002) 12:21:3077","Ki","Binding affinity to the human cortical histamine H2 receptor",10000.0,"CN[C@@H]1CCN(CCCOc2ccc(-c3ccc(C#N)cc3)cc2)C1"
"CHEMBL106596","Histamine H2 receptor","Bioorg. Med. Chem. Lett., (2002) 12:21:3077","Ki","Binding affinity to the human cortical histamine H2 receptor",12882.5,"N#Cc1ccc(-c2ccc(OCCCN3CCCC(O)C3)cc2)cc1"
"CHEMBL1090526","Histamine H2 receptor","Bioorg. Med. Chem. Lett., (2010) 20:19:5874","Ki","Inhibition of H2 receptor",4.5,"COc1nccnc1[C@H](C)C1=C(CCN(C)C)Cc2cc(F)ccc21"
"CHEMBL157138","Histamine H2 receptor","Unspecified","Ki","DRUGMATRIX: Histamine H2 radioligand binding (ligand: [125I] Aminopotentidine)",1022.0,"CCN(CC)C(=O)N[C@H]1C=C2c3cccc4[nH]cc(c34)C[C@H]2N(C)C1"
"CHEMBL2036989","Histamine H2 receptor","J. Nat. Prod., (2012) 75:4:728","Ki","Binding affinity to human histamine H2 receptor",10000.0,"C[C@]12CCC[C@@]3(C)[C@H]1[C@@H](C[C@@]1(CO1)[C@]3(O)CCc1ccoc1)OC2=O"
"CHEMBL2112461","Histamine H2 receptor","Bioorg. Med. Chem. Lett., (2002) 12:21:3077","Ki","Binding affinity to the human cortical histamine H2 receptor",15135.61,"C[C@@]1(O)CCN(CCCOc2ccc(-c3ccc(C#N)cc3)cc2)C1"
"CHEMBL2205813","Histamine H2 receptor","Bioorg. Med. Chem. Lett., (2012) 22:19:6053","Ki","Binding affinity to Histamine H2 receptor",743.0,"COc1cccc(CCN2C3C4C5CC6C7C5C3C7C2(O)C64)c1OC"
"CHEMBL2205814","Histamine H2 receptor","Bioorg. Med. Chem. Lett., (2012) 22:19:6053","Ki","Binding affinity to Histamine H2 receptor",1780.0,"COc1ccc(CCN2C3C4C5CC6C7C5C3C7C2(O)C64)cc1OC"
"CHEMBL2432051","Histamine H2 receptor","Bioorg. Med. Chem., (2013) 21:19:6038","Ki","Inhibition of histamine H2 receptor (unknown origin) by PDSP assay",1733.0,"COc1cc(CN[C@H]2C3C4CC5C6C4CC3C6C52)cc(OC)c1OC"
"CHEMBL3221637","Histamine H2 receptor","MedChemComm, (2012) 3:3:339","Ki","Binding affinity to human histamine H2 receptor",4000.0,"CC(C)N1CCC(Oc2ccc(C3(C(N)=O)CCOCC3)cc2)CC1"
"CHEMBL322873","Histamine H2 receptor","Bioorg. Med. Chem. Lett., (2002) 12:21:3077","Ki","Binding affinity to the human cortical histamine H2 receptor",11748.98,"CC1CCCN(CCCOc2ccc(-c3ccc(C#N)cc3)cc2)C1"
"CHEMBL323562","Histamine H2 receptor","Bioorg. Med. Chem. Lett., (2002) 12:21:3077","Ki","Binding affinity to the human cortical histamine H2 receptor",9120.11,"CC1CCN(CCCOc2ccc(-c3ccc(C#N)cc3)cc2)CC1"
"CHEMBL394755","Histamine H2 receptor","Bioorg. Med. Chem. Lett., (2013) 23:13:3822","Ki","Antagonist activity at histamine H2 receptor (unknown origin) by PDSP assay",7500.0,"O=C(CCCc1ccccc1)N1c2ccccc2Sc2ccccc21"
"CHEMBL467094","Histamine H2 receptor","Bioorg. Med. Chem. Lett., (2010) 20:2:628","Ki","Displacement of [3H]Tiotidine from human histamine H2 receptor",672.0,"COc1cc2c3c(c1OC)-c1cc4c(cc1CC3N(C)CC2)OCO4"
"CHEMBL479","Histamine H2 receptor","Unspecified","Ki","DRUGMATRIX: Histamine H2 radioligand binding (ligand: [125I] Aminopotentidine)",934.0,"CSc1ccc2c(c1)N(CCC1CCCCN1C)c1ccccc1S2"
"CHEMBL519609","Histamine H2 receptor","Bioorg. Med. Chem. Lett., (2013) 23:13:3822","Ki","Antagonist activity at histamine H2 receptor (unknown origin) by PDSP assay",1400.0,"CCN(CC)CCCOC(=O)N1c2ccccc2Sc2ccccc21"
"CHEMBL62066","Histamine H2 receptor","Bioorg. Med. Chem. Lett., (2002) 12:15:2031","Ki","Binding affinity for the human Histamine H2 receptor",56234.13,"CCOC(=O)N1CCN(CCCOc2ccc(C(=O)CC)cc2)CC1"
"CHEMBL66660","Histamine H2 receptor","Bioorg. Med. Chem. Lett., (2003) 13:13:2131","Ki","Compound was tested for its binding affinity towards human H2 receptor",3211.0,"C(#Cc1c2c(nc3ccccc13)CCCCC2)CCN1CCCCC1"
"CHEMBL91","Histamine H2 receptor","Unspecified","Ki","DRUGMATRIX: Histamine H2 radioligand binding (ligand: [125I] Aminopotentidine)",6637.0,"Clc1ccc(COC(Cn2ccnc2)c2ccc(Cl)cc2Cl)c(Cl)c1"
"CHEMBL101692","Histamine H2 receptor","Bioorg. Med. Chem. Lett., (2002) 12:21:3077","Ki","Binding affinity to the human cortical histamine H2 receptor",12882.5,"CCOC(=O)N1CCN(CCCOc2ccc(-c3cc[nH]c3)cc2)CC1"
"CHEMBL104947","Histamine H2 receptor","Bioorg. Med. Chem. Lett., (2002) 12:21:3077","Ki","Binding affinity to the human cortical histamine H2 receptor",69183.1,"CCOC(=O)N1CCN(CCCOc2ccc(-c3c[nH]cn3)cc2)CC1"
"CHEMBL105515","Histamine H2 receptor","Bioorg. Med. Chem. Lett., (2002) 12:21:3077","Ki","Binding affinity to the human cortical histamine H2 receptor",23988.33,"CC1CCCC(C)N1CCCOc1ccc(-c2ccc(C#N)cc2)cc1"
"CHEMBL105567","Histamine H2 receptor","Bioorg. Med. Chem. Lett., (2002) 12:21:3077","Ki","Binding affinity to the human cortical histamine H2 receptor",97723.72,"CCOC(=O)N1CCN(CCCOc2ccc(-c3ccsc3)cc2)CC1"
"CHEMBL106602","Histamine H2 receptor","Bioorg. Med. Chem. Lett., (2002) 12:21:3077","Ki","Binding affinity to the human cortical histamine H2 receptor",33113.11,"CCOC(=O)N1CCN(CCCOc2ccc(-c3cccs3)cc2)CC1"
"CHEMBL1783890","Histamine H2 receptor","Bioorg. Med. Chem. Lett., (2013) 23:24:6890","Ki","Binding affinity to human histamine H2 receptor",3162.28,"CNC(=O)c1cnc(Oc2ccc3c(c2)CCN(C2CCC2)CC3)cn1"
"CHEMBL191703","Histamine H2 receptor","J. Med. Chem., (2008) 51:17:5423","Ki","Displacement of [3H]tiotidine from human histamine H2 receptor",10000.0,"C[C@H]1[C@H]2CC[C@H]3[C@@H]4CC=C5C[C@@H](N(C)C)CC[C@]5(C)[C@H]4CC[C@]23CN1C"
"CHEMBL2037608","Histamine H2 receptor","Bioorg. Med. Chem., (2012) 20:12:3880","Ki","Binding affinity to human histamine H2 receptor",10000.0,"COCn1ncc(-c2ccc(OCCCN3CCC[C@H]3C)cc2)cc1=O"
"CHEMBL264761","Histamine H2 receptor","Bioorg. Med. Chem. Lett., (2002) 12:15:2031","Ki","Binding affinity for the human Histamine H2 receptor",22387.21,"C=C(C)C(=O)c1ccc(OCCCN2CCN(C(=O)OCC)CC2)cc1"
"CHEMBL302196","Histamine H2 receptor","Bioorg. Med. Chem. Lett., (2002) 12:15:2035","Ki","Binding affinity towards Histamine H2 receptor from human membranes",70794.58,"C[C@@H](N)C(=O)N1CCN(CCCOc2ccc(C(=O)C3CC3)cc2)CC1"
"CHEMBL304714","Histamine H2 receptor","Bioorg. Med. Chem. Lett., (2002) 12:15:2031","Ki","Binding affinity for the human Histamine H2 receptor",22387.21,"CCCC(=O)c1ccc(OCCCN2CCN(C(=O)OCC)CC2)cc1"
"CHEMBL319000","Histamine H2 receptor","Bioorg. Med. Chem. Lett., (2002) 12:21:3077","Ki","Binding affinity to the human cortical histamine H2 receptor",10000.0,"CN(C)[C@@H]1CCN(CCCOc2ccc(-c3ccc(C#N)cc3)cc2)C1"
"CHEMBL421026","Histamine H2 receptor","Bioorg. Med. Chem. Lett., (2002) 12:21:3077","Ki","Binding affinity to the human cortical histamine H2 receptor",12302.69,"N#Cc1ccc(-c2ccc(OCCCN3CC4CNCC4C3)cc2)cc1"
"CHEMBL423666","Histamine H2 receptor","Bioorg. Med. Chem. Lett., (2002) 12:15:2035","Ki","Binding affinity towards Histamine H2 receptor from human membranes",26915.35,"O=C1C[C@H](N2CCN(CCCOc3ccc(C(=O)C4CC4)cc3)CC2)N1"
"CHEMBL432144","Histamine H2 receptor","Bioorg. Med. Chem. Lett., (2002) 12:15:2031","Ki","Binding affinity for the human Histamine H2 receptor",27542.29,"CCCCCC(=O)c1ccc(OCCCN2CCN(CCC)CC2)cc1"
"CHEMBL517140","Histamine H2 receptor","Bioorg. Med. Chem. Lett., (2013) 23:24:6890","Ki","Binding affinity to human histamine H2 receptor",3162.28,"CNC(=O)c1ccc(Oc2ccc3c(c2)CCN(C2CCC2)CC3)nc1"
"CHEMBL54","Histamine H2 receptor","Unspecified","Ki","DRUGMATRIX: Histamine H2 radioligand binding (ligand: [125I] Aminopotentidine)",1147.0,"O=C(CCCN1CCC(O)(c2ccc(Cl)cc2)CC1)c1ccc(F)cc1"
"CHEMBL555146","Histamine H2 receptor","J. Med. Chem., (2012) 55:5:2406","Ki","Binding affinity to human recombinant H2 receptor",1708.0,"C[C@@H]1CCCN1CCc1cc2cc(C(=O)c3ccc(F)cc3)ccc2o1"
"CHEMBL60401","Histamine H2 receptor","Bioorg. Med. Chem. Lett., (2002) 12:15:2035","Ki","Binding affinity towards Histamine H2 receptor from human membranes",79432.82,"CNCC(=O)N1CCN(CCCOc2ccc(C(=O)C3CC3)cc2)CC1"
"CHEMBL61120","Histamine H2 receptor","Bioorg. Med. Chem. Lett., (2002) 12:15:2035","Ki","Binding affinity towards Histamine H2 receptor from human membranes",100000.0,"NCCC(=O)N1CCN(CCCOc2ccc(C(=O)C3CC3)cc2)CC1"
"CHEMBL62596","Histamine H2 receptor","Bioorg. Med. Chem. Lett., (2002) 12:15:2035","Ki","Binding affinity towards Histamine H2 receptor from human membranes",10000.0,"O=C1C[C@@H](N2CCN(CCCOc3ccc(C(=O)C4CC4)cc3)CC2)N1"
"CHEMBL62804","Histamine H2 receptor","Bioorg. Med. Chem. Lett., (2002) 12:15:2035","Ki","Binding affinity towards Histamine H2 receptor from human membranes",41686.94,"C[C@H](N)C(=O)N1CCN(CCCOc2ccc(C(=O)C3CC3)cc2)CC1"
"CHEMBL62948","Histamine H2 receptor","Bioorg. Med. Chem. Lett., (2002) 12:15:2031","Ki","Binding affinity for the human Histamine H2 receptor",79432.82,"CCOC(=O)N1CCN(CCCOc2ccc(C(=O)C3CC3)cc2)CC1"
"CHEMBL102331","Histamine H2 receptor","Bioorg. Med. Chem. Lett., (2002) 12:21:3055","Ki","Binding affinity to the human Histamine H2 receptor",3500.0,"CC(=O)c1ccc(OCCCN2CC[C@H](NC(=O)c3cccnc3)C2)cc1"
"CHEMBL1935416","Histamine H2 receptor","Bioorg. Med. Chem. Lett., (2012) 22:1:186","Ki","Binding affinity to human histamine H2 receptor",10000.0,"CS(=O)(=O)CCCOc1ccc2c(c1)CCC1(CCN(C3CCC3)CC1)O2"
"CHEMBL2207635","Histamine H2 receptor","Bioorg. Med. Chem. Lett., (2012) 22:23:7151","Ki","Displacement of [3H]URDE257 from human histamine H2 receptor expressed in insect Sf9 cell membrane preparation after 60 mins by scintillation counting analysis",10000.0,"COc1ccccc1N1CCN(Cc2cc(CO)c3cccccc2-3)CC1"
"CHEMBL2413154","Histamine H2 receptor","Bioorg. Med. Chem., (2013) 21:17:5598","Ki","Binding affinity to histamine H2 receptor (unknown origin)",2126.0,"COc1ccccc1N1CCN(CCCCn2ncc(=O)n(C)c2=O)CC1"
"CHEMBL294502","Histamine H2 receptor","Bioorg. Med. Chem. Lett., (2002) 12:15:2031","Ki","Binding affinity for the human Histamine H2 receptor",31622.78,"CCCCCC(=O)c1ccc(OCCCN2CCN(C(=O)CC)CC2)cc1"
"CHEMBL302829","Histamine H2 receptor","Bioorg. Med. Chem. Lett., (2002) 12:15:2035","Ki","Binding affinity towards Histamine H2 receptor from human membranes",10964.78,"CC[C@@H](N)C(=O)N1CCN(CCCOc2ccc(C(=O)C3CC3)cc2)CC1"
"CHEMBL305144","Histamine H2 receptor","Bioorg. Med. Chem. Lett., (2002) 12:15:2035","Ki","Binding affinity towards Histamine H2 receptor from human membranes",14125.38,"O=C(c1ccc(OCCCN2CCN(C(=O)[C@H]3CCN3)CC2)cc1)C1CC1"
"CHEMBL305313","Histamine H2 receptor","Bioorg. Med. Chem. Lett., (2002) 12:15:2031","Ki","Binding affinity for the human Histamine H2 receptor",21877.62,"CCOC(=O)N1CCN(CCCOc2ccc(C(=O)C=C(C)C)cc2)CC1"
"CHEMBL322695","Histamine H2 receptor","Bioorg. Med. Chem. Lett., (2002) 12:21:3055","Ki","Binding affinity to the human Histamine H2 receptor",5000.0,"CC(=O)c1ccc(OCCCN2CC[C@H](NC(=O)c3cnccn3)C2)cc1"
"CHEMBL418666","Histamine H2 receptor","Bioorg. Med. Chem. Lett., (2002) 12:15:2035","Ki","Binding affinity towards Histamine H2 receptor from human membranes",10715.19,"CC[C@H](N)C(=O)N1CCN(CCCOc2ccc(C(=O)C3CC3)cc2)CC1"
"CHEMBL419912","Histamine H2 receptor","Bioorg. Med. Chem. Lett., (2002) 12:21:3077","Ki","Binding affinity to the human cortical histamine H2 receptor",57543.99,"CCOC(=O)N1CCN(CCCOc2ccc(-c3ccncc3)cc2)CC1"
"CHEMBL426317","Histamine H2 receptor","Bioorg. Med. Chem. Lett., (2006) 16:8:2101","Ki","Binding affinity to histamine H2 receptor by radioligand binding assay",2126.0,"COc1cccc(N2CCN(CCCCn3ncc(=O)n(C)c3=O)CC2)c1"
"CHEMBL431172","Histamine H2 receptor","Bioorg. Med. Chem. Lett., (2002) 12:15:2031","Ki","Binding affinity for the human Histamine H2 receptor",83176.38,"CCCCCC(=O)c1ccc(OCCCN2CCN(S(C)(=O)=O)CC2)cc1"
"CHEMBL59798","Histamine H2 receptor","Bioorg. Med. Chem. Lett., (2002) 12:15:2031","Ki","Binding affinity for the human Histamine H2 receptor",9549.93,"CCCCCC(=O)c1ccc(OCCCN2CCN(CC(C)C)CC2)cc1"
"CHEMBL61231","Histamine H2 receptor","Bioorg. Med. Chem. Lett., (2002) 12:15:2031","Ki","Binding affinity for the human Histamine H2 receptor",69183.1,"CCOC(=O)N1CCN(CCCOc2ccc(C(=O)CC(C)C)cc2)CC1"
"CHEMBL61288","Histamine H2 receptor","Bioorg. Med. Chem. Lett., (2002) 12:15:2035","Ki","Binding affinity towards Histamine H2 receptor from human membranes",10715.19,"C[C@H](CN)C(=O)N1CCN(CCCOc2ccc(C(=O)C3CC3)cc2)CC1"
"CHEMBL64253","Histamine H2 receptor","Bioorg. Med. Chem. Lett., (2002) 12:15:2031","Ki","Binding affinity for the human Histamine H2 receptor",18620.87,"CCCCCC(=O)c1ccc(OCCCN2CCN(CC3CC3)CC2)cc1"
"CHEMBL64334","Histamine H2 receptor","Bioorg. Med. Chem. Lett., (2002) 12:15:2031","Ki","Binding affinity for the human Histamine H2 receptor",7585.78,"CCCCCC(=O)c1ccc(OCCCN2CCN(CCCC)CC2)cc1"
"CHEMBL64408","Histamine H2 receptor","Bioorg. Med. Chem. Lett., (2002) 12:15:2031","Ki","Binding affinity for the human Histamine H2 receptor",12022.64,"CCCCCC(=O)c1ccc(OCCCN2CCN(C(=O)OC)CC2)cc1"
"CHEMBL64608","Histamine H2 receptor","Bioorg. Med. Chem. Lett., (2002) 12:15:2035","Ki","Binding affinity towards Histamine H2 receptor from human membranes",10232.93,"C[C@@H](CN)C(=O)N1CCN(CCCOc2ccc(C(=O)C3CC3)cc2)CC1"
"CHEMBL64896","Histamine H2 receptor","Bioorg. Med. Chem. Lett., (2002) 12:15:2035","Ki","Binding affinity towards Histamine H2 receptor from human membranes",12302.69,"O=C(c1ccc(OCCCN2CCN(C(=O)[C@@H]3CCN3)CC2)cc1)C1CC1"
"CHEMBL105385","Histamine H2 receptor","Bioorg. Med. Chem. Lett., (2002) 12:21:3077","Ki","Binding affinity at human cortical Histamine 2 receptor",5623.41,"CCOC(=O)N1CCN(CCCOc2ccc(-c3ccc(Cl)cc3)cc2)CC1"
"CHEMBL1935425","Histamine H2 receptor","Bioorg. Med. Chem. Lett., (2012) 22:1:186","Ki","Binding affinity to human histamine H2 receptor",10000.0,"O=S1(=O)CCC(Oc2ccc3c(c2)CCC2(CCN(C4CCC4)CC2)O3)CC1"
"CHEMBL2031737","Histamine H2 receptor","J. Med. Chem., (2012) 55:5:2406","Ki","Binding affinity to human recombinant H2 receptor",923.0,"C[C@@H]1CCCN1CCc1cc2cc(C(=O)c3ccc([N+](=O)[O-])cc3)ccc2o1"
"CHEMBL26880","Histamine H2 receptor","Bioorg. Med. Chem. Lett., (2003) 13:7:1325","Ki","Binding affinity towards human histamine (H2) receptor",1905.46,"O=C(c1ccc(-c2ccc(OCCCN3CCCC3)cc2)cc1)N1CCCC1"
"CHEMBL291821","Histamine H2 receptor","Bioorg. Med. Chem. Lett., (2002) 12:15:2035","Ki","Binding affinity towards Histamine H2 receptor from human membranes",60255.96,"CCC[C@@H](N)C(=O)N1CCN(CCCOc2ccc(C(=O)C3CC3)cc2)CC1"
"CHEMBL302886","Histamine H2 receptor","Bioorg. Med. Chem. Lett., (2002) 12:15:2031","Ki","Binding affinity for the human Histamine H2 receptor",31622.78,"CCCCCC(=O)c1ccc(OCCCN2CCN(C(=O)C3CC3)CC2)cc1"
"CHEMBL3092650","Histamine H2 receptor","Bioorg. Med. Chem. Lett., (2013) 23:24:6890","Ki","Binding affinity to human histamine H2 receptor",3162.28,"O=C1CCCN1c1ccc(Oc2ccc3c(c2)CCN(C2CCC2)CC3)nc1"
"CHEMBL317900","Histamine H2 receptor","Bioorg. Med. Chem. Lett., (2002) 12:21:3077","Ki","Binding affinity to the human cortical histamine H2 receptor",1659.59,"CCOC(=O)N1CCN(CCCOc2ccc(-c3ccc(Br)cc3)cc2)CC1"
"CHEMBL60620","Histamine H2 receptor","Bioorg. Med. Chem. Lett., (2002) 12:15:2031","Ki","Binding affinity for the human Histamine H2 receptor",23442.29,"CCCCCC(=O)c1ccc(OCCCN2CCN(C(=O)NCC)CC2)cc1"
"CHEMBL62421","Histamine H2 receptor","Bioorg. Med. Chem. Lett., (2002) 12:15:2035","Ki","Binding affinity towards Histamine H2 receptor from human membranes",40738.03,"CCCCCC(=O)c1ccc(OCCCN2CCN(C(=O)[C@@H](C)N)CC2)cc1"
"CHEMBL62527","Histamine H2 receptor","Bioorg. Med. Chem. Lett., (2002) 12:15:2031","Ki","Binding affinity for the human Histamine H2 receptor",29512.09,"CCCCCC(=O)c1ccc(OCCCN2CCN(C(=O)C(C)C)CC2)cc1"
"CHEMBL62803","Histamine H2 receptor","Bioorg. Med. Chem. Lett., (2002) 12:15:2031","Ki","Binding affinity for the human Histamine H2 receptor",12589.25,"CCCCCC(=O)c1ccc(OCCCN2CCN(C(=O)OCC)CC2)cc1"
"CHEMBL64124","Histamine H2 receptor","Bioorg. Med. Chem. Lett., (2002) 12:15:2035","Ki","Binding affinity towards Histamine H2 receptor from human membranes",72443.6,"N#CC[C@@H](N)C(=O)N1CCN(CCCOc2ccc(C(=O)C3CC3)cc2)CC1"
"CHEMBL64461","Histamine H2 receptor","Bioorg. Med. Chem. Lett., (2002) 12:15:2035","Ki","Binding affinity towards Histamine H2 receptor from human membranes",53703.18,"O=C(c1ccc(OCCCN2CCN(C(=O)[C@H]3CCCN3)CC2)cc1)C1CC1"
"CHEMBL64479","Histamine H2 receptor","Bioorg. Med. Chem. Lett., (2002) 12:15:2031","Ki","Binding affinity for the human Histamine H2 receptor",22908.68,"CCCCCC(=O)c1ccc(OCCCN2CCN(C(=O)CCC)CC2)cc1"
"CHEMBL64894","Histamine H2 receptor","Unspecified","Ki","DRUGMATRIX: Histamine H2 radioligand binding (ligand: [125I] Aminopotentidine)",1136.0,"CN(C)c1ccc(C(=C2C=CC(=[N+](C)C)C=C2)c2ccc(N(C)C)cc2)cc1"
"CHEMBL717","Histamine H2 receptor","Unspecified","Ki","DRUGMATRIX: Histamine H2 radioligand binding (ligand: [125I] Aminopotentidine)",27453.0,"CC(=O)O[C@]1(C(C)=O)CC[C@H]2[C@@H]3C[C@H](C)C4=CC(=O)CC[C@]4(C)[C@H]3CC[C@@]21C"
"CHEMBL7568","Histamine H2 receptor","Unspecified","Ki","DRUGMATRIX: Histamine H2 radioligand binding (ligand: [125I] Aminopotentidine)",3476.0,"CCN(CC)CCCC(C)Nc1c2ccc(Cl)cc2nc2ccc(OC)cc12"
"CHEMBL83","Histamine H2 receptor","Unspecified","Ki","DRUGMATRIX: Histamine H2 radioligand binding (ligand: [125I] Aminopotentidine)",9240.0,"CC/C(=C(\c1ccccc1)c1ccc(OCCN(C)C)cc1)c1ccccc1"
"CHEMBL105268","Histamine H2 receptor","Bioorg. Med. Chem. Lett., (2002) 12:21:3077","Ki","Binding affinity at human cortical Histamine 2 receptor",23988.33,"CCOC(=O)N1CCN(CCCOc2ccc(-c3cccc(C#N)c3)cc2)CC1"
"CHEMBL105483","Histamine H2 receptor","Bioorg. Med. Chem. Lett., (2002) 12:21:3077","Ki","Binding affinity to the human cortical histamine H2 receptor",100000.0,"CCOC(=O)N1CCN(CCCOc2ccc(-c3ccc(OC)cc3)cc2)CC1"
"CHEMBL1935426","Histamine H2 receptor","Bioorg. Med. Chem. Lett., (2012) 22:1:186","Ki","Binding affinity to human histamine H2 receptor",10000.0,"O=S1(=O)CCC(COc2ccc3c(c2)CCC2(CCN(C4CCC4)CC2)O3)CC1"
"CHEMBL2031874","Histamine H2 receptor","J. Med. Chem., (2012) 55:5:2452","Ki","Binding affinity to H2 receptor",55000.0,"CN(C)C(=O)c1ccc(-c2ccc3c(c2)CCN(CCN2CCCC2)C3=O)cc1"
"CHEMBL2207637","Histamine H2 receptor","Bioorg. Med. Chem. Lett., (2012) 22:23:7151","Ki","Displacement of [3H]URDE257 from human histamine H2 receptor expressed in insect Sf9 cell membrane preparation after 60 mins by scintillation counting analysis",3200.0,"COc1ccccc1N1CCN(Cc2cc(CN(C)C)c3cccccc2-3)CC1"
"CHEMBL2413153","Histamine H2 receptor","Bioorg. Med. Chem., (2013) 21:17:5598","Ki","Binding affinity to histamine H2 receptor (unknown origin)",1767.0,"Cn1c(=O)cnn(CCCCN2CCN(c3ccccc3OCCF)CC2)c1=O"
"CHEMBL294087","Histamine H2 receptor","Bioorg. Med. Chem. Lett., (2002) 12:15:2035","Ki","Binding affinity towards Histamine H2 receptor from human membranes",48977.88,"CN[C@@H](C(=O)N1CCN(CCCOc2ccc(C(=O)C3CC3)cc2)CC1)C(C)C"
"CHEMBL294349","Histamine H2 receptor","Bioorg. Med. Chem. Lett., (2002) 12:15:2031","Ki","Binding affinity for the human Histamine H2 receptor",24547.09,"CCCCCC(=O)c1ccc(OCCCN2CCN(C(=O)C(C)(C)O)CC2)cc1"
"CHEMBL304888","Histamine H2 receptor","Bioorg. Med. Chem. Lett., (2002) 12:15:2035","Ki","Binding affinity towards Histamine H2 receptor from human membranes",50118.72,"CC(C)N[C@H](C)C(=O)N1CCN(CCCOc2ccc(C(=O)C3CC3)cc2)CC1"
"CHEMBL320178","Histamine H2 receptor","Bioorg. Med. Chem. Lett., (2002) 12:21:3077","Ki","Binding affinity to the human cortical histamine H2 receptor",28840.32,"CCOC(=O)N1CCN(CCCOc2ccc(-c3ccc(C#N)cc3)cc2)CC1"
"CHEMBL402143","Histamine H2 receptor","Bioorg. Med. Chem., (2009) 17:8:2989","Ki","Inhibition of human cloned histamine H2 receptor by competitive binding experiment",3178.0,"COc1c(OCCF)cccc1C(O)C1CCN(CCc2ccc(F)cc2)CC1"
"CHEMBL430502","Histamine H2 receptor","Bioorg. Med. Chem. Lett., (2002) 12:21:3055","Ki","Binding affinity to the human Histamine H2 receptor",6100.0,"CC(=O)c1ccc(OCCCN2CC[C@H](NC(=O)c3ccc(C#N)cc3)C2)cc1"
"CHEMBL476839","Histamine H2 receptor","Bioorg. Med. Chem., (2009) 17:8:2989","Ki","Inhibition of human cloned histamine H2 receptor by competitive binding experiment",1156.0,"COc1c(OCCF)cccc1C(O)C1CCN(CCc2ccc(C)cc2)CC1"
"CHEMBL482496","Histamine H2 receptor","Bioorg. Med. Chem., (2008) 16:11:6116","Ki","Binding affinity to histamine H2 receptor",500.0,"[3H]C([3H])([3H])Oc1cc(I)c(OC)cc1CCNCc1ccccc1OC([3H])([3H])[3H]"
"CHEMBL490632","Histamine H2 receptor","Bioorg. Med. Chem., (2009) 17:8:2989","Ki","Inhibition of human cloned histamine H2 receptor by competitive binding experiment",827.0,"COc1c(OCCF)cccc1C(=O)C1CCN(CCc2ccc(C)cc2)CC1"
"CHEMBL515472","Histamine H2 receptor","Bioorg. Med. Chem., (2009) 17:8:2989","Ki","Inhibition of human cloned histamine H2 receptor by competitive binding experiment",2428.0,"COc1c(OCCF)cccc1[C@H](O)C1CCN(CCc2ccc(F)cc2)CC1"
"CHEMBL516088","Histamine H2 receptor","Bioorg. Med. Chem., (2009) 17:8:2989","Ki","Inhibition of human cloned histamine H2 receptor by competitive binding experiment",1757.0,"COc1c(OCCF)cccc1C(=O)C1CCN(CCc2ccc(F)cc2)CC1"
"CHEMBL60360","Histamine H2 receptor","Bioorg. Med. Chem. Lett., (2002) 12:15:2031","Ki","Binding affinity for the human Histamine H2 receptor",7079.46,"CCCCCC(=O)c1ccc(OCCCN2CCN(Cc3nccs3)CC2)cc1"
"CHEMBL60435","Histamine H2 receptor","Bioorg. Med. Chem. Lett., (2002) 12:15:2035","Ki","Binding affinity towards Histamine H2 receptor from human membranes",89125.09,"O=C(c1ccc(OCCCN2CCN(C(=O)C[C@H]3CCCN3)CC2)cc1)C1CC1"
"CHEMBL61070","Histamine H2 receptor","Bioorg. Med. Chem. Lett., (2002) 12:15:2031","Ki","Binding affinity for the human Histamine H2 receptor",7943.28,"CCOC(=O)N1CCN(CCCOc2ccc(C(=O)C3CCCCC3)cc2)CC1"
"CHEMBL62660","Histamine H2 receptor","Bioorg. Med. Chem. Lett., (2002) 12:15:2035","Ki","Binding affinity towards Histamine H2 receptor from human membranes",34673.69,"CCCCCC(=O)c1ccc(OCCCN2CCN(C(=O)[C@H](N)CO)CC2)cc1"
"CHEMBL62716","Histamine H2 receptor","Bioorg. Med. Chem. Lett., (2002) 12:15:2035","Ki","Binding affinity towards Histamine H2 receptor from human membranes",19054.61,"CC(C)(C)[C@@H](N)C(=O)N1CCN(CCCOc2ccc(C(=O)C3CC3)cc2)CC1"
"CHEMBL63631","Histamine H2 receptor","Bioorg. Med. Chem. Lett., (2002) 12:15:2031","Ki","Binding affinity for the human Histamine H2 receptor",20892.96,"CCCCCC(=O)c1ccc(OCCCN2CCN(S(=O)(=O)C(C)C)CC2)cc1"
"CHEMBL64100","Histamine H2 receptor","Bioorg. Med. Chem. Lett., (2002) 12:15:2031","Ki","Binding affinity for the human Histamine H2 receptor",10232.93,"CCCCCC(=O)c1ccc(OCCCN2CCN(C(=O)C3CCC3)CC2)cc1"
"CHEMBL64235","Histamine H2 receptor","Bioorg. Med. Chem. Lett., (2002) 12:15:2031","Ki","Binding affinity for the human Histamine H2 receptor",22908.68,"CCCCCC(=O)c1ccc(OCCCN2CCN(C(=O)CSCC)CC2)cc1"
"CHEMBL64259","Histamine H2 receptor","Bioorg. Med. Chem. Lett., (2002) 12:15:2031","Ki","Binding affinity for the human Histamine H2 receptor",17782.79,"CCCCCC(=O)c1ccc(OCCCN2CCN(C(=O)OC(C)C)CC2)cc1"
"CHEMBL64773","Histamine H2 receptor","Bioorg. Med. Chem. Lett., (2002) 12:15:2031","Ki","Binding affinity for the human Histamine H2 receptor",11220.18,"CCCCCC(=O)c1ccc(OCCCN2CCN(C(=O)NC(C)C)CC2)cc1"
"CHEMBL101691","Histamine H2 receptor","Bioorg. Med. Chem. Lett., (2002) 12:21:3055","Ki","Binding affinity to the human Histamine H2 receptor",1200.0,"O=C(c1ccc(OCCCN2CC[C@H](NS(=O)(=O)c3ccccc3)C2)cc1)C1CC1"
"CHEMBL102840","Histamine H2 receptor","Bioorg. Med. Chem. Lett., (2002) 12:21:3055","Ki","Binding affinity to the human Histamine H2 receptor",2300.0,"CC(=O)c1ccc(OCCCN2CC[C@H](NS(=O)(=O)c3ccc(C#N)cc3)C2)cc1"
"CHEMBL105669","Histamine H2 receptor","Bioorg. Med. Chem. Lett., (2002) 12:21:3077","Ki","Binding affinity to the human cortical histamine H2 receptor",3981.07,"CCOC(=O)N1CCN(CCCOc2ccc(-c3ccc(C#N)cc3C)cc2)CC1"
"CHEMBL105952","Histamine H2 receptor","Bioorg. Med. Chem. Lett., (2002) 12:21:3077","Ki","Binding affinity at human cortical Histamine 2 receptor",7585.78,"CCOC(=O)N1CCN(CCCOc2ccc(-c3ccccc3[N+](=O)[O-])cc2)CC1"
"CHEMBL1242923","Histamine H2 receptor","J. Med. Chem., (2010) 53:17:6386","Ki","Binding affinity to human histamine H2 receptor by radioligand displacement assay",1000.0,"O=C(Cc1ccccc1)NC1CCN(CCCN2C(=O)COc3ccccc32)CC1"
"CHEMBL19215","Histamine H2 receptor","Unspecified","Ki","DRUGMATRIX: Histamine H2 radioligand binding (ligand: [125I] Aminopotentidine)",959.0,"CN1C[C@H](CNC(=O)OCc2ccccc2)C[C@@H]2c3cccc4c3c(cn4C)C[C@H]21"
"CHEMBL2031884","Histamine H2 receptor","J. Med. Chem., (2012) 55:5:2452","Ki","Binding affinity to H2 receptor",10000.0,"CCNC(=O)c1ccc(-c2ccc3c(c2)CCN(CCN2CCC[C@H]2C)C3=O)cc1"
"CHEMBL303369","Histamine H2 receptor","Bioorg. Med. Chem. Lett., (2002) 12:15:2035","Ki","Binding affinity towards Histamine H2 receptor from human membranes",31622.78,"CCCCCC(=O)c1ccc(OCCCN2CCN(C(=O)[C@H](N)C(C)C)CC2)cc1"
"CHEMBL318320","Histamine H2 receptor","Bioorg. Med. Chem. Lett., (2002) 12:21:3077","Ki","Binding affinity at human cortical Histamine 2 receptor",8317.64,"CCOC(=O)N1CCN(CCCOc2ccc(-c3ccc([N+](=O)[O-])cc3)cc2)CC1"
"CHEMBL322678","Histamine H2 receptor","Bioorg. Med. Chem. Lett., (2002) 12:21:3055","Ki","Binding affinity to the human Histamine H2 receptor",7100.0,"Cn1cnc(S(=O)(=O)N[C@H]2CCN(CCCOc3ccc(C(=O)C4CC4)cc3)C2)c1"
"CHEMBL440864","Histamine H2 receptor","Bioorg. Med. Chem. Lett., (2002) 12:15:2031","Ki","Binding affinity for the human Histamine H2 receptor",42657.95,"CCOC(=O)N1CCN(CCCOc2ccc(C(=O)c3ccc(F)cc3)cc2)CC1"
"CHEMBL449040","Histamine H2 receptor","Bioorg. Med. Chem. Lett., (2002) 12:15:2031","Ki","Binding affinity for the human Histamine H2 receptor",2137.96,"CCCCCCCC(=O)c1ccc(OCCCN2CCN(C(=O)OCC)CC2)cc1"
"CHEMBL59715","Histamine H2 receptor","Bioorg. Med. Chem. Lett., (2002) 12:15:2031","Ki","Binding affinity for the human Histamine H2 receptor",19498.45,"CCCCCC(=O)c1ccc(OCCCN2CCN(C(=O)c3c[nH]cn3)CC2)cc1"
"CHEMBL59931","Histamine H2 receptor","Bioorg. Med. Chem. Lett., (2002) 12:15:2035","Ki","Binding affinity towards Histamine H2 receptor from human membranes",57543.99,"CC(C)(C)C[C@@H](N)C(=O)N1CCN(CCCOc2ccc(C(=O)C3CC3)cc2)CC1"
"CHEMBL60509","Histamine H2 receptor","Bioorg. Med. Chem. Lett., (2002) 12:15:2031","Ki","Binding affinity for the human Histamine H2 receptor",27542.29,"CCCCCC(=O)c1ccc(OCCCN2CCN(C(=O)c3cnco3)CC2)cc1"
"CHEMBL62312","Histamine H2 receptor","Bioorg. Med. Chem. Lett., (2002) 12:15:2031","Ki","Binding affinity for the human Histamine H2 receptor",19952.62,"CCCCCC(=O)c1ccc(OCCCN2CCN(C(=O)c3ccco3)CC2)cc1"
"CHEMBL62592","Histamine H2 receptor","Bioorg. Med. Chem. Lett., (2002) 12:15:2035","Ki","Binding affinity towards Histamine H2 receptor from human membranes",38018.94,"CCCCCC(=O)c1ccc(OCCCN2CCN(C(=O)[C@@H](N)C(C)C)CC2)cc1"
"CHEMBL62726","Histamine H2 receptor","Bioorg. Med. Chem. Lett., (2002) 12:15:2031","Ki","Binding affinity for the human Histamine H2 receptor",14791.08,"CCCCCC(=O)c1ccc(OCCCN2CCN(C(=O)c3cccs3)CC2)cc1"
"CHEMBL64021","Histamine H2 receptor","Bioorg. Med. Chem. Lett., (2002) 12:15:2031","Ki","Binding affinity for the human Histamine H2 receptor",3715.35,"CCOC(=O)N1CCN(CCCOc2ccc(C(=O)c3cccc(C)c3)cc2)CC1"
"CHEMBL64317","Histamine H2 receptor","Bioorg. Med. Chem. Lett., (2002) 12:15:2031","Ki","Binding affinity for the human Histamine H2 receptor",1862.09,"CCCCCC(=O)c1ccc(OCCCN2CCN(C(=O)OCCCC)CC2)cc1"
"CHEMBL64667","Histamine H2 receptor","Bioorg. Med. Chem. Lett., (2002) 12:15:2031","Ki","Binding affinity for the human Histamine H2 receptor",14791.08,"CCCCCC(=O)c1ccc(OCCCN2CCN(C(=O)N3CCCC3)CC2)cc1"
"CHEMBL64775","Histamine H2 receptor","Bioorg. Med. Chem. Lett., (2002) 12:15:2031","Ki","Binding affinity for the human Histamine H2 receptor",3715.35,"CCCCCC(=O)c1ccc(OCCCN2CCN(C(=O)OCC(C)C)CC2)cc1"
"CHEMBL64799","Histamine H2 receptor","Bioorg. Med. Chem. Lett., (2002) 12:15:2031","Ki","Binding affinity for the human Histamine H2 receptor",12589.25,"CCOC(=O)N1CCN(CCCOc2ccc(C(=O)Cc3ccccc3)cc2)CC1"
"CHEMBL726","Histamine H2 receptor","Unspecified","Ki","DRUGMATRIX: Histamine H2 radioligand binding (ligand: [125I] Aminopotentidine)",1205.0,"OCCN1CCN(CCCN2c3ccccc3Sc3ccc(C(F)(F)F)cc32)CC1"
"CHEMBL85","Histamine H2 receptor","Unspecified","Ki","DRUGMATRIX: Histamine H2 radioligand binding (ligand: [125I] Aminopotentidine)",1458.0,"Cc1nc2n(c(=O)c1CCN1CCC(c3noc4cc(F)ccc34)CC1)CCCC2"
"CHEMBL102384","Histamine H2 receptor","Bioorg. Med. Chem. Lett., (2002) 12:21:3055","Ki","Binding affinity to the human Histamine H2 receptor",1000.0,"O=C(c1ccc(OCCCN2CC[C@H](NS(=O)(=O)c3ccccc3Cl)C2)cc1)C1CC1"
"CHEMBL102929","Histamine H2 receptor","Bioorg. Med. Chem. Lett., (2002) 12:21:3055","Ki","Binding affinity to the human Histamine H2 receptor",2200.0,"Cc1ccccc1S(=O)(=O)N[C@H]1CCN(CCCOc2ccc(C(=O)C3CC3)cc2)C1"
"CHEMBL103027","Histamine H2 receptor","Bioorg. Med. Chem. Lett., (2002) 12:21:3055","Ki","Binding affinity to the human Histamine H2 receptor",1800.0,"Cc1cccc(S(=O)(=O)N[C@H]2CCN(CCCOc3ccc(C(=O)C4CC4)cc3)C2)c1"
"CHEMBL103828","Histamine H2 receptor","Bioorg. Med. Chem. Lett., (2002) 12:21:3055","Ki","Binding affinity to the human Histamine H2 receptor",40000.0,"CC(=O)c1ccc(OCCCN2CC[C@H](NC(=O)[C@@H](C)NC(=O)OC(C)(C)C)C2)cc1"
"CHEMBL104344","Histamine H2 receptor","Bioorg. Med. Chem. Lett., (2002) 12:21:3055","Ki","Binding affinity to the human Histamine H2 receptor",290.0,"O=C(c1ccc(OCCCN2CC[C@H](NS(=O)(=O)c3ccc(Cl)cc3)C2)cc1)C1CC1"
"CHEMBL104618","Histamine H2 receptor","Bioorg. Med. Chem. Lett., (2002) 12:21:3055","Ki","Binding affinity to the human Histamine H2 receptor",1550.0,"O=C(c1ccc(OCCCN2CC[C@H](NS(=O)(=O)c3ccccc3F)C2)cc1)C1CC1"
"CHEMBL104808","Histamine H2 receptor","Bioorg. Med. Chem. Lett., (2002) 12:21:3055","Ki","Binding affinity to the human Histamine H2 receptor",500.0,"O=C(c1ccc(OCCCN2CC[C@H](NS(=O)(=O)c3ccc(F)cc3)C2)cc1)C1CC1"
"CHEMBL104809","Histamine H2 receptor","Bioorg. Med. Chem. Lett., (2002) 12:21:3055","Ki","Binding affinity to the human Histamine H2 receptor",1600.0,"O=C(c1ccc(OCCCN2CC[C@H](NS(=O)(=O)c3cccc(F)c3)C2)cc1)C1CC1"
"CHEMBL107293","Histamine H2 receptor","Bioorg. Med. Chem. Lett., (2002) 12:21:3055","Ki","Binding affinity to the human Histamine H2 receptor",380.0,"Cc1ccc(S(=O)(=O)N[C@H]2CCN(CCCOc3ccc(C(=O)C4CC4)cc3)C2)cc1"
"CHEMBL1076586","Histamine H2 receptor","Bioorg. Med. Chem. Lett., (2010) 20:5:1758","Ki","Inhibition of histamine H2 receptor",10000.0,"O=C(c1ccc(-c2ccccc2)cc1)N1CCN(C(=O)c2ccc3cc[nH]c3c2)CC1"
"CHEMBL1632174","Histamine H2 receptor","Bioorg. Med. Chem., (2010) 18:24:8600","Ki","Binding affinity to Histamine receptor H2",10000.0,"O=C(O)CCCCCN1CCC(CNC(=O)c2c3n(c4ccccc24)CCCO3)CC1"
"CHEMBL199824","Histamine H2 receptor","J. Med. Chem., (2006) 49:1:125","Ki","Binding affinity to histamine H2 receptor",302.0,"Cn1c(=O)cnn(CCCCN2CCN(c3cccc4ccc(O[11CH3])cc34)CC2)c1=O"
"CHEMBL2113738","Histamine H2 receptor","Bioorg. Med. Chem. Lett., (2002) 12:15:2031","Ki","Binding affinity for the human Histamine H2 receptor",6165.95,"CCOC(=O)N1CCN(CCCOc2ccc(C(=O)c3ccc(SC)cc3)cc2)CC1"
"CHEMBL27979","Histamine H2 receptor","Bioorg. Med. Chem. Lett., (2003) 13:7:1325","Ki","Binding affinity towards human histaminergic (H2) receptor",10000.0,"C[C@H]1CC[C@H](C)N1CCCOc1ccc(-c2ccc(C(=O)N3CCOCC3)cc2)cc1"
"CHEMBL291394","Histamine H2 receptor","Bioorg. Med. Chem. Lett., (2002) 12:15:2031","Ki","Binding affinity for the human Histamine H2 receptor",22387.21,"CCCCCC(=O)c1ccc(OCCCN2CCN(C(=O)c3ccncc3)CC2)cc1"
"CHEMBL291847","Histamine H2 receptor","Bioorg. Med. Chem. Lett., (2002) 12:15:2035","Ki","Binding affinity towards Histamine H2 receptor from human membranes",16595.87,"CCCCCC(=O)c1ccc(OCCCN2CCN(C(=O)[C@@H](N)CC(C)C)CC2)cc1"
"CHEMBL291882","Histamine H2 receptor","Bioorg. Med. Chem. Lett., (2002) 12:15:2031","Ki","Binding affinity for the human Histamine H2 receptor",19498.45,"CCCCCC(=O)c1ccc(OCCCN2CCN(C(=O)c3sccc3Cl)CC2)cc1"
"CHEMBL293033","Histamine H2 receptor","Bioorg. Med. Chem. Lett., (2002) 12:15:2035","Ki","Binding affinity towards Histamine H2 receptor from human membranes",45708.82,"CC(C)(C)OC[C@@H](N)C(=O)N1CCN(CCCOc2ccc(C(=O)C3CC3)cc2)CC1"
"CHEMBL294519","Histamine H2 receptor","Bioorg. Med. Chem. Lett., (2002) 12:15:2031","Ki","Binding affinity for the human Histamine H2 receptor",12302.69,"CCCCCC(=O)c1ccc(OCCCN2CCN(C(=O)c3ccccc3)CC2)cc1"
"CHEMBL302468","Histamine H2 receptor","Bioorg. Med. Chem. Lett., (2002) 12:15:2035","Ki","Binding affinity towards Histamine H2 receptor from human membranes",24547.09,"N[C@@H](C(=O)N1CCN(CCCOc2ccc(C(=O)C3CC3)cc2)CC1)c1ccccc1"
"CHEMBL304027","Histamine H2 receptor","Bioorg. Med. Chem. Lett., (2002) 12:15:2031","Ki","Binding affinity for the human Histamine H2 receptor",17378.01,"CCOC(=O)N1CCN(CCCOc2ccc(C(=O)c3cccc(F)c3F)cc2)CC1"
"CHEMBL320174","Histamine H2 receptor","Bioorg. Med. Chem. Lett., (2002) 12:21:3055","Ki","Binding affinity to the human Histamine H2 receptor",24000.0,"CC(=O)c1ccc(OCCCN2CC[C@H](NC(=O)[C@H](C)NC(=O)OC(C)(C)C)C2)cc1"
"CHEMBL321320","Histamine H2 receptor","Bioorg. Med. Chem. Lett., (2002) 12:21:3055","Ki","Binding affinity to the human Histamine H2 receptor",700.0,"O=C(c1ccc(OCCCN2CC[C@H](NS(=O)(=O)c3cccc(Cl)c3)C2)cc1)C1CC1"
"CHEMBL321709","Histamine H2 receptor","Bioorg. Med. Chem. Lett., (2002) 12:21:3055","Ki","Binding affinity to the human Histamine H2 receptor",290.0,"O=C(c1ccc(OCCCN2CC[C@H](NS(=O)(=O)c3ccc(Br)cc3)C2)cc1)C1CC1"
"CHEMBL418658","Histamine H2 receptor","Bioorg. Med. Chem. Lett., (2002) 12:15:2031","Ki","Binding affinity for the human Histamine H2 receptor",60255.96,"CCCCCC(=O)c1ccc(OCCCN2CCN(C(=O)c3cccnc3)CC2)cc1"
"CHEMBL418691","Histamine H2 receptor","Bioorg. Med. Chem. Lett., (2002) 12:15:2031","Ki","Binding affinity for the human Histamine H2 receptor",8317.64,"CCOC(=O)N1CCN(CCCOc2ccc(C(=O)c3ccc(OC)cc3)cc2)CC1"
"CHEMBL444307","Histamine H2 receptor","Bioorg. Med. Chem. Lett., (2002) 12:15:2031","Ki","Binding affinity for the human Histamine H2 receptor",25118.86,"CCOC(=O)N1CCN(CCCOc2ccc(C(=O)/C=C/c3cccnc3)cc2)CC1"
"CHEMBL59733","Histamine H2 receptor","Bioorg. Med. Chem. Lett., (2002) 12:15:2035","Ki","Binding affinity towards Histamine H2 receptor from human membranes",97723.72,"N[C@H](Cc1nccs1)C(=O)N1CCN(CCCOc2ccc(C(=O)C3CC3)cc2)CC1"
"CHEMBL60383","Histamine H2 receptor","Bioorg. Med. Chem. Lett., (2002) 12:15:2031","Ki","Binding affinity for the human Histamine H2 receptor",8128.31,"CCCCCC(=O)c1ccc(OCCCN2CCN(C(=O)c3ccc(C)s3)CC2)cc1"
"CHEMBL60559","Histamine H2 receptor","Bioorg. Med. Chem. Lett., (2002) 12:15:2035","Ki","Binding affinity towards Histamine H2 receptor from human membranes",46773.51,"N[C@H](Cc1ccsc1)C(=O)N1CCN(CCCOc2ccc(C(=O)C3CC3)cc2)CC1"
"CHEMBL61396","Histamine H2 receptor","Bioorg. Med. Chem. Lett., (2002) 12:15:2031","Ki","Binding affinity for the human Histamine H2 receptor",12882.5,"CCCCCC(=O)c1ccc(OCCCN2CCN(C(=O)c3occc3C)CC2)cc1"
"CHEMBL61792","Histamine H2 receptor","Bioorg. Med. Chem. Lett., (2002) 12:15:2035","Ki","Binding affinity towards Histamine H2 receptor from human membranes",89125.09,"N[C@H](Cc1c[nH]cn1)C(=O)N1CCN(CCCOc2ccc(C(=O)C3CC3)cc2)CC1"
"CHEMBL62115","Histamine H2 receptor","Bioorg. Med. Chem. Lett., (2002) 12:15:2031","Ki","Binding affinity for the human Histamine H2 receptor",46773.51,"CCCCCC(=O)c1ccc(OCCCN2CCN(C(=O)c3cnccn3)CC2)cc1"
"CHEMBL62741","Histamine H2 receptor","Bioorg. Med. Chem. Lett., (2002) 12:15:2035","Ki","Binding affinity towards Histamine H2 receptor from human membranes",14125.38,"CCCCCC(=O)c1ccc(OCCCN2CCN(C(=O)[C@H](N)CC(C)C)CC2)cc1"
"CHEMBL62949","Histamine H2 receptor","Bioorg. Med. Chem. Lett., (2002) 12:15:2031","Ki","Binding affinity for the human Histamine H2 receptor",2691.53,"CCCCCCCCC(=O)c1ccc(OCCCN2CCN(C(=O)OCC)CC2)cc1"
"CHEMBL63036","Histamine H2 receptor","Bioorg. Med. Chem. Lett., (2002) 12:15:2031","Ki","Binding affinity for the human Histamine H2 receptor",18620.87,"CCCCCC(=O)c1ccc(OCCCN2CCN(C(=O)c3ccccn3)CC2)cc1"
"CHEMBL633","Histamine H2 receptor","Unspecified","Ki","DRUGMATRIX: Histamine H2 radioligand binding (ligand: [125I] Aminopotentidine)",10379.0,"CCCCc1oc2ccccc2c1C(=O)c1cc(I)c(OCCN(CC)CC)c(I)c1"
"CHEMBL64884","Histamine H2 receptor","Bioorg. Med. Chem. Lett., (2002) 12:15:2031","Ki","Binding affinity for the human Histamine H2 receptor",11748.98,"CCCCCC(=O)c1ccc(OCCCN2CCN(C(=O)c3cccn3C)CC2)cc1"
"CHEMBL65518","Histamine H2 receptor","Bioorg. Med. Chem. Lett., (2002) 12:15:2031","Ki","Binding affinity for the human Histamine H2 receptor",17782.79,"CCCCCC(=O)c1ccc(OCCCN2CCN(C(=O)N3CCOCC3)CC2)cc1"
"CHEMBL101634","Histamine H2 receptor","Bioorg. Med. Chem. Lett., (2002) 12:21:3055","Ki","Binding affinity to the human Histamine H2 receptor",6200.0,"CC(=O)c1ccc(OCCCN2CC[C@H](NC(=O)c3csc(-c4cccnc4)n3)C2)cc1"
"CHEMBL101748","Histamine H2 receptor","Bioorg. Med. Chem. Lett., (2002) 12:21:3055","Ki","Binding affinity to the human Histamine H2 receptor",900.0,"N#Cc1cccc(S(=O)(=O)N[C@H]2CCN(CCCOc3ccc(C(=O)C4CC4)cc3)C2)c1"
"CHEMBL102390","Histamine H2 receptor","Bioorg. Med. Chem. Lett., (2002) 12:21:3055","Ki","Binding affinity to the human Histamine H2 receptor",100000.0,"CC(=O)c1ccc(OCCCN2CC[C@H](NC(=O)[C@@H](CO)NC(=O)OC(C)(C)C)C2)cc1"
"CHEMBL102925","Histamine H2 receptor","Bioorg. Med. Chem. Lett., (2002) 12:21:3055","Ki","Binding affinity to the human Histamine H2 receptor",330.0,"CCc1ccc(S(=O)(=O)N[C@H]2CCN(CCCOc3ccc(C(=O)C4CC4)cc3)C2)cc1"
"CHEMBL107162","Histamine H2 receptor","Bioorg. Med. Chem. Lett., (2002) 12:21:3055","Ki","Binding affinity to the human Histamine H2 receptor",1000.0,"COc1ccc(S(=O)(=O)N[C@H]2CCN(CCCOc3ccc(C(=O)C4CC4)cc3)C2)cc1"
"CHEMBL1082211","Histamine H2 receptor","Bioorg. Med. Chem. Lett., (2010) 20:5:1758","Ki","Inhibition of histamine H2 receptor",10000.0,"C[C@H]1CN(C(=O)c2ccc(-c3ccccc3)cc2)CCN1C(=O)c1ccc2cc[nH]c2c1"
"CHEMBL1632158","Histamine H2 receptor","Bioorg. Med. Chem., (2010) 18:24:8600","Ki","Binding affinity to Histamine receptor H2",3162.28,"COC(=O)CCCCCN1CCC(CNC(=O)c2c3n(c4ccccc24)CCCO3)CC1"
"CHEMBL2031873","Histamine H2 receptor","J. Med. Chem., (2012) 55:5:2452","Ki","Binding affinity to H2 receptor",10000.0,"O=C(NC1CCCC1)c1ccc(-c2ccc3c(c2)CCN(CCN2CCCC2)C3=O)cc1"
"CHEMBL2031876","Histamine H2 receptor","J. Med. Chem., (2012) 55:5:2452","Ki","Binding affinity to H2 receptor",10000.0,"C[C@@H]1CCCN1C(=O)c1ccc(-c2ccc3c(c2)CCN(CCN2CCCC2)C3=O)cc1"
"CHEMBL2031877","Histamine H2 receptor","J. Med. Chem., (2012) 55:5:2452","Ki","Binding affinity to H2 receptor",10000.0,"C[C@H]1CCCN1C(=O)c1ccc(-c2ccc3c(c2)CCN(CCN2CCCC2)C3=O)cc1"
"CHEMBL2031885","Histamine H2 receptor","J. Med. Chem., (2012) 55:5:2452","Ki","Binding affinity to H2 receptor",10000.0,"C[C@@H]1CCCN1CCN1CCc2cc(-c3ccc(C(=O)N4CCCC4)cc3)ccc2C1=O"
"CHEMBL2112451","Histamine H2 receptor","Bioorg. Med. Chem. Lett., (2002) 12:21:3055","Ki","Binding affinity to the human Histamine H2 receptor",1600.0,"N#Cc1ccc(S(=O)(=O)N[C@H]2CCN(CCCOc3ccc(C(=O)C4CC4)cc3)C2)cc1"
"CHEMBL2207638","Histamine H2 receptor","Bioorg. Med. Chem. Lett., (2012) 22:23:7151","Ki","Displacement of [3H]URDE257 from human histamine H2 receptor expressed in insect Sf9 cell membrane preparation after 60 mins by scintillation counting analysis",4200.0,"COc1ccccc1N1CCN(Cc2cc(CN3CCCCC3)c3cccccc2-3)CC1"
"CHEMBL2207639","Histamine H2 receptor","Bioorg. Med. Chem. Lett., (2012) 22:23:7151","Ki","Displacement of [3H]URDE257 from human histamine H2 receptor expressed in insect Sf9 cell membrane preparation after 60 mins by scintillation counting analysis",6100.0,"COc1ccccc1N1CCN(Cc2cc(CN3CCOCC3)c3cccccc2-3)CC1"
"CHEMBL303737","Histamine H2 receptor","Bioorg. Med. Chem. Lett., (2002) 12:15:2035","Ki","Binding affinity towards Histamine H2 receptor from human membranes",20417.38,"N[C@H](CC1CCCCC1)C(=O)N1CCN(CCCOc2ccc(C(=O)C3CC3)cc2)CC1"
"CHEMBL305338","Histamine H2 receptor","Bioorg. Med. Chem. Lett., (2002) 12:15:2031","Ki","Binding affinity for the human Histamine H2 receptor",8912.51,"CCCCCC(=O)c1ccc(OCCCN2CCN(C(=O)Cc3ccccc3)CC2)cc1"
"CHEMBL316968","Histamine H2 receptor","Bioorg. Med. Chem. Lett., (2002) 12:21:3055","Ki","Binding affinity to the human Histamine H2 receptor",46000.0,"CC(=O)c1ccc(OCCCN2CC[C@H](NC(=O)[C@H](CO)NC(=O)OC(C)(C)C)C2)cc1"
"CHEMBL3633757","Histamine H2 receptor","Bioorg. Med. Chem. Lett., (2015) 25:22:5102","Ki","Displacement of [3H]-Tiotidine from recombinant human histamine H2 receptor after 1.5 hrs by Microbeta scintillation counting analysis",900.0,"COc1cc2c3c(c1OCc1ccc(Br)cc1)-c1cc4c(cc1CC3N(C)CC2)OCO4"
"CHEMBL420108","Histamine H2 receptor","Bioorg. Med. Chem. Lett., (2002) 12:21:3055","Ki","Binding affinity to the human Histamine H2 receptor",710.0,"N#Cc1ccccc1S(=O)(=O)N[C@H]1CCN(CCCOc2ccc(C(=O)C3CC3)cc2)C1"
"CHEMBL446885","Histamine H2 receptor","Bioorg. Med. Chem. Lett., (2002) 12:21:3077","Ki","Binding affinity to the human cortical histamine H2 receptor",3630.78,"CCOC(=O)N1CCN(CCCOc2ccc(-c3ccc(OC(F)(F)F)cc3)cc2)CC1"
"CHEMBL459730","Histamine H2 receptor","J. Med. Chem., (2008) 51:18:5608","Ki","Displacement of [3H]tiotidine from human cloned histamine H2 receptor",10000.0,"N#Cc1ccc(S(=O)(=O)/N=C(\N)N2C[C@H](c3ccccc3)C(c3ccc(Cl)cc3)=N2)cc1"
"CHEMBL1080389","Histamine H2 receptor","Bioorg. Med. Chem. Lett., (2010) 20:5:1758","Ki","Inhibition of histamine H2 receptor",10000.0,"C[C@H]1CN(C(=O)c2ccc(-c3ccccc3F)cc2)CCN1C(=O)c1ccc2cc[nH]c2c1"
"CHEMBL1080556","Histamine H2 receptor","Bioorg. Med. Chem. Lett., (2010) 20:5:1758","Ki","Inhibition of histamine H2 receptor",10000.0,"C[C@H]1CN(C(=O)c2ccc(-c3ccccc3Cl)cc2)CCN1C(=O)c1ccc2cc[nH]c2c1"
"CHEMBL1080907","Histamine H2 receptor","Bioorg. Med. Chem. Lett., (2010) 20:5:1758","Ki","Inhibition of histamine H2 receptor",10000.0,"Cc1ccccc1-c1ccc(C(=O)N2CCN(C(=O)c3ccc4cc[nH]c4c3)[C@@H](C)C2)cc1"
"CHEMBL1080926","Histamine H2 receptor","Bioorg. Med. Chem. Lett., (2010) 20:5:1758","Ki","Inhibition of histamine H2 receptor",10000.0,"C[C@H]1CN(C(=O)c2ccc(-c3ccc(F)cc3)cc2)CCN1C(=O)c1ccc2cc[nH]c2c1"
"CHEMBL1082210","Histamine H2 receptor","Bioorg. Med. Chem. Lett., (2010) 20:5:1758","Ki","Inhibition of histamine H2 receptor",10000.0,"C[C@H]1CN(C(=O)c2ccc(-c3cccc(F)c3)cc2)CCN1C(=O)c1ccc2cc[nH]c2c1"
"CHEMBL1627","Histamine H2 receptor","J. Med. Chem., (2008) 51:19:6034","Ki","Displacement of [3H]tiotidine from human histamine H2 receptor",1.7,"CNC(=O)C(CCN1CCC(O)(c2ccc(Cl)cc2)CC1)(c1ccccc1)c1ccccc1"
"CHEMBL2207640","Histamine H2 receptor","Bioorg. Med. Chem. Lett., (2012) 22:23:7151","Ki","Displacement of [3H]URDE257 from human histamine H2 receptor expressed in insect Sf9 cell membrane preparation after 60 mins by scintillation counting analysis",5500.0,"COc1ccccc1N1CCN(Cc2cc(CN3CCN(C)CC3)c3cccccc2-3)CC1"
"CHEMBL292275","Histamine H2 receptor","Bioorg. Med. Chem. Lett., (2002) 12:15:2031","Ki","Binding affinity for the human Histamine H2 receptor",6760.83,"CCOC(=O)N1CCN(CCCOc2ccc(C(=O)/C=C/c3ccc(OC)cc3)cc2)CC1"
"CHEMBL305371","Histamine H2 receptor","Bioorg. Med. Chem. Lett., (2002) 12:15:2035","Ki","Binding affinity towards Histamine H2 receptor from human membranes",33113.11,"N[C@H](Cc1ccc(O)cc1)C(=O)N1CCN(CCCOc2ccc(C(=O)C3CC3)cc2)CC1"
"CHEMBL417215","Histamine H2 receptor","Bioorg. Med. Chem. Lett., (2002) 12:15:2035","Ki","Binding affinity towards Histamine H2 receptor from human membranes",39810.72,"N[C@H](Cc1ccc(F)cc1)C(=O)N1CCN(CCCOc2ccc(C(=O)C3CC3)cc2)CC1"
"CHEMBL451821","Histamine H2 receptor","J. Med. Chem., (2008) 51:17:5423","Ki","Displacement of [3H]tiotidine from human histamine H2 receptor",10000.0,"CN[C@@H](C(=O)N(C)[C@H]1CC[C@@]2(C)C(=CC[C@@H]3[C@@H]2CC[C@]24CN(C)[C@@H](C)[C@H]2CC[C@@H]34)C1)C(C)C"
"CHEMBL62050","Histamine H2 receptor","Bioorg. Med. Chem. Lett., (2002) 12:15:2035","Ki","Binding affinity towards Histamine H2 receptor from human membranes",17782.79,"CN[C@H](Cc1ccccc1)C(=O)N1CCN(CCCOc2ccc(C(=O)C3CC3)cc2)CC1"
"CHEMBL64059","Histamine H2 receptor","Bioorg. Med. Chem. Lett., (2002) 12:15:2035","Ki","Binding affinity towards Histamine H2 receptor from human membranes",10000.0,"N[C@H](CCc1ccccc1)C(=O)N1CCN(CCCOc2ccc(C(=O)C3CC3)cc2)CC1"
"CHEMBL64247","Histamine H2 receptor","Bioorg. Med. Chem. Lett., (2002) 12:15:2031","Ki","Binding affinity for the human Histamine H2 receptor",1548.82,"CCOC(=O)N1CCN(CCCOc2ccc(C(=O)c3ccc(C(C)(C)C)cc3)cc2)CC1"
"CHEMBL64406","Histamine H2 receptor","Bioorg. Med. Chem. Lett., (2002) 12:15:2035","Ki","Binding affinity towards Histamine H2 receptor from human membranes",83176.38,"C[C@@H](NC(=O)OC(C)(C)C)C(=O)N1CCN(CCCOc2ccc(C(=O)C3CC3)cc2)CC1"
"CHEMBL6966","Histamine H2 receptor","Unspecified","Ki","DRUGMATRIX: Histamine H2 radioligand binding (ligand: [125I] Aminopotentidine)",2547.0,"COc1ccc(CCN(C)CCCC(C#N)(c2ccc(OC)c(OC)c2)C(C)C)cc1OC"
"CHEMBL105071","Histamine H2 receptor","Bioorg. Med. Chem. Lett., (2002) 12:21:3055","Ki","Binding affinity to the human Histamine H2 receptor",730.0,"CC(C)(C)c1ccc(S(=O)(=O)N[C@H]2CCN(CCCOc3ccc(C(=O)C4CC4)cc3)C2)cc1"
"CHEMBL1081212","Histamine H2 receptor","Bioorg. Med. Chem. Lett., (2010) 20:5:1758","Ki","Inhibition of histamine H2 receptor",10000.0,"COc1ccccc1-c1ccc(C(=O)N2CCN(C(=O)c3ccc4cc[nH]c4c3)[C@@H](C)C2)cc1"
"CHEMBL1081254","Histamine H2 receptor","Bioorg. Med. Chem. Lett., (2010) 20:5:1758","Ki","Inhibition of histamine H2 receptor",10000.0,"COc1ccc(-c2ccc(C(=O)N3CCN(C(=O)c4ccc5cc[nH]c5c4)[C@@H](C)C3)cc2)cc1"
"CHEMBL1081648","Histamine H2 receptor","Bioorg. Med. Chem. Lett., (2010) 20:5:1758","Ki","Inhibition of histamine H2 receptor",10000.0,"COc1cccc(-c2ccc(C(=O)N3CCN(C(=O)c4ccc5cc[nH]c5c4)[C@@H](C)C3)cc2)c1"
"CHEMBL1081649","Histamine H2 receptor","Bioorg. Med. Chem. Lett., (2010) 20:5:1758","Ki","Inhibition of histamine H2 receptor",10000.0,"COc1cccc(-c2ccc(C(=O)N3CCN(C(=O)c4ccc5cc[nH]c5c4)[C@H](C)C3)cc2)c1"
"CHEMBL296419","Histamine H2 receptor","Unspecified","Ki","DRUGMATRIX: Histamine H2 radioligand binding (ligand: [125I] Aminopotentidine)",1654.0,"COc1ccc(CCN2CCC(Nc3nc4ccccc4n3Cc3ccc(F)cc3)CC2)cc1"
"CHEMBL323517","Histamine H2 receptor","Bioorg. Med. Chem. Lett., (2002) 12:21:3055","Ki","Binding affinity to the human Histamine H2 receptor",4000.0,"O=C(N[C@H]1CCN(CCCOc2ccc(C(=O)C3CC3)cc2)C1)c1csc(-c2cccnc2)n1"
"CHEMBL62808","Histamine H2 receptor","Bioorg. Med. Chem. Lett., (2002) 12:15:2035","Ki","Binding affinity towards Histamine H2 receptor from human membranes",34673.69,"CCCCCC(=O)c1ccc(OCCCN2CCN(C(=O)[C@@H](N)Cc3ccncc3)CC2)cc1"
"CHEMBL63632","Histamine H2 receptor","Bioorg. Med. Chem. Lett., (2002) 12:15:2031","Ki","Binding affinity for the human Histamine H2 receptor",12302.69,"CCCCCC(=O)c1ccc(OCCCN2CCN(S(=O)(=O)c3ccc(C#N)cc3)CC2)cc1"
"CHEMBL64321","Histamine H2 receptor","Bioorg. Med. Chem. Lett., (2002) 12:15:2035","Ki","Binding affinity towards Histamine H2 receptor from human membranes",37153.52,"CCCCCC(=O)c1ccc(OCCCN2CCN(C(=O)[C@H](N)Cc3ccncc3)CC2)cc1"
"CHEMBL841","Histamine H2 receptor","Unspecified","Ki","DRUGMATRIX: Histamine H2 radioligand binding (ligand: [125I] Aminopotentidine)",3030.0,"CN(C)C(=O)C(CCN1CCC(O)(c2ccc(Cl)cc2)CC1)(c1ccccc1)c1ccccc1"
"CHEMBL96467","Histamine H2 receptor","J. Med. Chem., (2000) 43:15:2775","Ki","Binding affinity towards human Histamine H2 receptor, using [3H]tiotidine as radioligand.",1000.0,"C[C@@H]1OC(=O)N(C(=O)NCCCN2CCC(c3ccc(F)cc3)CC2)[C@H]1c1ccc(F)c(F)c1"
"CHEMBL305660","Histamine H2 receptor","Unspecified","Ki","DRUGMATRIX: Histamine H2 radioligand binding (ligand: [125I] Aminopotentidine)",2867.1,"CC(C)(C)c1ccc(C(=O)CCCN2CCC(OC(c3ccccc3)c3ccccc3)CC2)cc1"
"CHEMBL63002","Histamine H2 receptor","Bioorg. Med. Chem. Lett., (2002) 12:15:2035","Ki","Binding affinity towards Histamine H2 receptor from human membranes",15135.61,"N[C@H](Cc1cc2ccccc2s1)C(=O)N1CCN(CCCOc2ccc(C(=O)C3CC3)cc2)CC1"
"CHEMBL63125","Histamine H2 receptor","Bioorg. Med. Chem. Lett., (2002) 12:15:2035","Ki","Binding affinity towards Histamine H2 receptor from human membranes",10715.19,"CCCCCC(=O)c1ccc(OCCCN2CCN(C(=O)[C@@H](C)NC(=O)OC(C)(C)C)CC2)cc1"
"CHEMBL64120","Histamine H2 receptor","Bioorg. Med. Chem. Lett., (2002) 12:15:2035","Ki","Binding affinity towards Histamine H2 receptor from human membranes",50118.72,"CC(C)(C)OC(=O)N1CCC[C@@H]1C(=O)N1CCN(CCCOc2ccc(C(=O)C3CC3)cc2)CC1"
"CHEMBL1080735","Histamine H2 receptor","Bioorg. Med. Chem. Lett., (2010) 20:5:1758","Ki","Inhibition of histamine H2 receptor",10000.0,"C[C@H]1CN(C(=O)c2ccc(-c3ccccc3C(F)(F)F)cc2)CCN1C(=O)c1ccc2cc[nH]c2c1"
"CHEMBL1082209","Histamine H2 receptor","Bioorg. Med. Chem. Lett., (2010) 20:5:1758","Ki","Inhibition of histamine H2 receptor",10000.0,"C[C@H]1CN(C(=O)c2ccc(-c3cccc(C(F)(F)F)c3)cc2)CCN1C(=O)c1ccc2cc[nH]c2c1"
"CHEMBL295698","Histamine H2 receptor","Unspecified","Ki","DRUGMATRIX: Histamine H2 radioligand binding (ligand: [125I] Aminopotentidine)",21507.0,"CC(=O)N1CCN(c2ccc(OC[C@@H]3CO[C@@](Cn4ccnc4)(c4ccc(Cl)cc4Cl)O3)cc2)CC1"
"CHEMBL474991","Histamine H2 receptor","J. Med. Chem., (2009) 52:7:2148","Ki","Inhibition of human histamine H2 receptor",850.0,"CC(C)(C)c1ccc(-c2nc3c(N4CCN(Cc5ccc6nccnc6c5)CC4)cccc3[nH]2)cc1"
"CHEMBL60837","Histamine H2 receptor","Bioorg. Med. Chem. Lett., (2002) 12:15:2035","Ki","Binding affinity towards Histamine H2 receptor from human membranes",22908.68,"CCCCCC(=O)c1ccc(OCCCN2CCN(C(=O)[C@@H](CO)NC(=O)OC(C)(C)C)CC2)cc1"
"CHEMBL63003","Histamine H2 receptor","Bioorg. Med. Chem. Lett., (2002) 12:15:2035","Ki","Binding affinity towards Histamine H2 receptor from human membranes",20892.96,"N[C@H](Cc1cccc2ccccc12)C(=O)N1CCN(CCCOc2ccc(C(=O)C3CC3)cc2)CC1"
"CHEMBL1080155","Histamine H2 receptor","Bioorg. Med. Chem. Lett., (2010) 20:5:1758","Ki","Inhibition of histamine H2 receptor",10000.0,"C[C@H]1CN(C(=O)c2ccc(-c3cccc(OC(F)(F)F)c3)cc2)CCN1C(=O)c1ccc2cc[nH]c2c1"
"CHEMBL1080755","Histamine H2 receptor","Bioorg. Med. Chem. Lett., (2010) 20:5:1758","Ki","Inhibition of histamine H2 receptor",10000.0,"C[C@H]1CN(C(=O)c2ccc(-c3ccc(OC(F)(F)F)cc3)cc2)CCN1C(=O)c1ccc2cc[nH]c2c1"
"CHEMBL2426097","Histamine H2 receptor","J. Med. Chem., (2013) 56:16:6434","Ki","Inhibition of histamine H2 receptor (unknown origin)",10000.0,"O=C(O)CCC(=O)N1N=C(c2c(-c3ccc(Cl)cc3)c3ccccc3[nH]c2=O)CC1c1ccc(Cl)cc1"
"CHEMBL312958","Histamine H2 receptor","Bioorg. Med. Chem. Lett., (2002) 12:15:2035","Ki","Binding affinity towards Histamine H2 receptor from human membranes",12589.25,"CCCCCC(=O)c1ccc(OCCCN2CCN(C(=O)[C@@H](NC(=O)OC(C)(C)C)C(C)C)CC2)cc1"
"CHEMBL60598","Histamine H2 receptor","Bioorg. Med. Chem. Lett., (2002) 12:15:2035","Ki","Binding affinity towards Histamine H2 receptor from human membranes",13489.63,"CCCCCC(=O)c1ccc(OCCCN2CCN(C(=O)[C@H](NC(=O)OC(C)(C)C)C(C)C)CC2)cc1"
"CHEMBL941","Histamine H2 receptor","Unspecified","Ki","DRUGMATRIX: Histamine H2 radioligand binding (ligand: [125I] Aminopotentidine)",1930.0,"Cc1ccc(NC(=O)c2ccc(CN3CCN(C)CC3)cc2)cc1Nc1nccc(-c2cccnc2)n1"
"CHEMBL59870","Histamine H2 receptor","Bioorg. Med. Chem. Lett., (2002) 12:15:2035","Ki","Binding affinity towards Histamine H2 receptor from human membranes",4466.84,"CCCCCC(=O)c1ccc(OCCCN2CCN(C(=O)[C@@H](CC(C)C)NC(=O)OC(C)(C)C)CC2)cc1"
"CHEMBL60189","Histamine H2 receptor","Bioorg. Med. Chem. Lett., (2002) 12:15:2035","Ki","Binding affinity towards Histamine H2 receptor from human membranes",20417.38,"N[C@H](Cc1ccc(-c2ccccc2)cc1)C(=O)N1CCN(CCCOc2ccc(C(=O)C3CC3)cc2)CC1"
"CHEMBL63112","Histamine H2 receptor","Bioorg. Med. Chem. Lett., (2002) 12:15:2035","Ki","Binding affinity towards Histamine H2 receptor from human membranes",3467.37,"CCCCCC(=O)c1ccc(OCCCN2CCN(C(=O)[C@H](CC(C)C)NC(=O)OC(C)(C)C)CC2)cc1"
"CHEMBL2207642","Histamine H2 receptor","Bioorg. Med. Chem. Lett., (2012) 22:23:7151","Ki","Displacement of [3H]URDE257 from human histamine H2 receptor expressed in insect Sf9 cell membrane preparation after 60 mins by scintillation counting analysis",460.0,"COc1ccccc1N1CCN(Cc2cc(CN3CCN(c4ccc(Cl)cc4)CC3)c3cccccc2-3)CC1"
"CHEMBL60143","Histamine H2 receptor","Bioorg. Med. Chem. Lett., (2002) 12:15:2035","Ki","Binding affinity towards Histamine H2 receptor from human membranes",10000.0,"CC(C)(C)OC(=O)N[C@H](Cc1ccccc1)C(=O)N1CCN(CCCOc2ccc(C(=O)C3CC3)cc2)CC1"
"CHEMBL2207641","Histamine H2 receptor","Bioorg. Med. Chem. Lett., (2012) 22:23:7151","Ki","Displacement of [3H]URDE257 from human histamine H2 receptor expressed in insect Sf9 cell membrane preparation after 60 mins by scintillation counting analysis",530.0,"COc1ccccc1N1CCN(Cc2cc(CN3CCN(c4ccccc4OC)CC3)c3cccccc2-3)CC1"
"CHEMBL210514","Histamine H2 receptor","J. Med. Chem., (2006) 49:11:3362","Ki","Binding affinity to H2 receptor",1220.0,"COc1nc(NCCCN2CCOCC2)nc(OC)c1NC(=O)c1ccc(Oc2cc3c(cc2C)CCC3(C)C)o1"
"CHEMBL62266","Histamine H2 receptor","Bioorg. Med. Chem. Lett., (2002) 12:15:2035","Ki","Binding affinity towards Histamine H2 receptor from human membranes",14791.08,"CCCCCC(=O)c1ccc(OCCCN2CCN(C(=O)[C@H](Cc3ccncc3)NC(=O)OC(C)(C)C)CC2)cc1"
"CHEMBL62903","Histamine H2 receptor","Bioorg. Med. Chem. Lett., (2002) 12:15:2035","Ki","Binding affinity towards Histamine H2 receptor from human membranes",12022.64,"CCCCCC(=O)c1ccc(OCCCN2CCN(C(=O)[C@@H](Cc3ccncc3)NC(=O)OC(C)(C)C)CC2)cc1"
"CHEMBL147077","Histamine H2 receptor","J. Med. Chem., (1998) 41:26:5320","Ki","Binding affinity for recombinant human Histamine H2 receptor using [3H]tiotidine as radioligand.",10000.0,"CNC(=O)C1=C(C)NC(C)=C(C(=O)NCCCN2CCC(C(=O)OC)(c3ccccc3)CC2)C1c1ccc([N+](=O)[O-])cc1"
"CHEMBL158595","Histamine H2 receptor","Bioorg. Med. Chem. Lett., (2004) 14:3:673","Ki","Binding affinity towards histamine H2 receptor of human colon cells was determined",10000.0,"C[C@@H](NC(=O)c1ccc(N(C)C)cc1)C(=O)N1CCN(CCCOc2ccc(-c3noc(CC4CCCC4)n3)c(F)c2)CC1"
"CHEMBL1630578","Histamine H2 receptor","Unspecified","Ki","DRUGMATRIX: Histamine H2 radioligand binding (ligand: [125I] Aminopotentidine)",13884.0,"C[C@@H]1C[C@H]2[C@@H]3CCC4=CC(=O)C=C[C@]4(C)C3=CC[C@]2(C)[C@H]1C(=O)CN1CCN(c2cc(N3CCCC3)nc(N3CCCC3)n2)CC1"
